CustomerID,Recency,Frequency,Monetary,FirstPurchase,LastPurchase,CountryMode,CustomerTenureDays,AverageBasket,Cluster,segment_name
12346,326,12,77556.46,2009-12-14 08:34:00,2011-01-18 10:01:00,United Kingdom,726,6463.038333333334,2,Actifs à montant élevé
12347,2,8,5633.32,2010-10-31 14:20:00,2011-12-07 15:52:00,Iceland,404,704.165,0,Champions
12348,75,5,2019.4,2010-09-27 14:59:00,2011-09-25 13:13:00,Finland,438,403.88,2,Actifs à montant élevé
12349,19,4,4428.69,2010-04-29 13:20:00,2011-11-21 09:51:00,Italy,589,1107.1725,2,Actifs à montant élevé
12350,310,1,334.4,2011-02-02 16:01:00,2011-02-02 16:01:00,Norway,310,334.4,1,Achats anciens à faible montant
12351,375,1,300.93,2010-11-29 15:23:00,2010-11-29 15:23:00,Unspecified,375,300.93,1,Achats anciens à faible montant
12352,36,10,2849.84,2010-11-12 10:20:00,2011-11-03 14:37:00,Norway,393,284.98400000000004,2,Actifs à montant élevé
12353,204,2,406.76,2010-10-27 12:44:00,2011-05-19 17:47:00,Bahrain,409,203.38,1,Achats anciens à faible montant
12354,232,1,1079.4,2011-04-21 13:11:00,2011-04-21 13:11:00,Spain,232,1079.4,4,Achats anciens
12355,214,2,947.61,2010-05-21 11:59:00,2011-05-09 13:49:00,Bahrain,568,473.805,4,Achats anciens
12356,23,6,6371.73,2010-10-11 09:42:00,2011-11-17 08:40:00,Portugal,425,1061.955,2,Actifs à montant élevé
12357,33,3,18287.66,2010-11-16 10:05:00,2011-11-06 16:07:00,Switzerland,389,6095.886666666666,2,Actifs à montant élevé
12358,2,5,3887.07,2009-12-08 07:59:00,2011-12-08 10:26:00,Austria,732,777.414,2,Actifs à montant élevé
12359,58,10,8873.39,2009-12-05 13:32:00,2011-10-13 12:47:00,Cyprus,734,887.3389999999999,2,Actifs à montant élevé
12360,52,8,4252.89,2010-02-22 09:32:00,2011-10-18 15:22:00,Austria,656,531.61125,2,Actifs à montant élevé
12361,287,4,511.25,2010-01-26 14:37:00,2011-02-25 13:51:00,Belgium,682,127.8125,4,Achats anciens
12362,3,11,5356.23,2009-12-01 10:10:00,2011-12-06 15:40:00,Belgium,739,486.92999999999995,0,Champions
12363,110,2,552.0,2011-04-11 13:29:00,2011-08-22 10:18:00,Unspecified,242,276.0,4,Achats anciens
12364,8,4,1313.1,2011-08-19 15:24:00,2011-12-02 10:22:00,Belgium,112,328.275,3,Achats récents occasionnels
12365,291,2,641.38,2011-02-21 13:51:00,2011-02-21 14:04:00,Cyprus,291,320.69,4,Achats anciens
12366,634,1,500.24,2010-03-16 10:28:00,2010-03-16 10:28:00,Cyprus,634,500.24,1,Achats anciens à faible montant
12367,4,1,168.9,2011-12-05 16:48:00,2011-12-05 16:48:00,Denmark,4,168.9,3,Achats récents occasionnels
12368,628,1,917.6999999999999,2010-03-21 15:56:00,2010-03-21 15:56:00,Cyprus,628,917.6999999999999,4,Achats anciens
12369,413,3,1791.15,2010-03-08 08:09:00,2010-10-22 13:13:00,Austria,642,597.0500000000001,4,Achats anciens
12370,51,7,4316.56,2010-02-09 09:41:00,2011-10-19 14:51:00,Cyprus,669,616.6514285714286,2,Actifs à montant élevé
12371,45,5,4067.38,2010-03-04 18:23:00,2011-10-26 10:16:00,Switzerland,645,813.476,2,Actifs à montant élevé
12372,72,3,1298.04,2011-02-16 12:46:00,2011-09-29 12:12:00,Denmark,297,432.68,4,Achats anciens
12373,311,3,1127.65,2010-02-04 12:08:00,2011-02-01 13:10:00,Austria,674,375.8833333333334,4,Achats anciens
12374,25,4,2989.2200000000003,2010-04-30 14:01:00,2011-11-14 15:37:00,Austria,588,747.3050000000001,2,Actifs à montant élevé
12375,11,2,457.5,2011-09-02 14:23:00,2011-11-29 10:36:00,Finland,98,228.75,3,Achats récents occasionnels
12376,390,2,503.15,2010-10-18 08:42:00,2010-11-15 12:15:00,Switzerland,418,251.575,4,Achats anciens
12377,315,4,3426.32,2010-04-29 15:34:00,2011-01-28 15:45:00,Switzerland,589,856.58,4,Achats anciens
12378,130,2,5416.32,2010-05-26 14:07:00,2011-08-02 10:34:00,Switzerland,562,2708.16,4,Achats anciens
12379,82,4,1620.22,2010-06-23 12:49:00,2011-09-19 10:09:00,Belgium,535,405.055,4,Achats anciens
12380,22,11,9676.300000000001,2010-02-15 12:05:00,2011-11-18 11:27:00,Belgium,663,879.6636363636364,0,Champions
12381,5,5,1845.31,2011-08-12 09:57:00,2011-12-05 12:44:00,Norway,120,369.062,2,Actifs à montant élevé
12383,185,5,1850.56,2010-12-22 14:28:00,2011-06-08 08:02:00,Belgium,352,370.11199999999997,4,Achats anciens
12384,29,2,585.27,2011-08-10 11:23:00,2011-11-11 08:39:00,Switzerland,122,292.635,3,Achats récents occasionnels
12385,379,1,1938.4,2010-11-25 15:14:00,2010-11-25 15:14:00,Belgium,379,1938.4,4,Achats anciens
12386,338,2,660.8,2010-12-08 09:53:00,2011-01-06 12:37:00,Australia,367,330.4,4,Achats anciens
12387,415,1,143.94,2010-10-20 16:27:00,2010-10-20 16:27:00,Australia,415,143.94,1,Achats anciens à faible montant
12388,16,8,3901.11,2010-05-06 12:54:00,2011-11-24 12:30:00,Australia,582,487.63875,2,Actifs à montant élevé
12389,403,3,1433.33,2010-02-22 10:15:00,2010-11-02 11:52:00,Australia,656,477.77666666666664,4,Achats anciens
12390,80,1,549.84,2011-09-21 09:33:00,2011-09-21 09:33:00,Belgium,80,549.84,3,Achats récents occasionnels
12391,22,6,2724.84,2010-02-15 10:12:00,2011-11-18 12:07:00,Cyprus,663,454.14000000000004,2,Actifs à montant élevé
12392,591,1,234.75000000000003,2010-04-27 14:04:00,2010-04-27 14:04:00,Australia,591,234.75000000000003,1,Achats anciens à faible montant
12393,72,6,2399.4500000000003,2010-10-07 13:49:00,2011-09-28 15:41:00,Australia,428,399.90833333333336,2,Actifs à montant élevé
12394,64,2,1272.48,2011-05-06 14:01:00,2011-10-07 08:08:00,Belgium,217,636.24,3,Achats récents occasionnels
12395,19,15,5067.27,2010-04-16 10:16:00,2011-11-20 15:21:00,Belgium,603,337.81800000000004,0,Champions
12396,674,1,931.43,2010-02-03 13:22:00,2010-02-03 13:22:00,RSA,674,931.43,4,Achats anciens
12397,36,2,2409.9,2011-07-27 14:21:00,2011-11-04 09:52:00,Belgium,135,1204.95,3,Achats récents occasionnels
12398,46,1,1635.6599999999999,2011-10-25 10:27:00,2011-10-25 10:27:00,Switzerland,46,1635.6599999999999,3,Achats récents occasionnels
12399,119,7,1962.3,2010-03-05 08:45:00,2011-08-12 13:15:00,Belgium,645,280.3285714285714,2,Actifs à montant élevé
12400,414,1,205.25,2010-10-21 13:45:00,2010-10-21 13:45:00,Australia,414,205.25,1,Achats anciens à faible montant
12401,303,1,84.3,2011-02-09 13:50:00,2011-02-09 13:50:00,Belgium,303,84.3,1,Achats anciens à faible montant
12402,323,6,1256.9,2010-02-07 12:41:00,2011-01-20 13:49:00,Belgium,671,209.48333333333335,4,Achats anciens
12403,50,2,1019.36,2010-07-06 11:39:00,2011-10-21 10:51:00,Denmark,522,509.68,3,Achats récents occasionnels
12404,682,1,63.24,2010-01-26 16:25:00,2010-01-26 16:25:00,Finland,682,63.24,1,Achats anciens à faible montant
12405,149,1,1710.39,2011-07-14 08:52:00,2011-07-14 08:52:00,Finland,149,1710.39,4,Achats anciens
12406,22,5,6390.36,2010-01-11 14:04:00,2011-11-17 19:22:00,Denmark,697,1278.072,2,Actifs à montant élevé
12407,50,5,1708.1200000000001,2011-03-20 13:21:00,2011-10-21 10:11:00,Belgium,264,341.624,2,Actifs à montant élevé
12408,33,8,4340.7699999999995,2010-07-29 13:27:00,2011-11-07 12:27:00,Belgium,498,542.5962499999999,2,Actifs à montant élevé
12409,79,7,23419.29,2010-05-23 15:21:00,2011-09-22 10:38:00,Switzerland,565,3345.612857142857,2,Actifs à montant élevé
12410,309,3,1013.71,2010-07-25 13:26:00,2011-02-04 10:39:00,Switzerland,502,337.90333333333336,4,Achats anciens
12411,410,1,346.9,2010-10-26 09:25:00,2010-10-26 09:25:00,Australia,410,346.9,1,Achats anciens à faible montant
12412,75,6,2596.93,2010-06-18 13:22:00,2011-09-26 10:16:00,Denmark,539,432.82166666666666,2,Actifs à montant élevé
12413,67,4,999.45,2010-11-02 13:26:00,2011-10-04 09:00:00,France,402,249.8625,4,Achats anciens
12414,217,6,952.41,2010-09-02 12:22:00,2011-05-06 14:51:00,Austria,464,158.73499999999999,4,Achats anciens
12415,24,28,144458.37,2010-06-30 08:30:00,2011-11-15 14:22:00,Australia,528,5159.2275,0,Champions
12416,657,1,202.56,2010-02-21 10:19:00,2010-02-21 10:19:00,Australia,657,202.56,1,Achats anciens à faible montant
12417,3,20,6797.41,2009-12-06 10:30:00,2011-12-06 14:52:00,Belgium,734,339.8705,0,Champions
12418,113,4,2021.2,2010-03-19 14:47:00,2011-08-19 11:08:00,Switzerland,630,505.3,4,Achats anciens
12419,386,2,503.01,2010-10-22 10:40:00,2010-11-19 10:04:00,Spain,414,251.505,4,Achats anciens
12420,64,1,600.39,2011-10-07 08:55:00,2011-10-07 08:55:00,Cyprus,64,600.39,3,Achats récents occasionnels
12421,16,6,1098.6,2010-07-22 13:57:00,2011-11-24 09:07:00,Spain,505,183.1,2,Actifs à montant élevé
12422,96,17,5231.8,2009-12-18 12:44:00,2011-09-05 09:48:00,Switzerland,722,307.7529411764706,2,Actifs à montant élevé
12423,1,10,2622.39,2010-08-31 09:31:00,2011-12-09 10:10:00,Belgium,466,262.239,0,Champions
12424,163,4,3340.03,2010-06-09 15:15:00,2011-06-30 12:06:00,Australia,548,835.0075,4,Achats anciens
12425,78,2,1741.41,2010-09-17 14:10:00,2011-09-22 17:31:00,Portugal,448,870.705,4,Achats anciens
12426,195,2,1345.21,2010-02-15 08:41:00,2011-05-29 12:26:00,Germany,663,672.605,4,Achats anciens
12427,22,3,1129.3,2010-12-03 10:44:00,2011-11-18 08:56:00,Germany,372,376.43333333333334,3,Achats récents occasionnels
12428,26,9,7956.46,2011-03-01 09:33:00,2011-11-14 08:22:00,Finland,284,884.0511111111111,2,Actifs à montant élevé
12429,9,8,7485.91,2010-06-11 13:28:00,2011-11-30 17:22:00,Denmark,546,935.73875,2,Actifs à montant élevé
12430,43,1,256.4,2011-10-27 15:09:00,2011-10-27 15:09:00,Norway,43,256.4,3,Achats récents occasionnels
12431,36,27,10790.47,2010-01-15 09:04:00,2011-11-04 11:55:00,Australia,694,399.647037037037,0,Champions
12432,43,5,5059.32,2011-06-20 13:27:00,2011-10-28 11:43:00,Norway,172,1011.8639999999999,2,Actifs à montant élevé
12433,1,10,20581.26,2010-08-20 09:23:00,2011-12-09 10:02:00,Norway,477,2058.1259999999997,0,Champions
12434,85,3,1103.43,2010-11-23 13:38:00,2011-09-16 12:38:00,Australia,381,367.81,4,Achats anciens
12435,80,6,13925.93,2009-12-02 13:58:00,2011-09-21 09:06:00,Denmark,737,2320.9883333333332,2,Actifs à montant élevé
12436,100,1,509.01,2011-09-01 12:09:00,2011-09-01 12:09:00,Norway,100,509.01,1,Achats anciens à faible montant
12437,2,39,12683.4,2009-12-02 16:24:00,2011-12-08 11:35:00,France,737,325.2153846153846,0,Champions
12438,14,2,2906.85,2011-07-22 13:29:00,2011-11-25 13:28:00,Norway,140,1453.425,3,Achats récents occasionnels
12439,683,2,1142.88,2009-12-14 08:40:00,2010-01-26 12:11:00,Cyprus,726,571.44,4,Achats anciens
12440,462,2,859.2,2009-12-22 12:03:00,2010-09-03 13:11:00,Austria,718,429.6,4,Achats anciens
12441,367,1,347.1,2010-12-08 10:45:00,2010-12-08 10:45:00,France,367,347.1,1,Achats anciens à faible montant
12442,3,1,172.06,2011-12-06 14:22:00,2011-12-06 14:22:00,Spain,3,172.06,3,Achats récents occasionnels
12443,732,1,485.31,2009-12-07 15:42:00,2009-12-07 15:42:00,Norway,732,485.31,1,Achats anciens à faible montant
12444,21,5,5005.46,2011-06-21 14:00:00,2011-11-18 13:23:00,Norway,171,1001.092,2,Actifs à montant élevé
12445,22,2,434.98,2010-10-15 12:28:00,2011-11-17 18:43:00,Spain,421,217.49,3,Achats récents occasionnels
12446,58,1,1002.3100000000001,2011-10-13 12:50:00,2011-10-13 12:50:00,RSA,58,1002.3100000000001,3,Achats récents occasionnels
12447,243,1,476.49,2011-04-10 13:25:00,2011-04-10 13:25:00,Belgium,243,476.49,1,Achats anciens à faible montant
12448,44,1,449.45,2011-10-26 13:46:00,2011-10-26 13:46:00,Spain,44,449.45,3,Achats récents occasionnels
12449,22,6,4835.89,2010-09-27 09:37:00,2011-11-17 13:46:00,Belgium,439,805.9816666666667,2,Actifs à montant élevé
12450,156,5,688.2,2010-08-22 13:11:00,2011-07-06 14:41:00,Spain,474,137.64000000000001,4,Achats anciens
12451,11,8,12669.88,2010-06-28 12:58:00,2011-11-29 08:40:00,Switzerland,529,1583.735,0,Champions
12452,17,2,430.57,2011-11-23 08:05:00,2011-11-23 10:28:00,Switzerland,17,215.285,3,Achats récents occasionnels
12453,134,1,707.09,2011-07-28 14:08:00,2011-07-28 14:08:00,Austria,134,707.09,4,Achats anciens
12454,56,5,16679.78,2010-10-14 17:33:00,2011-10-14 17:13:00,Spain,421,3335.9559999999997,2,Actifs à montant élevé
12455,73,10,5879.95,2009-12-18 12:33:00,2011-09-27 15:31:00,Cyprus,722,587.995,2,Actifs à montant élevé
12456,44,3,3181.04,2011-03-30 09:12:00,2011-10-26 14:41:00,Switzerland,255,1060.3466666666666,2,Actifs à montant élevé
12457,66,8,2995.91,2010-09-30 17:59:00,2011-10-04 13:13:00,Switzerland,435,374.48875,2,Actifs à montant élevé
12458,71,4,1777.49,2010-08-09 10:33:00,2011-09-29 15:25:00,Switzerland,488,444.3725,2,Actifs à montant élevé
12459,605,1,454.36,2010-04-13 14:53:00,2010-04-13 14:53:00,Spain,605,454.36,1,Achats anciens à faible montant
12460,456,1,326.65,2010-09-09 13:51:00,2010-09-09 13:51:00,Belgium,456,326.65,1,Achats anciens à faible montant
12461,94,2,826.88,2011-07-08 10:23:00,2011-09-06 16:57:00,Switzerland,155,413.44,4,Achats anciens
12462,19,2,1189.59,2011-02-09 14:44:00,2011-11-21 09:11:00,Spain,303,594.795,3,Achats récents occasionnels
12463,53,4,1344.78,2011-04-12 12:47:00,2011-10-17 13:44:00,Belgium,242,336.195,2,Actifs à montant élevé
12464,10,8,1212.05,2011-02-03 13:30:00,2011-11-29 13:33:00,Belgium,309,151.50625,2,Actifs à montant élevé
12465,17,2,742.1899999999999,2011-06-23 13:37:00,2011-11-22 16:34:00,Belgium,169,371.09499999999997,3,Achats récents occasionnels
12466,682,1,56.73,2010-01-26 16:26:00,2010-01-26 16:26:00,France,682,56.73,1,Achats anciens à faible montant
12467,423,1,132.8,2010-10-12 15:41:00,2010-10-12 15:41:00,USA,423,132.8,1,Achats anciens à faible montant
12468,188,5,3670.74,2010-01-26 10:09:00,2011-06-05 11:36:00,Germany,683,734.1479999999999,4,Achats anciens
12469,523,2,3070.54,2010-06-21 10:30:00,2010-07-05 12:40:00,Thailand,537,1535.27,4,Achats anciens
12470,690,1,211.95,2010-01-19 11:01:00,2010-01-19 11:01:00,Unspecified,690,211.95,1,Achats anciens à faible montant
12471,2,79,39918.19,2009-12-07 10:41:00,2011-12-07 15:43:00,Germany,733,505.2935443037975,0,Champions
12472,32,19,17880.59,2009-12-14 10:49:00,2011-11-07 14:01:00,Germany,726,941.0836842105264,0,Champions
12473,29,5,3928.0499999999997,2011-06-01 10:15:00,2011-11-10 13:46:00,Germany,192,785.6099999999999,2,Actifs à montant élevé
12474,17,31,12372.75,2010-02-11 09:41:00,2011-11-22 14:39:00,Germany,667,399.1209677419355,0,Champions
12475,54,2,1149.64,2010-10-26 08:49:00,2011-10-17 10:10:00,Germany,410,574.82,3,Achats récents occasionnels
12476,16,23,14083.91,2010-07-26 09:04:00,2011-11-24 12:40:00,Germany,502,612.3439130434782,0,Champions
12477,23,9,20276.37,2010-03-26 14:01:00,2011-11-17 09:51:00,Germany,623,2252.93,0,Champions
12478,4,1,680.99,2011-12-06 09:56:00,2011-12-06 09:56:00,Greece,4,680.99,3,Achats récents occasionnels
12479,11,1,527.2,2011-11-28 13:26:00,2011-11-28 13:26:00,Germany,11,527.2,3,Achats récents occasionnels
12480,28,7,5464.85,2010-07-20 13:21:00,2011-11-11 14:52:00,Germany,507,780.6928571428572,2,Actifs à montant élevé
12481,23,15,12344.89,2010-04-11 13:10:00,2011-11-17 08:29:00,Germany,607,822.9926666666667,0,Champions
12482,576,29,23691.4,2010-02-24 10:24:00,2010-05-12 16:51:00,Sweden,654,816.944827586207,0,Champions
12483,17,19,5097.18,2010-01-31 13:28:00,2011-11-22 17:02:00,Sweden,677,268.27263157894737,0,Champions
12484,33,12,6354.1,2010-01-27 16:41:00,2011-11-07 11:37:00,Spain,681,529.5083333333333,2,Actifs à montant élevé
12485,529,1,708.1,2010-06-28 15:22:00,2010-06-28 15:22:00,Sweden,529,708.1,1,Achats anciens à faible montant
12486,432,1,1037.28,2010-10-04 12:14:00,2010-10-04 12:14:00,Sweden,432,1037.28,4,Achats anciens
12487,731,1,285.29999999999995,2009-12-09 11:36:00,2009-12-09 11:36:00,Sweden,731,285.29999999999995,1,Achats anciens à faible montant
12488,10,3,1298.66,2011-09-25 10:34:00,2011-11-30 08:50:00,France,76,432.8866666666667,3,Achats récents occasionnels
12489,336,1,334.93,2011-01-07 13:13:00,2011-01-07 13:13:00,France,336,334.93,1,Achats anciens à faible montant
12490,5,21,9823.64,2009-12-01 12:52:00,2011-12-04 16:07:00,France,738,467.79238095238094,0,Champions
12491,39,1,460.40000000000003,2011-11-01 12:18:00,2011-11-01 12:18:00,France,39,460.40000000000003,3,Achats récents occasionnels
12492,63,3,715.21,2010-11-01 14:58:00,2011-10-07 15:15:00,Germany,403,238.40333333333334,3,Achats récents occasionnels
12493,166,2,433.74,2011-05-26 14:53:00,2011-06-27 10:17:00,France,197,216.87,1,Achats anciens à faible montant
12494,16,9,1872.8700000000001,2010-05-12 13:52:00,2011-11-24 09:34:00,France,576,208.0966666666667,2,Actifs à montant élevé
12495,641,1,357.4,2010-03-09 10:53:00,2010-03-09 10:53:00,Sweden,641,357.4,1,Achats anciens à faible montant
12496,620,2,45.34,2010-03-29 13:57:00,2010-03-29 14:06:00,Spain,620,22.67,1,Achats anciens à faible montant
12497,82,3,6248.5,2010-03-05 09:39:00,2011-09-19 12:29:00,Germany,645,2082.8333333333335,2,Actifs à montant élevé
12498,21,3,403.70000000000005,2011-10-13 09:30:00,2011-11-18 12:53:00,Germany,58,134.5666666666667,3,Achats récents occasionnels
12499,560,1,393.72,2010-05-28 15:12:00,2010-05-28 15:12:00,Germany,560,393.72,1,Achats anciens à faible montant
12500,23,19,5955.21,2010-02-04 15:05:00,2011-11-16 16:20:00,Germany,673,313.4321052631579,0,Champions
12501,337,1,2169.39,2011-01-07 12:28:00,2011-01-07 12:28:00,Germany,337,2169.39,4,Achats anciens
12502,96,5,3723.87,2011-02-03 10:41:00,2011-09-05 11:52:00,Spain,310,744.774,2,Actifs à montant élevé
12503,584,1,1126.0,2010-05-04 13:59:00,2010-05-04 13:59:00,Spain,584,1126.0,4,Achats anciens
12504,18,4,779.05,2010-04-22 10:24:00,2011-11-21 16:02:00,Germany,597,194.7625,3,Achats récents occasionnels
12505,409,1,955.2,2010-10-27 09:18:00,2010-10-27 09:18:00,Italy,409,955.2,4,Achats anciens
12506,233,1,73.5,2011-04-21 08:54:00,2011-04-21 08:54:00,France,233,73.5,1,Achats anciens à faible montant
12507,134,4,1844.06,2010-05-04 09:23:00,2011-07-28 17:09:00,Spain,585,461.015,4,Achats anciens
12508,26,2,397.88,2011-11-10 16:27:00,2011-11-13 15:37:00,France,29,198.94,3,Achats récents occasionnels
12509,284,1,176.5,2011-02-28 14:45:00,2011-02-28 14:45:00,France,284,176.5,1,Achats anciens à faible montant
12510,143,9,5178.02,2009-12-04 13:47:00,2011-07-20 10:15:00,Spain,735,575.3355555555556,2,Actifs à montant élevé
12511,429,1,3084.02,2010-10-07 10:39:00,2010-10-07 10:39:00,Greece,429,3084.02,4,Achats anciens
12512,66,2,132.18,2011-10-04 14:53:00,2011-10-04 14:55:00,Israel,66,66.09,1,Achats anciens à faible montant
12513,113,1,612.29,2011-08-19 10:51:00,2011-08-19 10:51:00,France,113,612.29,1,Achats anciens à faible montant
12514,267,2,1597.76,2010-03-08 12:18:00,2011-03-17 16:38:00,Italy,642,798.88,4,Achats anciens
12515,353,1,383.7,2010-12-21 15:43:00,2010-12-21 15:43:00,Italy,353,383.7,1,Achats anciens à faible montant
12516,78,4,2648.62,2010-04-19 14:14:00,2011-09-23 09:13:00,Germany,599,662.155,2,Actifs à montant élevé
12517,28,5,2481.6,2011-06-02 15:13:00,2011-11-11 14:04:00,Germany,190,496.32,2,Actifs à montant élevé
12518,1,5,2056.89,2011-08-21 13:18:00,2011-12-09 10:13:00,Germany,110,411.378,2,Actifs à montant élevé
12519,64,2,716.54,2010-08-20 08:21:00,2011-10-07 09:26:00,Germany,477,358.27,3,Achats récents occasionnels
12520,79,5,2634.26,2011-03-11 11:35:00,2011-09-21 15:23:00,Germany,274,526.8520000000001,2,Actifs à montant élevé
12521,143,1,599.68,2011-07-20 10:51:00,2011-07-20 10:51:00,Germany,143,599.68,1,Achats anciens à faible montant
12522,39,2,192.72,2011-10-19 14:41:00,2011-10-31 15:30:00,Germany,51,96.36,3,Achats récents occasionnels
12523,19,23,4352.35,2009-12-07 13:46:00,2011-11-20 12:55:00,France,732,189.2326086956522,0,Champions
12524,9,17,11126.11,2010-02-08 14:41:00,2011-11-30 15:31:00,Germany,669,654.4770588235294,0,Champions
12525,498,3,973.73,2010-03-02 14:01:00,2010-07-29 16:08:00,France,647,324.57666666666665,4,Achats anciens
12526,1,3,1316.66,2011-09-06 14:19:00,2011-12-09 12:09:00,Germany,94,438.8866666666667,3,Achats récents occasionnels
12527,82,5,735.51,2010-06-28 15:37:00,2011-09-19 11:55:00,Germany,529,147.102,4,Achats anciens
12528,9,6,1933.48,2011-01-31 09:05:00,2011-11-30 14:40:00,Germany,313,322.24666666666667,2,Actifs à montant élevé
12529,528,1,316.48,2010-06-29 13:10:00,2010-06-29 13:10:00,France,528,316.48,1,Achats anciens à faible montant
12530,60,9,3759.26,2010-03-07 14:37:00,2011-10-11 12:34:00,Germany,642,417.6955555555556,2,Actifs à montant élevé
12531,15,2,1933.2,2010-01-22 14:17:00,2011-11-25 11:12:00,Germany,686,966.6,3,Achats récents occasionnels
12532,30,1,349.83000000000004,2011-11-09 13:47:00,2011-11-09 13:47:00,France,30,349.83000000000004,3,Achats récents occasionnels
12533,628,2,1367.89,2009-12-01 11:50:00,2010-03-22 10:56:00,Germany,739,683.945,4,Achats anciens
12534,131,1,1089.18,2011-08-01 10:26:00,2011-08-01 10:26:00,Germany,131,1089.18,4,Achats anciens
12535,92,2,716.35,2011-06-06 12:47:00,2011-09-09 08:48:00,France,187,358.175,4,Achats anciens
12536,43,3,12601.830000000002,2011-10-11 14:52:00,2011-10-27 14:20:00,France,59,4200.610000000001,2,Actifs à montant élevé
12537,409,1,732.94,2010-10-27 08:36:00,2010-10-27 08:36:00,Sweden,409,732.94,1,Achats anciens à faible montant
12538,29,2,640.45,2010-11-26 13:02:00,2011-11-10 17:16:00,Spain,378,320.225,3,Achats récents occasionnels
12539,22,7,11214.75,2009-12-23 13:00:00,2011-11-17 13:30:00,Spain,716,1602.107142857143,2,Actifs à montant élevé
12540,20,33,22254.49,2009-12-07 16:56:00,2011-11-20 11:31:00,Spain,732,674.3784848484848,0,Champions
12541,30,3,981.18,2011-03-04 09:32:00,2011-11-10 10:40:00,Spain,281,327.06,3,Achats récents occasionnels
12542,484,2,481.88,2010-03-09 16:26:00,2010-08-12 19:12:00,Spain,640,240.94,1,Achats anciens à faible montant
12543,448,1,980.25,2010-09-17 15:51:00,2010-09-17 15:51:00,Spain,448,980.25,4,Achats anciens
12544,36,1,372.7,2011-11-03 16:15:00,2011-11-03 16:15:00,Spain,36,372.7,3,Achats récents occasionnels
12545,75,2,1000.39,2011-03-25 12:04:00,2011-09-25 13:39:00,Spain,260,500.195,3,Achats récents occasionnels
12546,47,2,1161.5,2011-09-23 09:44:00,2011-10-24 12:09:00,Spain,78,580.75,3,Achats récents occasionnels
12547,198,3,383.58,2010-07-27 13:55:00,2011-05-26 12:38:00,Spain,500,127.86,4,Achats anciens
12548,166,1,95.19999999999999,2011-06-26 15:35:00,2011-06-26 15:35:00,Spain,166,95.19999999999999,1,Achats anciens à faible montant
12549,576,6,1575.68,2010-01-11 12:29:00,2010-05-13 12:05:00,USA,698,262.61333333333334,4,Achats anciens
12550,79,1,964.83,2011-09-21 14:35:00,2011-09-21 14:35:00,Spain,79,964.83,3,Achats récents occasionnels
12551,358,1,168.0,2010-12-17 11:23:00,2010-12-17 11:23:00,Spain,358,168.0,1,Achats anciens à faible montant
12552,39,2,437.82,2011-10-31 12:11:00,2011-11-01 10:02:00,Italy,40,218.91,3,Achats récents occasionnels
12553,8,12,4608.75,2010-10-12 13:35:00,2011-12-01 16:38:00,France,423,384.0625,0,Champions
12554,449,1,468.5,2010-09-17 12:29:00,2010-09-17 12:29:00,Spain,449,468.5,1,Achats anciens à faible montant
12555,682,1,129.23,2010-01-26 16:26:00,2010-01-26 16:26:00,Spain,682,129.23,1,Achats anciens à faible montant
12556,50,2,599.56,2011-07-11 13:35:00,2011-10-20 13:06:00,Spain,151,299.78,3,Achats récents occasionnels
12557,16,8,18716.14,2009-12-17 10:39:00,2011-11-23 16:59:00,Spain,723,2339.5175,0,Champions
12558,8,1,269.96,2011-12-02 10:41:00,2011-12-02 10:41:00,USA,8,269.96,3,Achats récents occasionnels
12559,311,2,561.71,2011-01-24 10:12:00,2011-02-02 09:49:00,Germany,320,280.855,4,Achats anciens
12560,5,3,2134.01,2011-07-19 15:55:00,2011-12-04 13:54:00,Germany,143,711.3366666666667,3,Achats récents occasionnels
12561,303,1,238.85,2011-02-10 11:39:00,2011-02-10 11:39:00,Germany,303,238.85,1,Achats anciens à faible montant
12562,8,9,4966.92,2010-09-30 13:13:00,2011-12-01 17:20:00,France,435,551.88,2,Actifs à montant élevé
12563,409,1,249.24,2010-10-27 09:52:00,2010-10-27 09:52:00,Italy,409,249.24,1,Achats anciens à faible montant
12564,261,1,456.9,2011-03-23 14:55:00,2011-03-23 14:55:00,France,261,456.9,1,Achats anciens à faible montant
12565,289,1,145.92,2011-02-24 10:34:00,2011-02-24 10:34:00,Saudi Arabia,289,145.92,1,Achats anciens à faible montant
12566,86,1,351.65,2011-09-14 14:30:00,2011-09-14 14:30:00,Germany,86,351.65,1,Achats anciens à faible montant
12567,23,15,13709.86,2010-02-11 10:30:00,2011-11-17 11:02:00,France,667,913.9906666666667,0,Champions
12568,645,1,70.0,2010-03-05 09:15:00,2010-03-05 09:15:00,Germany,645,70.0,1,Achats anciens à faible montant
12569,2,32,4124.69,2011-04-01 13:47:00,2011-12-07 16:24:00,Germany,252,128.8965625,0,Champions
12570,682,1,77.52,2010-01-26 17:28:00,2010-01-26 17:28:00,Spain,682,77.52,1,Achats anciens à faible montant
12571,40,2,519.61,2011-08-10 12:35:00,2011-10-31 10:19:00,France,122,259.805,3,Achats récents occasionnels
12572,9,2,1020.42,2011-10-19 08:20:00,2011-12-01 09:20:00,Germany,52,510.21,3,Achats récents occasionnels
12573,227,5,717.41,2010-08-31 17:25:00,2011-04-26 15:52:00,France,465,143.482,4,Achats anciens
12574,316,1,218.45,2011-01-28 09:20:00,2011-01-28 09:20:00,France,316,218.45,1,Achats anciens à faible montant
12575,457,2,622.8199999999999,2010-07-01 09:15:00,2010-09-08 13:09:00,France,527,311.40999999999997,4,Achats anciens
12576,36,8,2142.72,2010-07-01 13:46:00,2011-11-04 10:11:00,Poland,526,267.84,2,Actifs à montant élevé
12577,35,8,1617.1,2009-12-03 19:31:00,2011-11-04 13:24:00,France,736,202.1375,2,Actifs à montant élevé
12578,21,4,4642.45,2010-09-22 11:19:00,2011-11-18 13:30:00,Italy,444,1160.6125,2,Actifs à montant élevé
12579,78,1,440.42,2011-09-22 17:15:00,2011-09-22 17:15:00,France,78,440.42,3,Achats récents occasionnels
12580,247,2,1052.9,2010-05-12 11:45:00,2011-04-07 10:24:00,Germany,577,526.45,4,Achats anciens
12581,40,1,197.71,2011-10-31 08:56:00,2011-10-31 08:56:00,Germany,40,197.71,3,Achats récents occasionnels
12582,239,4,1980.4,2010-05-11 09:55:00,2011-04-15 08:45:00,Finland,578,495.1,4,Achats anciens
12583,3,27,14447.44,2009-12-06 11:57:00,2011-12-07 08:07:00,France,734,535.0903703703704,0,Champions
12584,4,9,2338.15,2011-03-04 15:15:00,2011-12-06 09:35:00,Italy,280,259.7944444444445,2,Actifs à montant élevé
12585,234,2,2040.1,2010-12-23 12:58:00,2011-04-19 13:39:00,Germany,351,1020.05,4,Achats anciens
12586,17,4,2062.67,2009-12-16 13:15:00,2011-11-22 16:24:00,Italy,723,515.6675,2,Actifs à montant élevé
12587,8,1,144.0,2011-12-02 12:47:00,2011-12-02 12:47:00,Finland,8,144.0,3,Achats récents occasionnels
12588,39,4,958.78,2010-04-21 12:22:00,2011-10-31 15:01:00,Finland,598,239.695,3,Achats récents occasionnels
12589,29,8,4695.66,2010-01-19 12:26:00,2011-11-11 10:19:00,France,690,586.9575,2,Actifs à montant élevé
12590,211,2,9864.26,2011-05-12 14:46:00,2011-05-12 14:52:00,Germany,211,4932.13,4,Achats anciens
12591,317,3,1338.95,2010-10-27 10:42:00,2011-01-26 14:35:00,Italy,409,446.31666666666666,4,Achats anciens
12592,92,5,2582.66,2010-07-08 14:06:00,2011-09-08 15:04:00,Germany,519,516.5319999999999,2,Actifs à montant élevé
12593,109,3,418.09999999999997,2011-05-05 09:29:00,2011-08-23 12:43:00,France,219,139.36666666666665,4,Achats anciens
12594,38,15,5090.110000000001,2010-03-03 13:51:00,2011-11-02 12:20:00,Italy,646,339.3406666666667,2,Actifs à montant élevé
12595,505,1,299.02,2010-07-23 09:10:00,2010-07-23 09:10:00,Germany,505,299.02,1,Achats anciens à faible montant
12596,51,2,618.27,2011-04-11 13:22:00,2011-10-19 13:02:00,Spain,242,309.135,3,Achats récents occasionnels
12597,19,4,3811.22,2011-03-16 14:00:00,2011-11-20 13:33:00,Spain,268,952.805,2,Actifs à montant élevé
12598,10,11,4534.09,2010-03-01 09:58:00,2011-11-30 12:18:00,France,649,412.19,0,Champions
12599,29,13,2296.72,2010-05-11 10:42:00,2011-11-10 13:34:00,France,578,176.67076923076922,2,Actifs à montant élevé
12600,29,21,5043.92,2009-12-07 13:37:00,2011-11-11 10:29:00,Germany,732,240.18666666666667,0,Champions
12601,190,6,681.26,2010-10-31 10:57:00,2011-06-03 10:17:00,Germany,405,113.54333333333334,4,Achats anciens
12602,59,1,153.12,2011-10-12 11:22:00,2011-10-12 11:22:00,France,59,153.12,1,Achats anciens à faible montant
12603,22,1,739.1999999999999,2011-11-18 10:42:00,2011-11-18 10:42:00,Germany,22,739.1999999999999,3,Achats récents occasionnels
12604,79,2,254.18,2011-03-23 12:06:00,2011-09-21 14:08:00,France,262,127.09,3,Achats récents occasionnels
12605,376,4,1232.95,2010-09-07 14:21:00,2010-11-28 14:18:00,Germany,458,308.2375,4,Achats anciens
12606,682,1,21.0,2010-01-26 16:23:00,2010-01-26 16:23:00,Spain,682,21.0,1,Achats anciens à faible montant
12607,60,1,1579.51,2011-10-10 16:06:00,2011-10-10 16:06:00,USA,60,1579.51,3,Achats récents occasionnels
12608,405,1,415.79,2010-10-31 10:49:00,2010-10-31 10:49:00,United Kingdom,405,415.79,1,Achats anciens à faible montant
12609,78,9,3435.86,2009-12-20 13:30:00,2011-09-22 16:34:00,Germany,719,381.76222222222225,2,Actifs à montant élevé
12610,23,5,2099.54,2011-08-05 13:52:00,2011-11-17 09:34:00,Italy,126,419.908,2,Actifs à montant élevé
12611,52,1,1193.32,2011-10-18 13:12:00,2011-10-18 13:12:00,Italy,52,1193.32,3,Achats récents occasionnels
12612,74,1,704.0400000000001,2011-09-26 15:35:00,2011-09-26 15:35:00,Germany,74,704.0400000000001,3,Achats récents occasionnels
12613,57,10,6817.37,2009-12-14 13:10:00,2011-10-13 14:59:00,Germany,725,681.737,2,Actifs à montant élevé
12614,278,1,315.6,2011-03-07 10:22:00,2011-03-07 10:22:00,Germany,278,315.6,1,Achats anciens à faible montant
12615,2,8,5740.98,2010-03-18 14:09:00,2011-12-07 15:02:00,France,631,717.6225,0,Champions
12616,95,3,1131.1,2010-11-16 11:38:00,2011-09-05 15:17:00,France,389,377.0333333333333,4,Achats anciens
12617,29,1,352.98,2011-11-10 14:39:00,2011-11-10 14:39:00,France,29,352.98,3,Achats récents occasionnels
12618,22,1,177.31,2011-11-18 11:10:00,2011-11-18 11:10:00,Italy,22,177.31,3,Achats récents occasionnels
12619,16,10,3781.38,2010-05-28 12:52:00,2011-11-23 14:52:00,Germany,560,378.13800000000003,2,Actifs à montant élevé
12620,15,3,1339.41,2011-05-19 12:10:00,2011-11-25 10:20:00,France,205,446.47,3,Achats récents occasionnels
12621,2,35,24775.81,2010-02-09 12:01:00,2011-12-08 11:25:00,Germany,669,707.8802857142857,0,Champions
12622,232,1,180.1,2011-04-21 16:39:00,2011-04-21 16:39:00,Germany,232,180.1,1,Achats anciens à faible montant
12623,276,7,3747.84,2010-01-12 11:45:00,2011-03-08 13:50:00,Germany,697,535.4057142857143,4,Achats anciens
12624,106,2,641.13,2011-06-15 12:34:00,2011-08-25 15:04:00,France,178,320.565,4,Achats anciens
12625,212,4,5164.88,2010-04-22 11:33:00,2011-05-12 09:54:00,Germany,597,1291.22,4,Achats anciens
12626,23,9,6620.48,2011-01-17 11:01:00,2011-11-16 16:06:00,Germany,327,735.6088888888888,2,Actifs à montant élevé
12627,11,7,4478.53,2011-07-22 13:59:00,2011-11-29 12:07:00,Germany,140,639.79,2,Actifs à montant élevé
12628,4,3,786.46,2011-10-06 09:28:00,2011-12-05 13:15:00,Germany,65,262.15333333333336,3,Achats récents occasionnels
12629,386,2,1558.22,2010-10-12 16:40:00,2010-11-19 09:18:00,Sweden,423,779.11,4,Achats anciens
12630,10,2,1270.88,2011-10-27 10:41:00,2011-11-30 10:48:00,Finland,44,635.44,3,Achats récents occasionnels
12631,57,6,3481.57,2010-01-15 14:50:00,2011-10-13 13:53:00,Finland,693,580.2616666666667,2,Actifs à montant élevé
12632,521,2,804.88,2010-05-24 09:07:00,2010-07-07 09:39:00,Germany,565,402.44,4,Achats anciens
12633,59,7,5678.16,2010-07-02 11:44:00,2011-10-12 11:40:00,Germany,526,811.1657142857142,2,Actifs à montant élevé
12634,536,2,490.0,2010-06-09 15:41:00,2010-06-22 10:05:00,USA,548,245.0,1,Achats anciens à faible montant
12635,90,4,2930.41,2010-09-09 10:50:00,2011-09-11 11:04:00,Germany,457,732.6025,2,Actifs à montant élevé
12636,739,1,141.0,2009-12-01 09:55:00,2009-12-01 09:55:00,USA,739,141.0,1,Achats anciens à faible montant
12637,67,12,8283.81,2010-06-14 13:36:00,2011-10-03 13:46:00,France,543,690.3175,2,Actifs à montant élevé
12638,33,2,921.49,2010-03-10 10:30:00,2011-11-06 13:11:00,Sweden,640,460.745,3,Achats récents occasionnels
12639,239,3,1312.37,2010-03-22 09:05:00,2011-04-15 12:48:00,Sweden,628,437.45666666666665,4,Achats anciens
12640,24,3,1174.58,2011-09-19 12:01:00,2011-11-16 11:52:00,France,82,391.52666666666664,3,Achats récents occasionnels
12641,115,1,185.9,2011-08-16 13:26:00,2011-08-16 13:26:00,Sweden,115,185.9,1,Achats anciens à faible montant
12642,25,3,1013.26,2011-08-24 09:23:00,2011-11-14 15:03:00,Germany,108,337.75333333333333,3,Achats récents occasionnels
12643,128,12,8304.82,2010-04-07 14:16:00,2011-08-03 12:56:00,France,611,692.0683333333333,2,Actifs à montant élevé
12644,130,4,1918.49,2010-01-14 13:02:00,2011-08-02 10:33:00,Germany,694,479.6225,4,Achats anciens
12645,34,8,3539.3,2010-02-09 10:49:00,2011-11-06 12:38:00,Germany,669,442.4125,2,Actifs à montant élevé
12646,5,2,1346.97,2011-10-21 12:52:00,2011-12-05 10:14:00,USA,49,673.485,3,Achats récents occasionnels
12647,22,36,17924.35,2010-01-13 15:06:00,2011-11-17 12:56:00,Germany,695,497.89861111111105,0,Champions
12648,155,4,1112.0,2010-01-07 18:38:00,2011-07-08 11:55:00,Germany,701,278.0,4,Achats anciens
12649,107,8,2294.65,2010-01-12 17:24:00,2011-08-24 14:41:00,Germany,696,286.83125,2,Actifs à montant élevé
12650,3,1,314.44,2011-12-06 16:34:00,2011-12-06 16:34:00,France,3,314.44,3,Achats récents occasionnels
12651,335,4,377.75,2010-08-31 15:21:00,2011-01-09 12:46:00,France,465,94.4375,4,Achats anciens
12652,331,2,1017.03,2010-10-01 15:16:00,2011-01-12 15:00:00,France,434,508.515,4,Achats anciens
12653,149,3,4160.83,2010-07-01 09:56:00,2011-07-14 10:41:00,Israel,527,1386.9433333333334,4,Achats anciens
12654,11,5,601.98,2011-02-17 13:16:00,2011-11-29 10:10:00,Germany,295,120.396,3,Achats récents occasionnels
12655,424,1,261.35,2010-10-12 09:17:00,2010-10-12 09:17:00,France,424,261.35,1,Achats anciens à faible montant
12656,17,8,6407.83,2010-05-26 09:00:00,2011-11-22 13:42:00,France,563,800.97875,2,Actifs à montant élevé
12657,11,4,1643.18,2011-09-22 11:40:00,2011-11-28 15:47:00,France,79,410.795,3,Achats récents occasionnels
12658,19,1,686.05,2011-11-21 10:22:00,2011-11-21 10:22:00,Germany,19,686.05,3,Achats récents occasionnels
12659,30,1,91.68,2011-11-10 11:53:00,2011-11-10 11:53:00,France,30,91.68,3,Achats récents occasionnels
12660,11,1,245.1,2011-11-28 13:26:00,2011-11-28 13:26:00,France,11,245.1,3,Achats récents occasionnels
12661,436,1,162.0,2010-09-29 16:46:00,2010-09-29 16:46:00,Sweden,436,162.0,1,Achats anciens à faible montant
12662,1,20,6988.02,2010-04-01 09:50:00,2011-12-09 11:59:00,Germany,618,349.401,0,Champions
12663,625,2,239.4,2010-02-09 14:28:00,2010-03-25 09:40:00,Germany,668,119.7,1,Achats anciens à faible montant
12664,8,11,6070.04,2009-12-13 10:28:00,2011-12-01 17:07:00,Finland,727,551.8218181818182,0,Champions
12665,325,3,313.6,2010-02-08 15:11:00,2011-01-19 08:34:00,Germany,669,104.53333333333335,1,Achats anciens à faible montant
12666,394,1,1248.42,2010-11-10 16:40:00,2010-11-10 16:40:00,Israel,394,1248.42,4,Achats anciens
12667,58,1,620.13,2011-10-12 17:00:00,2011-10-12 17:00:00,Finland,58,620.13,3,Achats récents occasionnels
12668,12,10,11383.03,2010-01-31 15:45:00,2011-11-28 10:56:00,Germany,677,1138.303,0,Champions
12669,151,3,2744.0299999999997,2011-03-28 10:15:00,2011-07-12 09:54:00,France,257,914.6766666666666,4,Achats anciens
12670,10,7,3760.29,2010-02-11 10:13:00,2011-11-29 15:23:00,France,667,537.1842857142857,2,Actifs à montant élevé
12671,606,1,2622.481,2010-04-12 16:30:00,2010-04-12 16:30:00,Germany,606,2622.481,4,Achats anciens
12672,330,2,437.05,2010-04-23 09:57:00,2011-01-14 09:20:00,France,596,218.525,1,Achats anciens à faible montant
12673,5,3,1230.02,2010-11-03 10:46:00,2011-12-04 13:55:00,Germany,402,410.00666666666666,3,Achats récents occasionnels
12674,39,4,1970.6,2011-05-16 09:10:00,2011-11-01 12:12:00,France,208,492.65,2,Actifs à montant élevé
12675,554,2,957.25,2010-05-10 16:44:00,2010-06-04 09:49:00,Italy,578,478.625,4,Achats anciens
12676,25,11,2843.09,2010-08-13 13:29:00,2011-11-15 12:25:00,Sweden,483,258.4627272727273,2,Actifs à montant élevé
12677,555,2,395.1,2010-02-11 13:55:00,2010-06-02 14:30:00,France,666,197.55,1,Achats anciens à faible montant
12678,42,21,34281.18,2010-01-07 16:46:00,2011-10-28 13:04:00,France,701,1632.4371428571428,0,Champions
12679,59,4,1113.02,2011-03-01 12:26:00,2011-10-12 12:30:00,France,284,278.255,3,Achats récents occasionnels
12680,1,4,880.81,2011-08-18 15:44:00,2011-12-09 12:50:00,France,113,220.2025,3,Achats récents occasionnels
12681,15,45,30868.28,2009-12-13 13:31:00,2011-11-25 11:33:00,France,726,685.9617777777778,0,Champions
12682,4,52,24025.51,2009-12-01 09:28:00,2011-12-06 10:00:00,France,739,462.02903846153845,0,Champions
12683,4,21,12696.78,2009-12-13 15:01:00,2011-12-05 16:31:00,France,726,604.6085714285715,0,Champions
12684,8,7,2283.63,2011-05-10 12:55:00,2011-12-02 09:53:00,France,213,326.23285714285714,2,Actifs à montant élevé
12685,28,6,2863.08,2011-09-07 10:28:00,2011-11-11 13:46:00,France,94,477.18,2,Actifs à montant élevé
12686,372,1,178.28,2010-12-03 09:51:00,2010-12-03 09:51:00,France,372,178.28,1,Achats anciens à faible montant
12687,481,2,2138.91,2010-08-16 12:10:00,2010-08-16 12:12:00,Sweden,481,1069.455,4,Achats anciens
12688,114,1,4873.8099999999995,2011-08-18 08:49:00,2011-08-18 08:49:00,Israel,114,4873.8099999999995,4,Achats anciens
12689,26,2,1247.61,2011-08-04 10:04:00,2011-11-14 08:31:00,France,128,623.805,3,Achats récents occasionnels
12690,206,1,389.01,2011-05-18 09:09:00,2011-05-18 09:09:00,France,206,389.01,1,Achats anciens à faible montant
12691,28,7,1170.4,2010-10-15 12:00:00,2011-11-11 16:49:00,France,421,167.20000000000002,2,Actifs à montant élevé
12692,637,1,110.95,2010-03-12 14:02:00,2010-03-12 14:02:00,France,637,110.95,1,Achats anciens à faible montant
12693,127,7,1703.02,2010-07-05 13:56:00,2011-08-04 17:51:00,Germany,522,243.28857142857143,2,Actifs à montant élevé
12694,70,3,1843.35,2010-10-14 19:39:00,2011-09-30 13:06:00,France,421,614.4499999999999,4,Achats anciens
12695,7,7,1407.1200000000001,2010-02-12 13:22:00,2011-12-02 13:22:00,France,665,201.0171428571429,2,Actifs à montant élevé
12696,435,2,851.91,2010-07-19 10:02:00,2010-10-01 10:43:00,Finland,509,425.955,4,Achats anciens
12697,29,3,957.59,2011-06-23 15:44:00,2011-11-11 08:47:00,Sweden,169,319.19666666666666,3,Achats récents occasionnels
12698,590,1,339.75,2010-04-28 15:51:00,2010-04-28 15:51:00,Germany,590,339.75,1,Achats anciens à faible montant
12699,418,1,638.11,2010-10-18 12:07:00,2010-10-18 12:07:00,Germany,418,638.11,1,Achats anciens à faible montant
12700,8,4,4939.99,2011-05-08 16:10:00,2011-12-02 10:47:00,France,215,1234.9975,2,Actifs à montant élevé
12701,80,6,2446.41,2010-03-16 13:23:00,2011-09-21 10:47:00,Germany,633,407.73499999999996,2,Actifs à montant élevé
12702,20,1,219.0,2011-11-20 10:36:00,2011-11-20 10:36:00,Germany,20,219.0,3,Achats récents occasionnels
12703,71,4,1006.53,2010-01-24 12:05:00,2011-09-29 17:52:00,Germany,685,251.6325,4,Achats anciens
12704,7,8,2340.84,2011-06-23 10:20:00,2011-12-02 13:15:00,Finland,170,292.605,2,Actifs à montant élevé
12705,15,14,11762.1,2010-06-24 09:51:00,2011-11-24 13:17:00,Germany,534,840.15,0,Champions
12707,292,1,603.42,2011-02-21 08:38:00,2011-02-21 08:38:00,France,292,603.42,1,Achats anciens à faible montant
12708,30,18,5314.1,2009-12-18 10:25:00,2011-11-10 09:52:00,Germany,722,295.2277777777778,0,Champions
12709,15,34,30814.46,2009-12-09 13:49:00,2011-11-24 15:38:00,Germany,730,906.3076470588235,0,Champions
12710,97,3,1149.02,2011-05-22 14:05:00,2011-09-04 12:00:00,Germany,201,383.00666666666666,4,Achats anciens
12711,612,2,1339.05,2010-02-01 11:30:00,2010-04-07 11:59:00,Germany,677,669.525,4,Achats anciens
12712,29,21,7193.66,2009-12-09 10:46:00,2011-11-11 08:19:00,Germany,731,342.5552380952381,0,Champions
12713,1,1,848.55,2011-12-09 12:16:00,2011-12-09 12:16:00,Germany,1,848.55,3,Achats récents occasionnels
12714,9,12,14093.71,2009-12-04 10:00:00,2011-11-30 15:43:00,France,736,1174.4758333333332,0,Champions
12715,106,1,343.36,2011-08-25 15:22:00,2011-08-25 15:22:00,Sweden,106,343.36,1,Achats anciens à faible montant
12716,4,2,1053.49,2011-07-29 13:28:00,2011-12-06 08:55:00,France,133,526.745,3,Achats récents occasionnels
12717,151,3,1308.91,2010-04-28 14:34:00,2011-07-11 14:47:00,Greece,590,436.30333333333334,4,Achats anciens
12718,71,1,238.25,2011-09-29 16:38:00,2011-09-29 16:38:00,France,71,238.25,1,Achats anciens à faible montant
12719,5,2,644.95,2011-10-05 14:50:00,2011-12-04 13:45:00,France,65,322.475,3,Achats récents occasionnels
12720,3,30,8260.67,2010-07-21 09:46:00,2011-12-07 08:03:00,Germany,507,275.35566666666665,0,Champions
12721,32,8,4013.08,2010-08-25 11:07:00,2011-11-08 12:13:00,France,472,501.635,2,Actifs à montant élevé
12722,85,4,997.63,2011-07-12 11:55:00,2011-09-15 14:50:00,France,151,249.4075,4,Achats anciens
12723,4,5,725.07,2011-10-05 15:52:00,2011-12-06 10:19:00,France,65,145.014,3,Achats récents occasionnels
12724,5,7,2317.52,2010-06-22 14:00:00,2011-12-04 16:02:00,France,535,331.07428571428574,2,Actifs à montant élevé
12725,371,4,2694.56,2010-05-04 13:59:00,2010-12-03 15:45:00,Italy,584,673.64,4,Achats anciens
12726,28,11,4014.6,2010-03-25 16:25:00,2011-11-11 13:35:00,France,624,364.96363636363634,2,Actifs à montant élevé
12727,11,10,5679.53,2010-02-23 09:54:00,2011-11-29 11:46:00,France,655,567.953,2,Actifs à montant élevé
12728,71,5,1070.17,2010-11-21 11:34:00,2011-09-29 15:31:00,France,384,214.03400000000002,4,Achats anciens
12729,114,1,453.01,2011-08-18 11:40:00,2011-08-18 11:40:00,France,114,453.01,1,Achats anciens à faible montant
12730,522,1,829.25,2010-07-06 12:19:00,2010-07-06 12:19:00,Germany,522,829.25,1,Achats anciens à faible montant
12731,24,17,25775.71,2010-03-02 09:23:00,2011-11-16 11:59:00,France,648,1516.2182352941177,0,Champions
12732,180,1,236.26000000000002,2011-06-13 11:33:00,2011-06-13 11:33:00,France,180,236.26000000000002,1,Achats anciens à faible montant
12733,234,4,2424.87,2010-01-19 13:23:00,2011-04-19 16:19:00,USA,689,606.2175,4,Achats anciens
12734,353,3,639.65,2010-11-12 13:26:00,2010-12-22 12:47:00,France,392,213.21666666666667,4,Achats anciens
12735,315,2,779.5699999999999,2011-01-06 14:26:00,2011-01-28 13:37:00,France,337,389.78499999999997,4,Achats anciens
12736,333,1,234.0,2011-01-11 07:57:00,2011-01-11 07:57:00,France,333,234.0,1,Achats anciens à faible montant
12737,499,2,3710.5,2010-07-29 12:27:00,2010-07-29 12:29:00,France,499,1855.25,4,Achats anciens
12738,372,1,310.7,2010-12-02 18:27:00,2010-12-02 18:27:00,Germany,372,310.7,1,Achats anciens à faible montant
12739,78,4,2726.73,2010-11-10 14:27:00,2011-09-22 13:00:00,United Arab Emirates,394,681.6825,2,Actifs à montant élevé
12740,64,1,427.6,2011-10-07 10:44:00,2011-10-07 10:44:00,France,64,427.6,3,Achats récents occasionnels
12741,529,2,406.07,2010-06-24 16:24:00,2010-06-28 14:36:00,USA,533,203.035,1,Achats anciens à faible montant
12742,626,1,1201.52,2010-03-24 12:43:00,2010-03-24 12:43:00,United Arab Emirates,626,1201.52,4,Achats anciens
12743,134,2,540.13,2011-07-28 16:06:00,2011-07-28 16:21:00,Unspecified,134,270.065,4,Achats anciens
12744,52,11,25317.06,2010-04-27 16:19:00,2011-10-19 11:18:00,Singapore,591,2301.550909090909,0,Champions
12745,487,3,925.41,2010-01-26 16:22:00,2010-08-10 10:14:00,United Kingdom,682,308.46999999999997,4,Achats anciens
12746,541,1,254.55,2010-06-17 10:41:00,2010-06-17 10:41:00,United Kingdom,541,254.55,1,Achats anciens à faible montant
12747,2,26,9257.039999999999,2009-12-07 13:23:00,2011-12-07 14:34:00,United Kingdom,732,356.03999999999996,0,Champions
12748,1,336,55511.09,2009-12-04 17:31:00,2011-12-09 12:20:00,United Kingdom,735,165.21157738095238,0,Champions
12749,4,9,6897.36,2010-07-06 15:05:00,2011-12-06 09:56:00,United Kingdom,521,766.3733333333333,0,Champions
12750,129,1,275.88,2011-08-03 09:13:00,2011-08-03 09:13:00,Poland,129,275.88,1,Achats anciens à faible montant
12751,445,1,268.27,2010-09-21 12:49:00,2010-09-21 12:49:00,Brazil,445,268.27,1,Achats anciens à faible montant
12752,81,1,4366.78,2011-09-19 13:32:00,2011-09-19 13:32:00,Norway,81,4366.78,4,Achats anciens
12753,23,6,21429.39,2010-12-12 11:44:00,2011-11-17 10:52:00,Japan,363,3571.565,2,Actifs à montant élevé
12754,236,3,3010.74,2011-02-04 10:31:00,2011-04-18 09:00:00,Japan,309,1003.5799999999999,4,Achats anciens
12755,281,11,9030.66,2010-01-15 11:57:00,2011-03-04 12:42:00,Japan,694,820.9690909090909,2,Actifs à montant élevé
12756,87,1,112.07999999999998,2011-09-14 09:31:00,2011-09-14 09:31:00,Japan,87,112.07999999999998,1,Achats anciens à faible montant
12757,16,13,7834.650000000001,2011-05-12 19:01:00,2011-11-24 12:30:00,Portugal,211,602.6653846153847,0,Champions
12758,117,7,9903.24,2009-12-01 14:40:00,2011-08-15 10:22:00,Portugal,738,1414.7485714285715,2,Actifs à montant élevé
12759,52,8,5020.74,2009-12-04 10:47:00,2011-10-18 14:49:00,Netherlands,736,627.5925,2,Actifs à montant élevé
12760,456,1,347.8,2010-09-10 08:50:00,2010-09-10 08:50:00,Netherlands,456,347.8,1,Achats anciens à faible montant
12761,458,2,782.95,2010-09-01 10:47:00,2010-09-08 12:17:00,Netherlands,465,391.475,4,Achats anciens
12762,8,2,1898.52,2011-11-14 14:23:00,2011-12-02 10:23:00,Portugal,25,949.26,3,Achats récents occasionnels
12763,138,2,814.16,2010-12-05 15:46:00,2011-07-24 14:12:00,Japan,369,407.08,4,Achats anciens
12764,317,1,1693.88,2011-01-27 10:19:00,2011-01-27 10:19:00,Lebanon,317,1693.88,4,Achats anciens
12765,472,6,1404.58,2010-03-08 09:43:00,2010-08-24 13:51:00,Netherlands,642,234.09666666666666,4,Achats anciens
12766,4,9,10068.28,2010-10-28 09:29:00,2011-12-06 08:46:00,Portugal,408,1118.697777777778,0,Champions
12767,376,1,949.82,2010-11-29 09:38:00,2010-11-29 09:38:00,Korea,376,949.82,4,Achats anciens
12768,451,1,168.69000000000003,2010-09-15 12:08:00,2010-09-15 12:08:00,Korea,451,168.69000000000003,1,Achats anciens à faible montant
12769,239,1,1143.6,2011-04-15 10:25:00,2011-04-15 10:25:00,Brazil,239,1143.6,4,Achats anciens
12770,211,2,3246.45,2010-09-09 11:43:00,2011-05-13 09:33:00,Japan,457,1623.225,4,Achats anciens
12771,486,1,282.3,2010-08-11 11:51:00,2010-08-11 11:51:00,Portugal,486,282.3,1,Achats anciens à faible montant
12772,60,1,892.47,2011-10-11 09:19:00,2011-10-11 09:19:00,Portugal,60,892.47,3,Achats récents occasionnels
12773,564,1,124.25,2010-05-24 17:30:00,2010-05-24 17:30:00,Portugal,564,124.25,1,Achats anciens à faible montant
12774,536,1,98.7,2010-06-22 10:38:00,2010-06-22 10:38:00,Netherlands,536,98.7,1,Achats anciens à faible montant
12775,17,7,1686.12,2010-10-26 14:24:00,2011-11-22 16:33:00,Netherlands,409,240.8742857142857,2,Actifs à montant élevé
12776,668,1,55.5,2010-02-10 12:11:00,2010-02-10 12:11:00,Portugal,668,55.5,1,Achats anciens à faible montant
12777,458,1,519.45,2010-09-08 11:35:00,2010-09-08 11:35:00,United Kingdom,458,519.45,1,Achats anciens à faible montant
12778,20,9,1775.68,2010-04-16 09:57:00,2011-11-20 11:30:00,Netherlands,603,197.29777777777778,2,Actifs à montant élevé
12779,38,14,6722.2699999999995,2009-12-03 07:25:00,2011-11-02 11:43:00,Poland,737,480.16214285714284,2,Actifs à montant élevé
12780,599,1,337.4,2010-04-20 09:40:00,2010-04-20 09:40:00,Netherlands,599,337.4,1,Achats anciens à faible montant
12781,64,2,826.74,2011-02-28 08:43:00,2011-10-07 10:37:00,Czech Republic,285,413.37,3,Achats récents occasionnels
12782,5,11,4618.24,2010-07-08 13:31:00,2011-12-05 09:16:00,Portugal,519,419.84,0,Champions
12783,2,6,2225.91,2011-09-25 15:35:00,2011-12-07 15:56:00,Portugal,75,370.98499999999996,2,Actifs à montant élevé
12784,9,3,1763.15,2010-06-28 13:06:00,2011-11-30 15:38:00,Portugal,529,587.7166666666667,3,Achats récents occasionnels
12785,364,3,1100.4,2009-12-08 13:56:00,2010-12-10 13:48:00,Portugal,731,366.8,4,Achats anciens
12786,610,1,728.5,2010-04-09 12:12:00,2010-04-09 12:12:00,Netherlands,610,728.5,1,Achats anciens à faible montant
12787,10,4,862.18,2010-10-22 14:57:00,2011-11-30 08:44:00,Netherlands,413,215.545,3,Achats récents occasionnels
12788,463,4,444.9,2010-06-29 13:05:00,2010-09-02 14:21:00,Netherlands,528,111.225,4,Achats anciens
12789,65,3,273.35,2010-01-15 12:06:00,2011-10-05 13:34:00,Netherlands,694,91.11666666666667,3,Achats récents occasionnels
12790,192,2,591.85,2010-10-25 13:04:00,2011-05-31 14:14:00,Netherlands,410,295.925,4,Achats anciens
12791,374,6,1056.1100000000001,2010-03-25 17:29:00,2010-12-01 11:27:00,Netherlands,624,176.01833333333335,4,Achats anciens
12792,257,2,827.01,2010-06-23 10:49:00,2011-03-28 11:36:00,Portugal,535,413.505,4,Achats anciens
12793,335,3,1017.33,2010-11-03 13:05:00,2011-01-09 12:12:00,Portugal,401,339.11,4,Achats anciens
12794,53,2,860.41,2011-09-02 12:01:00,2011-10-17 14:54:00,Portugal,99,430.205,3,Achats récents occasionnels
12795,19,1,430.48,2011-11-21 10:27:00,2011-11-21 10:27:00,Portugal,19,430.48,3,Achats récents occasionnels
12796,628,1,381.0,2010-03-21 15:49:00,2010-03-21 15:49:00,Netherlands,628,381.0,1,Achats anciens à faible montant
12797,366,2,806.11,2010-10-11 12:53:00,2010-12-09 10:55:00,Portugal,424,403.055,4,Achats anciens
12798,10,4,8510.93,2010-10-14 12:27:00,2011-11-29 15:52:00,Japan,422,2127.7325,2,Actifs à montant élevé
12799,529,1,219.35,2010-06-28 15:57:00,2010-06-28 15:57:00,Japan,529,219.35,1,Achats anciens à faible montant
12800,470,3,584.25,2010-02-01 11:02:00,2010-08-26 14:11:00,Portugal,677,194.75,4,Achats anciens
12801,501,1,1071.82,2010-07-27 09:38:00,2010-07-27 09:38:00,Sweden,501,1071.82,4,Achats anciens
12802,187,7,2416.42,2010-05-25 09:34:00,2011-06-06 09:36:00,Netherlands,564,345.20285714285717,4,Achats anciens
12803,393,1,1092.81,2010-11-11 14:57:00,2010-11-11 14:57:00,Netherlands,393,1092.81,4,Achats anciens
12804,466,2,325.37,2010-07-27 13:52:00,2010-08-31 11:58:00,Netherlands,500,162.685,1,Achats anciens à faible montant
12805,382,4,1434.95,2010-02-03 09:06:00,2010-11-23 12:27:00,Netherlands,675,358.7375,4,Achats anciens
12806,435,4,2878.96,2010-04-30 10:44:00,2010-09-30 13:34:00,Netherlands,589,719.74,4,Achats anciens
12807,383,1,330.35,2010-11-21 14:21:00,2010-11-21 14:21:00,Sweden,383,330.35,1,Achats anciens à faible montant
12808,37,5,906.1,2010-09-03 10:24:00,2011-11-03 10:05:00,Portugal,463,181.22,3,Achats récents occasionnels
12809,178,3,1755.94,2010-03-02 14:19:00,2011-06-15 10:51:00,Portugal,647,585.3133333333334,4,Achats anciens
12810,535,2,534.99,2010-02-01 09:52:00,2010-06-23 10:53:00,Japan,677,267.495,4,Achats anciens
12811,261,5,1033.9,2010-10-08 12:20:00,2011-03-24 09:42:00,Portugal,428,206.78000000000003,4,Achats anciens
12812,45,1,229.64000000000001,2011-10-26 09:54:00,2011-10-26 09:54:00,Japan,45,229.64000000000001,3,Achats récents occasionnels
12813,502,3,1687.8,2010-01-15 16:52:00,2010-07-26 09:50:00,Netherlands,693,562.6,4,Achats anciens
12814,102,1,125.92,2011-08-30 12:11:00,2011-08-30 12:11:00,Poland,102,125.92,1,Achats anciens à faible montant
12815,148,2,1063.46,2011-05-25 13:34:00,2011-07-15 10:21:00,Poland,198,531.73,4,Achats anciens
12816,96,2,572.2,2011-06-16 13:24:00,2011-09-05 12:41:00,Poland,176,286.1,3,Achats récents occasionnels
12817,281,3,690.98,2010-10-01 08:57:00,2011-03-03 16:28:00,Austria,435,230.32666666666668,4,Achats anciens
12818,262,1,1542.08,2011-03-23 12:06:00,2011-03-23 12:06:00,Austria,262,1542.08,4,Achats anciens
12819,458,1,540.52,2010-09-07 15:20:00,2010-09-07 15:20:00,United Kingdom,458,540.52,1,Achats anciens à faible montant
12820,3,11,2689.52,2009-12-05 13:37:00,2011-12-06 15:12:00,United Kingdom,734,244.50181818181818,0,Champions
12821,214,2,220.8,2010-04-07 15:14:00,2011-05-09 15:51:00,United Kingdom,611,110.4,1,Achats anciens à faible montant
12822,71,2,948.88,2011-09-13 13:46:00,2011-09-30 10:04:00,United Kingdom,87,474.44,3,Achats récents occasionnels
12823,75,18,6501.5,2010-01-29 12:52:00,2011-09-26 07:35:00,United Kingdom,679,361.19444444444446,2,Actifs à montant élevé
12824,60,1,397.12,2011-10-11 12:49:00,2011-10-11 12:49:00,United Kingdom,60,397.12,3,Achats récents occasionnels
12825,521,2,518.63,2010-03-08 10:17:00,2010-07-06 13:56:00,United Kingdom,642,259.315,1,Achats anciens à faible montant
12826,3,12,2955.75,2009-12-18 10:43:00,2011-12-07 10:25:00,United Kingdom,722,246.3125,0,Champions
12827,6,3,430.15000000000003,2011-10-26 15:44:00,2011-12-04 12:17:00,United Kingdom,44,143.38333333333335,3,Achats récents occasionnels
12828,3,6,1018.71,2011-08-01 16:16:00,2011-12-07 08:45:00,United Kingdom,130,169.785,3,Achats récents occasionnels
12829,337,3,385.3,2010-06-07 15:04:00,2011-01-07 11:13:00,United Kingdom,550,128.43333333333334,4,Achats anciens
12830,38,6,6814.64,2011-06-21 10:53:00,2011-11-02 11:54:00,United Kingdom,172,1135.7733333333333,2,Actifs à montant élevé
12831,262,3,451.11,2010-09-02 15:58:00,2011-03-22 13:02:00,United Kingdom,463,150.37,4,Achats anciens
12832,32,2,383.03,2011-09-02 13:48:00,2011-11-07 13:30:00,United Kingdom,98,191.515,3,Achats récents occasionnels
12833,145,1,417.38,2011-07-17 13:46:00,2011-07-17 13:46:00,United Kingdom,145,417.38,1,Achats anciens à faible montant
12834,283,1,312.38,2011-03-02 09:49:00,2011-03-02 09:49:00,United Kingdom,283,312.38,1,Achats anciens à faible montant
12835,428,41,5996.83,2009-12-03 12:13:00,2010-10-08 10:59:00,United Kingdom,737,146.2641463414634,2,Actifs à montant élevé
12836,59,15,6559.7300000000005,2009-12-01 14:19:00,2011-10-11 15:10:00,United Kingdom,738,437.31533333333334,2,Actifs à montant élevé
12837,173,2,662.66,2010-05-19 15:10:00,2011-06-19 16:07:00,United Kingdom,569,331.33,4,Achats anciens
12838,34,10,3366.7,2010-04-26 09:59:00,2011-11-06 12:20:00,United Kingdom,593,336.66999999999996,2,Actifs à montant élevé
12839,3,26,10071.73,2009-12-07 09:18:00,2011-12-07 12:33:00,United Kingdom,733,387.37423076923073,0,Champions
12840,144,7,4041.97,2010-02-03 14:51:00,2011-07-19 09:29:00,United Kingdom,674,577.4242857142857,2,Actifs à montant élevé
12841,5,40,7464.19,2010-07-08 15:38:00,2011-12-05 11:13:00,United Kingdom,519,186.60475,0,Champions
12842,70,4,1917.99,2009-12-02 08:15:00,2011-09-30 15:33:00,United Kingdom,738,479.4975,2,Actifs à montant élevé
12843,66,30,6583.36,2009-12-13 11:41:00,2011-10-05 12:09:00,United Kingdom,727,219.4453333333333,0,Champions
12844,29,4,648.6,2010-04-25 11:51:00,2011-11-10 13:31:00,United Kingdom,594,162.15,3,Achats récents occasionnels
12845,267,4,354.09,2011-02-22 14:10:00,2011-03-17 13:34:00,United Kingdom,290,88.5225,4,Achats anciens
12846,682,1,15.58,2010-01-26 16:29:00,2010-01-26 16:29:00,United Kingdom,682,15.58,1,Achats anciens à faible montant
12847,22,2,1609.0,2010-11-17 12:44:00,2011-11-17 13:16:00,United Kingdom,388,804.5,3,Achats récents occasionnels
12848,676,1,208.0,2010-02-02 12:45:00,2010-02-02 12:45:00,United Kingdom,676,208.0,1,Achats anciens à faible montant
12849,31,6,3042.47,2010-04-27 13:44:00,2011-11-08 13:41:00,United Kingdom,591,507.0783333333333,2,Actifs à montant élevé
12850,446,1,330.0,2010-09-20 12:26:00,2010-09-20 12:26:00,United Kingdom,446,330.0,1,Achats anciens à faible montant
12851,97,2,280.76,2010-08-19 15:13:00,2011-09-04 12:41:00,United Kingdom,477,140.38,1,Achats anciens à faible montant
12852,295,1,311.55,2011-02-18 08:47:00,2011-02-18 08:47:00,United Kingdom,295,311.55,1,Achats anciens à faible montant
12853,135,11,3907.5,2010-02-05 11:57:00,2011-07-28 11:29:00,United Kingdom,673,355.22727272727275,2,Actifs à montant élevé
12854,79,7,2970.9700000000003,2009-12-11 12:55:00,2011-09-22 12:15:00,United Kingdom,728,424.42428571428576,2,Actifs à montant élevé
12855,373,4,650.9399999999999,2010-11-02 18:16:00,2010-12-02 09:37:00,United Kingdom,402,162.73499999999999,4,Achats anciens
12856,8,6,2170.78,2011-10-07 12:38:00,2011-12-02 10:52:00,United Kingdom,64,361.7966666666667,2,Actifs à montant élevé
12857,211,6,3688.0,2010-01-25 15:37:00,2011-05-13 10:20:00,United Kingdom,683,614.6666666666666,4,Achats anciens
12858,383,1,147.27,2010-11-21 12:55:00,2010-11-21 12:55:00,United Kingdom,383,147.27,1,Achats anciens à faible montant
12859,459,1,575.1,2010-09-07 12:20:00,2010-09-07 12:20:00,United Kingdom,459,575.1,1,Achats anciens à faible montant
12860,693,1,54.22,2010-01-15 15:22:00,2010-01-15 15:22:00,United Kingdom,693,54.22,1,Achats anciens à faible montant
12861,620,1,68.25,2010-03-30 11:39:00,2010-03-30 11:39:00,United Kingdom,620,68.25,1,Achats anciens à faible montant
12862,426,2,984.62,2010-08-01 15:20:00,2010-10-10 11:47:00,United Kingdom,495,492.31,4,Achats anciens
12863,52,6,2792.5499999999997,2010-04-29 13:54:00,2011-10-18 14:15:00,United Kingdom,589,465.42499999999995,2,Actifs à montant élevé
12864,138,2,299.57,2010-07-19 17:22:00,2011-07-24 13:03:00,United Kingdom,508,149.785,1,Achats anciens à faible montant
12865,26,4,3323.47,2010-08-20 12:20:00,2011-11-13 14:31:00,Austria,477,830.8675,2,Actifs à montant élevé
12866,283,3,1227.35,2010-07-25 11:37:00,2011-03-01 14:11:00,Belgium,503,409.1166666666666,4,Achats anciens
12867,26,13,7829.26,2009-12-16 16:25:00,2011-11-13 15:30:00,United Kingdom,723,602.2507692307693,0,Champions
12868,186,8,2247.06,2010-11-12 10:05:00,2011-06-07 10:42:00,United Kingdom,393,280.8825,2,Actifs à montant élevé
12869,682,1,337.66999999999996,2010-01-27 12:10:00,2010-01-27 12:10:00,United Kingdom,682,337.66999999999996,1,Achats anciens à faible montant
12870,375,3,1676.95,2010-03-25 14:32:00,2010-11-29 13:42:00,United Kingdom,624,558.9833333333333,4,Achats anciens
12871,84,3,744.02,2010-09-26 10:34:00,2011-09-16 15:07:00,United Kingdom,440,248.00666666666666,4,Achats anciens
12872,327,12,3662.4900000000002,2009-12-03 20:03:00,2011-01-17 10:52:00,United Kingdom,736,305.20750000000004,2,Actifs à montant élevé
12873,282,3,2027.3,2010-01-27 09:50:00,2011-03-02 14:58:00,United Kingdom,682,675.7666666666667,4,Achats anciens
12874,385,2,948.42,2010-06-03 12:51:00,2010-11-19 15:23:00,Belgium,554,474.21,4,Achats anciens
12875,143,5,1356.99,2010-01-11 12:37:00,2011-07-19 15:30:00,United Kingdom,698,271.398,4,Achats anciens
12876,58,4,4081.79,2010-04-28 13:26:00,2011-10-13 12:26:00,Belgium,590,1020.4475,2,Actifs à montant élevé
12877,4,20,2942.14,2010-01-18 10:23:00,2011-12-06 10:30:00,United Kingdom,691,147.107,0,Champions
12878,236,2,854.99,2011-03-18 14:02:00,2011-04-17 13:07:00,United Kingdom,266,427.495,4,Achats anciens
12879,45,3,573.22,2011-09-09 12:11:00,2011-10-26 12:24:00,United Kingdom,92,191.07333333333335,3,Achats récents occasionnels
12880,382,2,640.13,2010-05-14 11:57:00,2010-11-23 10:50:00,United Kingdom,575,320.065,4,Achats anciens
12881,276,1,298.0,2011-03-09 11:44:00,2011-03-09 11:44:00,United Kingdom,276,298.0,1,Achats anciens à faible montant
12882,9,2,1463.04,2011-11-06 11:22:00,2011-11-30 16:18:00,United Kingdom,34,731.52,3,Achats récents occasionnels
12883,25,4,703.47,2011-09-11 15:18:00,2011-11-15 09:32:00,United Kingdom,89,175.8675,3,Achats récents occasionnels
12884,88,1,309.05,2011-09-12 13:10:00,2011-09-12 13:10:00,United Kingdom,88,309.05,1,Achats anciens à faible montant
12885,63,3,1175.22,2011-08-08 11:45:00,2011-10-07 13:40:00,United Kingdom,124,391.74,3,Achats récents occasionnels
12886,68,2,1378.4,2011-05-04 11:21:00,2011-10-03 10:09:00,United Kingdom,220,689.2,3,Achats récents occasionnels
12887,384,1,222.4,2010-11-21 11:18:00,2010-11-21 11:18:00,United Kingdom,384,222.4,1,Achats anciens à faible montant
12888,214,2,354.12,2011-03-29 14:31:00,2011-05-09 16:02:00,United Kingdom,255,177.06,1,Achats anciens à faible montant
12889,381,4,385.46000000000004,2010-07-25 14:32:00,2010-11-23 16:08:00,United Kingdom,502,96.36500000000001,4,Achats anciens
12890,24,2,706.02,2010-11-17 14:05:00,2011-11-15 17:26:00,United Kingdom,387,353.01,3,Achats récents occasionnels
12891,186,11,840.5,2010-02-18 14:32:00,2011-06-07 12:31:00,United Kingdom,659,76.4090909090909,4,Achats anciens
12892,397,1,263.38,2010-11-08 09:51:00,2010-11-08 09:51:00,United Kingdom,397,263.38,1,Achats anciens à faible montant
12893,31,1,176.55,2011-11-09 12:34:00,2011-11-09 12:34:00,United Kingdom,31,176.55,3,Achats récents occasionnels
12894,575,1,157.35,2010-05-13 14:47:00,2010-05-13 14:47:00,United Kingdom,575,157.35,1,Achats anciens à faible montant
12895,42,2,372.8,2011-09-14 08:35:00,2011-10-28 13:51:00,United Kingdom,87,186.4,3,Achats récents occasionnels
12897,205,4,514.25,2010-06-14 11:58:00,2011-05-19 12:13:00,United Kingdom,544,128.5625,4,Achats anciens
12898,464,2,296.21000000000004,2010-02-18 12:36:00,2010-09-02 08:08:00,United Kingdom,660,148.10500000000002,1,Achats anciens à faible montant
12899,414,1,366.4,2010-10-22 09:53:00,2010-10-22 09:53:00,United Kingdom,414,366.4,1,Achats anciens à faible montant
12900,422,1,340.33,2010-10-13 15:17:00,2010-10-13 15:17:00,United Kingdom,422,340.33,1,Achats anciens à faible montant
12901,9,28,17654.54,2011-03-14 10:41:00,2011-12-01 10:07:00,United Kingdom,271,630.5192857142857,0,Champions
12902,265,1,138.68,2011-03-20 12:06:00,2011-03-20 12:06:00,United Kingdom,265,138.68,1,Achats anciens à faible montant
12903,429,1,833.53,2010-10-07 12:39:00,2010-10-07 12:39:00,United Kingdom,429,833.53,4,Achats anciens
12904,18,2,496.06,2011-06-20 13:18:00,2011-11-21 14:34:00,United Kingdom,172,248.03,3,Achats récents occasionnels
12905,577,2,1018.42,2010-01-26 14:06:00,2010-05-12 10:05:00,United Kingdom,682,509.21,4,Achats anciens
12906,12,5,2919.81,2011-09-22 15:03:00,2011-11-28 09:55:00,United Kingdom,78,583.962,2,Actifs à montant élevé
12907,396,2,508.91,2010-08-02 14:33:00,2010-11-09 12:08:00,United Kingdom,494,254.455,4,Achats anciens
12908,176,5,1776.0,2010-03-19 15:59:00,2011-06-16 15:39:00,United Kingdom,630,355.2,4,Achats anciens
12909,40,8,3103.19,2010-02-24 12:14:00,2011-10-31 12:43:00,United Kingdom,654,387.89875,2,Actifs à montant élevé
12910,23,13,5796.52,2010-03-28 13:10:00,2011-11-16 14:28:00,United Kingdom,621,445.8861538461539,2,Actifs à montant élevé
12911,552,1,1651.72,2010-06-06 12:13:00,2010-06-06 12:13:00,United Kingdom,552,1651.72,4,Achats anciens
12912,3,5,1662.3,2011-10-30 11:35:00,2011-12-07 08:55:00,United Kingdom,41,332.46,2,Actifs à montant élevé
12913,5,13,6700.860000000001,2009-12-01 12:18:00,2011-12-05 12:11:00,United Kingdom,739,515.4507692307693,0,Champions
12914,401,1,223.98,2010-11-04 12:28:00,2010-11-04 12:28:00,United Kingdom,401,223.98,1,Achats anciens à faible montant
12915,149,4,1174.75,2010-04-29 19:36:00,2011-07-14 11:34:00,United Kingdom,589,293.6875,4,Achats anciens
12916,139,7,4479.73,2010-01-24 11:26:00,2011-07-24 10:35:00,United Kingdom,685,639.9614285714285,2,Actifs à montant élevé
12917,128,6,4359.2,2009-12-09 14:22:00,2011-08-03 16:42:00,United Kingdom,730,726.5333333333333,2,Actifs à montant élevé
12918,626,1,10953.5,2010-03-23 15:22:00,2010-03-23 15:22:00,United Kingdom,626,10953.5,4,Achats anciens
12919,8,6,1335.19,2011-06-23 09:22:00,2011-12-01 13:47:00,United Kingdom,170,222.53166666666667,2,Actifs à montant élevé
12920,17,4,486.64,2009-12-14 15:58:00,2011-11-22 15:05:00,United Kingdom,725,121.66,3,Achats récents occasionnels
12921,9,74,35921.04,2009-12-01 13:43:00,2011-11-30 16:22:00,United Kingdom,738,485.41945945945946,0,Champions
12922,161,1,405.38,2011-07-01 15:35:00,2011-07-01 15:35:00,United Kingdom,161,405.38,1,Achats anciens à faible montant
12923,64,3,770.42,2010-05-13 14:55:00,2011-10-06 16:20:00,United Kingdom,575,256.8066666666667,3,Achats récents occasionnels
12924,88,12,2469.4,2009-12-09 12:40:00,2011-09-12 13:55:00,United Kingdom,731,205.78333333333333,2,Actifs à montant élevé
12925,5,3,729.3299999999999,2010-04-26 10:32:00,2011-12-05 11:11:00,United Kingdom,593,243.10999999999999,3,Achats récents occasionnels
12926,411,4,1523.97,2009-12-14 14:35:00,2010-10-24 15:57:00,United Kingdom,725,380.9925,4,Achats anciens
12927,395,1,197.31,2010-11-10 10:02:00,2010-11-10 10:02:00,United Kingdom,395,197.31,1,Achats anciens à faible montant
12928,35,12,4304.89,2010-06-08 10:16:00,2011-11-04 14:24:00,United Kingdom,550,358.74083333333334,2,Actifs à montant élevé
12929,312,1,117.85,2011-02-01 12:08:00,2011-02-01 12:08:00,United Kingdom,312,117.85,1,Achats anciens à faible montant
12930,78,2,415.8,2011-06-21 13:25:00,2011-09-22 15:18:00,United Kingdom,171,207.9,3,Achats récents occasionnels
12931,22,57,92347.34,2009-12-01 11:46:00,2011-11-18 12:39:00,United Kingdom,739,1620.1287719298246,0,Champions
12932,539,8,1698.56,2010-02-10 08:46:00,2010-06-18 14:22:00,United Kingdom,668,212.32,4,Achats anciens
12933,24,8,1636.6299999999999,2009-12-10 16:39:00,2011-11-15 16:38:00,United Kingdom,729,204.57874999999999,2,Actifs à montant élevé
12934,737,1,181.65,2009-12-03 10:51:00,2009-12-03 10:51:00,United Kingdom,737,181.65,1,Achats anciens à faible montant
12935,2,15,4243.86,2010-04-11 15:59:00,2011-12-07 17:25:00,United Kingdom,607,282.924,0,Champions
12936,17,4,1063.9,2011-09-22 13:51:00,2011-11-22 17:32:00,United Kingdom,78,265.975,3,Achats récents occasionnels
12937,15,9,3097.61,2009-12-03 15:43:00,2011-11-24 15:05:00,United Kingdom,736,344.1788888888889,2,Actifs à montant élevé
12938,26,1,114.14,2011-11-14 11:21:00,2011-11-14 11:21:00,United Kingdom,26,114.14,3,Achats récents occasionnels
12939,64,20,25264.8,2010-01-12 11:27:00,2011-10-06 14:33:00,United Kingdom,697,1263.24,0,Champions
12940,55,2,899.69,2011-09-13 10:16:00,2011-10-16 12:09:00,United Kingdom,88,449.845,3,Achats récents occasionnels
12941,724,1,377.49,2009-12-15 13:12:00,2009-12-15 13:12:00,United Kingdom,724,377.49,1,Achats anciens à faible montant
12942,131,3,934.35,2010-12-09 09:34:00,2011-07-31 14:39:00,United Kingdom,366,311.45,4,Achats anciens
12943,558,2,496.5,2010-04-13 11:03:00,2010-05-30 13:52:00,United Kingdom,606,248.25,1,Achats anciens à faible montant
12944,36,2,604.51,2010-12-20 10:41:00,2011-11-04 11:04:00,United Kingdom,355,302.255,3,Achats récents occasionnels
12945,288,2,900.11,2010-02-21 15:18:00,2011-02-24 14:15:00,United Kingdom,656,450.055,4,Achats anciens
12946,437,1,324.45,2010-09-29 10:14:00,2010-09-29 10:14:00,United Kingdom,437,324.45,1,Achats anciens à faible montant
12947,144,6,1908.03,2010-12-01 16:21:00,2011-07-19 10:06:00,United Kingdom,373,318.005,4,Achats anciens
12948,16,9,2317.43,2009-12-02 12:28:00,2011-11-23 17:10:00,United Kingdom,738,257.4922222222222,2,Actifs à montant élevé
12949,31,22,15526.7,2009-12-03 15:56:00,2011-11-09 11:25:00,United Kingdom,736,705.7590909090909,0,Champions
12950,2,3,1843.0,2011-11-15 13:48:00,2011-12-07 13:17:00,United Kingdom,24,614.3333333333334,3,Achats récents occasionnels
12951,9,15,3213.7200000000003,2010-01-10 12:43:00,2011-12-01 12:14:00,United Kingdom,699,214.24800000000002,0,Champions
12952,6,4,1387.79,2011-09-22 16:37:00,2011-12-04 10:35:00,United Kingdom,78,346.9475,3,Achats récents occasionnels
12953,10,2,828.8100000000001,2010-07-05 13:37:00,2011-11-30 09:24:00,United Kingdom,522,414.40500000000003,3,Achats récents occasionnels
12954,639,1,162.45,2010-03-11 10:16:00,2010-03-11 10:16:00,United Kingdom,639,162.45,1,Achats anciens à faible montant
12955,1,11,4757.16,2011-03-17 09:03:00,2011-12-08 16:29:00,United Kingdom,268,432.4690909090909,0,Champions
12956,306,4,521.89,2009-12-15 19:03:00,2011-02-06 16:08:00,United Kingdom,724,130.4725,4,Achats anciens
12957,10,13,8706.97,2009-12-11 12:01:00,2011-11-30 09:53:00,United Kingdom,729,669.766923076923,0,Champions
12958,400,2,467.34,2010-05-05 16:22:00,2010-11-04 16:16:00,United Kingdom,583,233.67,1,Achats anciens à faible montant
12959,484,1,150.95,2010-08-12 17:20:00,2010-08-12 17:20:00,United Kingdom,484,150.95,1,Achats anciens à faible montant
12960,414,4,1322.07,2010-02-16 13:32:00,2010-10-22 09:31:00,United Kingdom,661,330.5175,4,Achats anciens
12961,379,1,211.99,2010-11-25 16:44:00,2010-11-25 16:44:00,United Kingdom,379,211.99,1,Achats anciens à faible montant
12962,7,2,266.39,2011-08-18 13:38:00,2011-12-02 15:55:00,United Kingdom,113,133.195,3,Achats récents occasionnels
12963,8,12,3601.59,2010-07-08 14:45:00,2011-12-01 12:55:00,United Kingdom,519,300.1325,0,Champions
12964,437,1,132.24,2010-09-28 17:47:00,2010-09-28 17:47:00,United Kingdom,437,132.24,1,Achats anciens à faible montant
12965,89,1,769.8100000000001,2011-09-11 15:31:00,2011-09-11 15:31:00,United Kingdom,89,769.8100000000001,3,Achats récents occasionnels
12966,10,1,160.18,2011-11-30 12:38:00,2011-11-30 12:38:00,United Kingdom,10,160.18,3,Achats récents occasionnels
12967,358,3,4306.92,2010-11-21 11:03:00,2010-12-16 19:10:00,United Kingdom,384,1435.64,4,Achats anciens
12968,112,1,135.95,2011-08-19 15:44:00,2011-08-19 15:44:00,United Kingdom,112,135.95,1,Achats anciens à faible montant
12969,603,1,122.45,2010-04-16 10:50:00,2010-04-16 10:50:00,United Kingdom,603,122.45,1,Achats anciens à faible montant
12970,7,10,1453.6,2009-12-04 14:19:00,2011-12-02 14:30:00,United Kingdom,735,145.35999999999999,2,Actifs à montant élevé
12971,4,116,15972.79,2009-12-15 19:04:00,2011-12-06 12:20:00,United Kingdom,724,137.6964655172414,0,Champions
12972,414,4,1161.2,2010-02-16 14:30:00,2010-10-22 08:41:00,United Kingdom,661,290.3,4,Achats anciens
12973,414,1,385.55,2010-10-22 10:14:00,2010-10-22 10:14:00,United Kingdom,414,385.55,1,Achats anciens à faible montant
12974,198,2,408.95,2010-05-23 11:45:00,2011-05-26 09:33:00,United Kingdom,566,204.475,1,Achats anciens à faible montant
12975,437,6,2100.09,2009-12-06 10:38:00,2010-09-29 09:46:00,United Kingdom,734,350.01500000000004,4,Achats anciens
12976,212,8,3156.38,2010-02-12 15:46:00,2011-05-12 09:55:00,United Kingdom,665,394.5475,2,Actifs à montant élevé
12977,156,4,513.88,2010-07-16 16:25:00,2011-07-06 16:40:00,United Kingdom,511,128.47,4,Achats anciens
12978,385,5,2502.82,2009-12-10 12:10:00,2010-11-19 14:29:00,United Kingdom,730,500.564,4,Achats anciens
12979,729,1,517.7,2009-12-10 15:45:00,2009-12-10 15:45:00,United Arab Emirates,729,517.7,1,Achats anciens à faible montant
12980,158,21,16245.78,2009-12-02 11:26:00,2011-07-05 09:34:00,United Kingdom,738,773.6085714285715,0,Champions
12981,30,2,372.21999999999997,2011-07-29 14:14:00,2011-11-10 12:00:00,United Kingdom,133,186.10999999999999,3,Achats récents occasionnels
12982,243,8,2744.81,2010-04-12 13:50:00,2011-04-11 11:51:00,United Kingdom,606,343.10125,4,Achats anciens
12983,598,1,490.08000000000004,2010-04-20 12:58:00,2010-04-20 12:58:00,United Kingdom,598,490.08000000000004,1,Achats anciens à faible montant
12984,19,1,97.5,2011-11-21 12:37:00,2011-11-21 12:37:00,United Kingdom,19,97.5,3,Achats récents occasionnels
12985,1,2,1239.38,2011-11-11 12:44:00,2011-12-09 10:46:00,United Kingdom,29,619.69,3,Achats récents occasionnels
12986,429,10,2729.84,2010-01-21 10:45:00,2010-10-07 11:57:00,United Kingdom,688,272.98400000000004,4,Achats anciens
12987,74,5,1312.21,2010-01-20 09:57:00,2011-09-27 12:03:00,United Kingdom,689,262.442,2,Actifs à montant élevé
12988,292,1,505.82,2011-02-20 14:31:00,2011-02-20 14:31:00,United Kingdom,292,505.82,1,Achats anciens à faible montant
12989,3,33,13551.75,2009-12-10 13:27:00,2011-12-06 15:28:00,United Kingdom,729,410.65909090909093,0,Champions
12990,31,7,955.5,2010-03-30 11:36:00,2011-11-08 13:01:00,United Kingdom,620,136.5,2,Actifs à montant élevé
12991,23,3,764.82,2010-11-15 13:43:00,2011-11-16 15:34:00,United Kingdom,389,254.94000000000003,3,Achats récents occasionnels
12992,725,1,93.35000000000001,2009-12-14 16:46:00,2009-12-14 16:46:00,United Kingdom,725,93.35000000000001,1,Achats anciens à faible montant
12993,23,8,1259.6299999999999,2010-02-18 10:35:00,2011-11-16 15:49:00,United Kingdom,660,157.45374999999999,2,Actifs à montant élevé
12994,4,3,974.4200000000001,2011-03-16 08:31:00,2011-12-05 15:43:00,United Kingdom,269,324.8066666666667,3,Achats récents occasionnels
12995,85,1,211.32,2011-09-15 15:44:00,2011-09-15 15:44:00,United Kingdom,85,211.32,1,Achats anciens à faible montant
12996,376,1,355.5,2010-11-29 09:27:00,2010-11-29 09:27:00,United Kingdom,376,355.5,1,Achats anciens à faible montant
12997,22,8,2110.91,2010-04-06 11:06:00,2011-11-17 15:47:00,United Kingdom,613,263.86375,2,Actifs à montant élevé
12998,493,3,920.08,2010-02-24 11:55:00,2010-08-04 08:05:00,United Kingdom,654,306.6933333333333,4,Achats anciens
12999,196,3,455.88,2011-04-08 10:26:00,2011-05-27 13:24:00,United Kingdom,246,151.96,4,Achats anciens
13000,107,4,1032.5,2009-12-14 17:03:00,2011-08-25 10:43:00,United Kingdom,725,258.125,4,Achats anciens
13001,4,33,24042.65,2009-12-03 16:21:00,2011-12-05 14:51:00,United Kingdom,736,728.5651515151516,0,Champions
13002,318,3,414.13,2010-10-01 11:58:00,2011-01-25 15:18:00,United Kingdom,435,138.04333333333332,4,Achats anciens
13003,106,3,149.05,2011-05-09 08:23:00,2011-08-26 10:50:00,United Kingdom,215,49.68333333333334,1,Achats anciens à faible montant
13004,12,36,11650.85,2009-12-15 09:44:00,2011-11-28 11:27:00,United Kingdom,725,323.63472222222225,0,Champions
13005,174,4,999.68,2010-09-08 12:52:00,2011-06-19 10:53:00,United Kingdom,457,249.92,4,Achats anciens
13006,56,1,81.57,2011-10-14 13:49:00,2011-10-14 13:49:00,United Kingdom,56,81.57,1,Achats anciens à faible montant
13007,580,1,175.25,2010-05-09 10:38:00,2010-05-09 10:38:00,United Kingdom,580,175.25,1,Achats anciens à faible montant
13008,323,3,612.13,2009-12-16 16:07:00,2011-01-20 14:24:00,United Kingdom,723,204.04333333333332,4,Achats anciens
13009,673,1,234.0,2010-02-05 12:22:00,2010-02-05 12:22:00,United Kingdom,673,234.0,1,Achats anciens à faible montant
13010,374,2,330.12,2010-03-01 11:28:00,2010-11-30 15:09:00,United Kingdom,649,165.06,1,Achats anciens à faible montant
13011,372,1,101.10000000000001,2010-12-02 17:22:00,2010-12-02 17:22:00,United Kingdom,372,101.10000000000001,1,Achats anciens à faible montant
13012,9,11,2957.83,2010-04-26 14:14:00,2011-11-30 13:05:00,United Kingdom,592,268.89363636363635,2,Actifs à montant élevé
13013,1,29,12625.77,2009-12-14 10:34:00,2011-12-08 15:01:00,United Kingdom,726,435.3713793103448,0,Champions
13014,11,11,5381.08,2010-10-03 11:35:00,2011-11-29 12:27:00,United Kingdom,433,489.1890909090909,0,Champions
13015,53,11,6579.78,2010-04-15 16:35:00,2011-10-17 13:19:00,United Kingdom,603,598.1618181818181,2,Actifs à montant élevé
13016,73,3,789.89,2011-08-08 15:00:00,2011-09-27 14:08:00,United Kingdom,123,263.2966666666667,3,Achats récents occasionnels
13017,7,1,204.0,2011-12-02 15:53:00,2011-12-02 15:53:00,United Kingdom,7,204.0,3,Achats récents occasionnels
13018,16,35,9763.16,2010-03-01 12:34:00,2011-11-23 13:28:00,United Kingdom,649,278.9474285714286,0,Champions
13019,379,6,1229.95,2009-12-06 15:40:00,2010-11-25 14:56:00,United Kingdom,733,204.99166666666667,4,Achats anciens
13020,563,2,618.96,2010-02-18 10:35:00,2010-05-26 11:12:00,United Kingdom,660,309.48,4,Achats anciens
13021,4,17,4887.24,2009-12-05 12:02:00,2011-12-05 16:37:00,United Kingdom,735,287.48470588235296,0,Champions
13022,430,1,65.3,2010-10-06 10:50:00,2010-10-06 10:50:00,Belgium,430,65.3,1,Achats anciens à faible montant
13023,64,3,1449.03,2010-06-29 09:51:00,2011-10-06 16:27:00,United Kingdom,529,483.01,4,Achats anciens
13024,471,2,555.87,2010-05-06 14:25:00,2010-08-26 09:42:00,United Kingdom,582,277.935,4,Achats anciens
13025,732,1,323.39,2009-12-08 10:02:00,2009-12-08 10:02:00,United Kingdom,732,323.39,1,Achats anciens à faible montant
13026,1,9,1733.08,2009-12-13 11:34:00,2011-12-08 16:58:00,United Kingdom,727,192.56444444444443,0,Champions
13027,114,19,17239.2,2010-01-20 10:41:00,2011-08-18 09:39:00,United Kingdom,689,907.3263157894737,0,Champions
13028,23,2,661.3199999999999,2011-10-25 14:09:00,2011-11-17 11:10:00,United Kingdom,45,330.65999999999997,3,Achats récents occasionnels
13029,31,5,1927.3,2010-07-04 13:46:00,2011-11-09 09:13:00,United Kingdom,523,385.46,2,Actifs à montant élevé
13030,11,2,1154.8,2010-12-06 14:31:00,2011-11-28 14:30:00,United Kingdom,368,577.4,3,Achats récents occasionnels
13031,407,5,3292.84,2010-06-03 14:57:00,2010-10-28 15:34:00,United Kingdom,554,658.568,4,Achats anciens
13032,52,9,2815.96,2010-09-05 14:01:00,2011-10-18 15:54:00,United Kingdom,460,312.88444444444445,2,Actifs à montant élevé
13033,357,2,220.55,2010-10-06 09:37:00,2010-12-17 14:23:00,United Kingdom,430,110.275,1,Achats anciens à faible montant
13034,55,3,922.68,2010-11-03 15:22:00,2011-10-16 12:21:00,United Kingdom,401,307.56,3,Achats récents occasionnels
13035,74,3,1364.2,2010-10-04 15:41:00,2011-09-27 08:57:00,United Kingdom,431,454.73333333333335,4,Achats anciens
13036,685,1,307.1,2010-01-24 11:35:00,2010-01-24 11:35:00,United Kingdom,685,307.1,1,Achats anciens à faible montant
13037,138,12,3914.9500000000003,2009-12-03 17:04:00,2011-07-24 15:46:00,United Kingdom,736,326.24583333333334,2,Actifs à montant élevé
13038,80,3,908.46,2011-02-22 11:43:00,2011-09-20 14:37:00,United Kingdom,291,302.82,4,Achats anciens
13039,584,4,1010.73,2009-12-17 16:43:00,2010-05-04 16:45:00,United Kingdom,722,252.6825,4,Achats anciens
13040,9,2,676.99,2011-11-06 13:53:00,2011-12-01 10:38:00,United Kingdom,33,338.495,3,Achats récents occasionnels
13041,451,4,799.13,2010-04-29 08:43:00,2010-09-15 11:44:00,United Kingdom,590,199.7825,4,Achats anciens
13042,598,3,1488.59,2009-12-07 15:42:00,2010-04-20 13:43:00,United Kingdom,732,496.19666666666666,4,Achats anciens
13043,273,1,516.42,2011-03-11 14:52:00,2011-03-11 14:52:00,United Kingdom,273,516.42,1,Achats anciens à faible montant
13044,291,11,4848.05,2010-01-08 14:46:00,2011-02-21 15:20:00,United Kingdom,700,440.7318181818182,2,Actifs à montant élevé
13045,99,3,808.92,2010-08-10 13:02:00,2011-09-01 15:04:00,United Kingdom,486,269.64,4,Achats anciens
13046,31,3,949.25,2010-09-09 13:09:00,2011-11-09 08:36:00,United Kingdom,456,316.4166666666667,3,Achats récents occasionnels
13047,32,24,8795.16,2009-12-16 11:43:00,2011-11-08 12:06:00,United Kingdom,724,366.465,0,Champions
13048,14,9,4049.13,2010-01-27 12:55:00,2011-11-25 13:23:00,United Kingdom,681,449.90333333333336,2,Actifs à montant élevé
13049,64,4,1408.24,2010-11-03 15:39:00,2011-10-06 15:31:00,United Kingdom,401,352.06,4,Achats anciens
13050,15,35,12314.53,2009-12-15 15:06:00,2011-11-25 09:18:00,United Kingdom,724,351.8437142857143,0,Champions
13051,579,2,155.8,2010-03-30 11:11:00,2010-05-10 09:14:00,United Kingdom,620,77.9,1,Achats anciens à faible montant
13052,212,7,3119.33,2010-02-23 12:31:00,2011-05-11 14:12:00,United Kingdom,655,445.61857142857144,2,Actifs à montant élevé
13053,622,1,127.65,2010-03-28 11:28:00,2010-03-28 11:28:00,United Kingdom,622,127.65,1,Achats anciens à faible montant
13055,78,4,2321.11,2010-10-06 08:17:00,2011-09-22 14:26:00,United Kingdom,430,580.2775,2,Actifs à montant élevé
13056,551,1,209.48,2010-06-06 14:10:00,2010-06-06 14:10:00,United Kingdom,551,209.48,1,Achats anciens à faible montant
13057,530,3,709.59,2010-03-18 12:14:00,2010-06-27 15:44:00,United Kingdom,632,236.53,4,Achats anciens
13058,25,3,271.40000000000003,2011-07-11 12:01:00,2011-11-15 12:43:00,United Kingdom,152,90.46666666666668,3,Achats récents occasionnels
13059,250,10,2291.77,2010-03-31 12:23:00,2011-04-04 10:40:00,United Kingdom,619,229.177,2,Actifs à montant élevé
13060,254,1,307.53,2011-03-31 11:37:00,2011-03-31 11:37:00,United Kingdom,254,307.53,1,Achats anciens à faible montant
13061,72,1,248.61,2011-09-28 16:04:00,2011-09-28 16:04:00,United Kingdom,72,248.61,1,Achats anciens à faible montant
13062,191,1,346.98,2011-06-01 15:12:00,2011-06-01 15:12:00,United Kingdom,191,346.98,1,Achats anciens à faible montant
13063,481,1,188.4,2010-08-16 12:27:00,2010-08-16 12:27:00,United Kingdom,481,188.4,1,Achats anciens à faible montant
13064,13,6,1666.8400000000001,2010-04-27 10:08:00,2011-11-27 12:31:00,United Kingdom,592,277.8066666666667,2,Actifs à montant élevé
13065,373,5,1260.91,2010-06-10 11:44:00,2010-12-01 16:52:00,United Kingdom,548,252.18200000000002,4,Achats anciens
13066,24,2,470.8,2011-11-07 17:06:00,2011-11-15 12:57:00,United Kingdom,32,235.4,3,Achats récents occasionnels
13067,82,3,508.51,2010-09-19 13:43:00,2011-09-18 13:38:00,United Kingdom,446,169.50333333333333,3,Achats récents occasionnels
13068,10,2,344.0,2011-01-24 08:20:00,2011-11-29 15:00:00,United Kingdom,320,172.0,3,Achats récents occasionnels
13069,1,38,9616.95,2010-06-14 14:27:00,2011-12-09 08:39:00,United Kingdom,543,253.07763157894738,0,Champions
13070,192,4,751.7,2009-12-07 14:44:00,2011-05-31 13:45:00,United Kingdom,732,187.925,4,Achats anciens
13071,612,1,129.22,2010-04-06 13:37:00,2010-04-06 13:37:00,United Kingdom,612,129.22,1,Achats anciens à faible montant
13072,267,1,177.15,2011-03-18 08:12:00,2011-03-18 08:12:00,United Kingdom,267,177.15,1,Achats anciens à faible montant
13073,411,2,418.08,2010-09-28 09:27:00,2010-10-24 14:06:00,United Kingdom,438,209.04,1,Achats anciens à faible montant
13074,511,4,1378.74,2009-12-16 11:46:00,2010-07-16 16:53:00,United Kingdom,724,344.685,4,Achats anciens
13075,130,1,919.61,2011-08-02 10:19:00,2011-08-02 10:19:00,United Kingdom,130,919.61,4,Achats anciens
13076,458,1,135.4,2010-09-08 10:27:00,2010-09-08 10:27:00,United Kingdom,458,135.4,1,Achats anciens à faible montant
13077,1,11,3054.37,2009-12-11 11:17:00,2011-12-08 19:24:00,United Kingdom,729,277.67,0,Champions
13078,3,57,29532.45,2009-12-01 09:06:00,2011-12-06 15:36:00,United Kingdom,739,518.1131578947369,0,Champions
13079,4,6,419.18,2010-10-18 14:15:00,2011-12-05 16:53:00,United Kingdom,417,69.86333333333333,3,Achats récents occasionnels
13080,179,4,280.73,2010-04-09 13:07:00,2011-06-13 14:59:00,United Kingdom,609,70.1825,4,Achats anciens
13081,12,28,59205.15,2009-12-08 13:58:00,2011-11-28 10:54:00,United Kingdom,731,2114.469642857143,0,Champions
13082,126,21,7335.75,2009-12-22 15:37:00,2011-08-05 16:16:00,United Kingdom,717,349.32142857142856,2,Actifs à montant élevé
13083,4,3,395.43,2010-10-10 13:38:00,2011-12-05 15:01:00,United Kingdom,425,131.81,3,Achats récents occasionnels
13084,492,1,122.39999999999999,2010-08-05 08:49:00,2010-08-05 08:49:00,United Kingdom,492,122.39999999999999,1,Achats anciens à faible montant
13085,158,8,2433.28,2009-12-01 07:45:00,2011-07-05 12:11:00,United Kingdom,739,304.16,2,Actifs à montant élevé
13086,383,1,439.33000000000004,2010-11-22 10:28:00,2010-11-22 10:28:00,United Kingdom,383,439.33000000000004,1,Achats anciens à faible montant
13087,726,1,313.64,2009-12-13 15:16:00,2009-12-13 15:16:00,United Kingdom,726,313.64,1,Achats anciens à faible montant
13088,417,1,236.11,2010-10-18 15:35:00,2010-10-18 15:35:00,United Kingdom,417,236.11,1,Achats anciens à faible montant
13089,3,203,116647.53,2009-12-02 15:44:00,2011-12-07 09:02:00,United Kingdom,737,574.6183743842364,0,Champions
13090,9,24,14100.14,2010-08-02 13:58:00,2011-12-01 12:39:00,United Kingdom,494,587.5058333333333,0,Champions
13091,28,3,2321.82,2009-12-10 11:50:00,2011-11-11 15:54:00,United Kingdom,730,773.94,2,Actifs à montant élevé
13092,71,12,2140.28,2010-02-10 08:44:00,2011-09-30 11:18:00,United Kingdom,668,178.35666666666668,2,Actifs à montant élevé
13093,276,55,54943.65,2009-12-04 10:32:00,2011-03-09 12:14:00,United Kingdom,736,998.9754545454546,0,Champions
13094,21,13,2433.1200000000003,2010-11-15 14:15:00,2011-11-18 14:07:00,United Kingdom,389,187.16307692307694,2,Actifs à montant élevé
13095,71,1,74.39999999999999,2011-09-30 12:03:00,2011-09-30 12:03:00,United Kingdom,71,74.39999999999999,1,Achats anciens à faible montant
13096,394,1,419.70000000000005,2010-11-10 14:08:00,2010-11-10 14:08:00,United Kingdom,394,419.70000000000005,1,Achats anciens à faible montant
13097,33,28,13324.1,2009-12-01 13:31:00,2011-11-07 10:43:00,United Kingdom,738,475.8607142857143,0,Champions
13098,1,28,28882.44,2011-01-26 13:46:00,2011-12-08 14:14:00,United Kingdom,317,1031.5157142857142,0,Champions
13099,99,1,207.35999999999999,2011-09-01 17:40:00,2011-09-01 17:40:00,United Kingdom,99,207.35999999999999,1,Achats anciens à faible montant
13101,234,4,695.4,2010-01-27 15:49:00,2011-04-19 14:37:00,United Kingdom,681,173.85,4,Achats anciens
13102,1,37,11696.92,2010-05-06 13:12:00,2011-12-08 12:52:00,United Kingdom,582,316.132972972973,0,Champions
13103,40,3,709.64,2010-05-11 14:41:00,2011-10-31 09:38:00,United Kingdom,577,236.54666666666665,3,Achats récents occasionnels
13104,3,9,1709.1,2010-02-24 15:06:00,2011-12-06 13:10:00,United Kingdom,653,189.89999999999998,2,Actifs à montant élevé
13105,436,1,72.0,2010-09-29 13:41:00,2010-09-29 13:41:00,United Kingdom,436,72.0,1,Achats anciens à faible montant
13106,133,2,603.46,2010-10-22 13:10:00,2011-07-29 15:12:00,United Kingdom,413,301.73,4,Achats anciens
13107,44,9,5253.07,2010-02-04 10:50:00,2011-10-26 14:52:00,United Kingdom,674,583.6744444444444,2,Actifs à montant élevé
13108,373,2,1098.52,2010-09-30 17:09:00,2010-12-02 10:35:00,United Kingdom,435,549.26,4,Achats anciens
13109,60,3,1134.03,2010-06-06 12:59:00,2011-10-11 10:16:00,United Kingdom,551,378.01,3,Achats récents occasionnels
13110,31,12,2957.4700000000003,2009-12-01 14:14:00,2011-11-08 14:30:00,United Kingdom,738,246.45583333333335,2,Actifs à montant élevé
13111,719,1,321.88000000000005,2009-12-21 09:00:00,2009-12-21 09:00:00,United Kingdom,719,321.88000000000005,1,Achats anciens à faible montant
13112,541,1,20.6,2010-06-16 17:03:00,2010-06-16 17:03:00,United Kingdom,541,20.6,1,Achats anciens à faible montant
13113,1,37,18603.04,2010-03-28 16:13:00,2011-12-09 12:49:00,United Kingdom,621,502.7848648648649,0,Champions
13114,731,1,234.38,2009-12-09 09:56:00,2009-12-09 09:56:00,United Kingdom,731,234.38,1,Achats anciens à faible montant
13115,12,10,5494.7,2010-04-19 13:29:00,2011-11-28 12:38:00,United Kingdom,599,549.47,2,Actifs à montant élevé
13116,138,1,501.14,2011-07-24 14:33:00,2011-07-24 14:33:00,United Kingdom,138,501.14,1,Achats anciens à faible montant
13117,22,18,2643.81,2010-03-26 13:50:00,2011-11-18 12:02:00,United Kingdom,623,146.87833333333333,2,Actifs à montant élevé
13118,20,9,2415.41,2010-09-26 15:46:00,2011-11-20 12:46:00,United Kingdom,439,268.37888888888887,2,Actifs à montant élevé
13119,669,1,134.9,2010-02-09 08:38:00,2010-02-09 08:38:00,United Kingdom,669,134.9,1,Achats anciens à faible montant
13120,239,1,30.599999999999998,2011-04-15 10:19:00,2011-04-15 10:19:00,United Kingdom,239,30.599999999999998,1,Achats anciens à faible montant
13121,269,1,283.73,2011-03-15 16:47:00,2011-03-15 16:47:00,United Kingdom,269,283.73,1,Achats anciens à faible montant
13122,94,2,922.39,2011-04-13 14:12:00,2011-09-06 15:53:00,United Kingdom,240,461.195,4,Achats anciens
13123,473,2,506.75,2010-06-28 12:43:00,2010-08-24 10:18:00,United Kingdom,530,253.375,1,Achats anciens à faible montant
13124,90,4,4641.66,2010-11-19 15:50:00,2011-09-11 12:45:00,United Kingdom,385,1160.415,2,Actifs à montant élevé
13125,524,1,148.62,2010-07-04 11:58:00,2010-07-04 11:58:00,United Kingdom,524,148.62,1,Achats anciens à faible montant
13126,5,13,3998.25,2010-03-02 12:24:00,2011-12-05 10:00:00,United Kingdom,648,307.5576923076923,0,Champions
13127,78,1,259.17,2011-09-23 10:26:00,2011-09-23 10:26:00,United Kingdom,78,259.17,1,Achats anciens à faible montant
13128,631,1,263.5,2010-03-18 15:08:00,2010-03-18 15:08:00,United Kingdom,631,263.5,1,Achats anciens à faible montant
13129,452,2,233.25,2010-06-28 11:54:00,2010-09-13 13:47:00,United Kingdom,530,116.625,1,Achats anciens à faible montant
13130,94,1,64.0,2011-09-06 15:30:00,2011-09-06 15:30:00,United Kingdom,94,64.0,1,Achats anciens à faible montant
13131,23,7,3313.77,2010-02-09 09:47:00,2011-11-16 13:21:00,United Kingdom,669,473.3957142857143,2,Actifs à montant élevé
13132,262,1,77.3,2011-03-23 12:44:00,2011-03-23 12:44:00,United Kingdom,262,77.3,1,Achats anciens à faible montant
13133,274,3,200.45000000000002,2010-09-06 15:30:00,2011-03-11 10:31:00,United Kingdom,459,66.81666666666668,1,Achats anciens à faible montant
13134,86,6,2475.23,2010-10-19 13:21:00,2011-09-15 10:35:00,United Kingdom,416,412.53833333333336,2,Actifs à montant élevé
13135,197,2,3371.45,2010-08-05 17:28:00,2011-05-27 10:52:00,United Kingdom,491,1685.725,4,Achats anciens
13136,56,13,6274.56,2009-12-08 18:30:00,2011-10-14 13:41:00,United Kingdom,731,482.65846153846155,2,Actifs à montant élevé
13137,11,16,7586.94,2010-07-25 15:40:00,2011-11-29 12:09:00,United Kingdom,502,474.18375,0,Champions
13138,22,7,1467.24,2010-11-08 11:45:00,2011-11-17 16:51:00,United Kingdom,397,209.6057142857143,2,Actifs à montant élevé
13139,16,8,8202.98,2010-09-28 09:12:00,2011-11-23 13:54:00,United Kingdom,438,1025.3725,2,Actifs à montant élevé
13140,108,5,1213.18,2010-08-05 19:05:00,2011-08-23 15:33:00,United Kingdom,491,242.63600000000002,4,Achats anciens
13141,85,17,7656.08,2009-12-09 13:34:00,2011-09-16 09:54:00,United Kingdom,730,450.35764705882355,2,Actifs à montant élevé
13142,19,1,307.09,2011-11-20 16:07:00,2011-11-20 16:07:00,United Kingdom,19,307.09,3,Achats récents occasionnels
13143,585,1,405.1,2010-05-04 12:22:00,2010-05-04 12:22:00,United Kingdom,585,405.1,1,Achats anciens à faible montant
13144,333,2,135.35,2010-10-04 14:14:00,2011-01-11 11:15:00,United Kingdom,431,67.675,1,Achats anciens à faible montant
13145,40,7,1423.52,2010-04-19 11:11:00,2011-10-31 12:45:00,United Kingdom,600,203.35999999999999,2,Actifs à montant élevé
13146,26,1,228.91,2011-11-13 15:29:00,2011-11-13 15:29:00,United Kingdom,26,228.91,3,Achats récents occasionnels
13147,10,4,712.8000000000001,2011-09-01 12:28:00,2011-11-29 13:59:00,United Kingdom,100,178.20000000000002,3,Achats récents occasionnels
13148,29,26,8497.82,2009-12-07 15:26:00,2011-11-10 15:23:00,United Kingdom,732,326.83923076923077,0,Champions
13149,14,4,1676.06,2011-02-23 13:57:00,2011-11-25 13:09:00,United Kingdom,289,419.015,2,Actifs à montant élevé
13150,484,3,449.96999999999997,2010-03-19 09:03:00,2010-08-12 12:59:00,United Kingdom,631,149.98999999999998,4,Achats anciens
13151,296,3,2465.21,2010-03-22 10:26:00,2011-02-17 12:29:00,United Kingdom,628,821.7366666666667,4,Achats anciens
13152,417,7,2146.38,2010-01-14 10:01:00,2010-10-18 13:44:00,United Kingdom,695,306.6257142857143,4,Achats anciens
13153,6,1,486.22,2011-12-04 12:14:00,2011-12-04 12:14:00,United Kingdom,6,486.22,3,Achats récents occasionnels
13154,399,3,1624.84,2009-12-04 08:46:00,2010-11-05 16:00:00,United Kingdom,736,541.6133333333333,4,Achats anciens
13155,33,6,1750.18,2010-08-05 09:30:00,2011-11-06 15:41:00,United Kingdom,492,291.69666666666666,2,Actifs à montant élevé
13156,385,3,1586.54,2010-02-01 13:45:00,2010-11-19 13:09:00,United Kingdom,676,528.8466666666667,4,Achats anciens
13157,49,9,5687.36,2010-03-08 11:59:00,2011-10-21 13:50:00,United Kingdom,642,631.9288888888889,2,Actifs à montant élevé
13158,95,5,1508.18,2010-11-16 17:12:00,2011-09-06 11:58:00,United Kingdom,388,301.636,4,Achats anciens
13159,9,4,1429.35,2011-08-16 11:44:00,2011-12-01 11:20:00,United Kingdom,116,357.3375,3,Achats récents occasionnels
13160,22,1,91.8,2011-11-17 13:07:00,2011-11-17 13:07:00,United Kingdom,22,91.8,3,Achats récents occasionnels
13161,313,2,472.13,2010-07-27 12:44:00,2011-01-30 14:03:00,United Kingdom,501,236.065,1,Achats anciens à faible montant
13162,122,16,9275.49,2009-12-04 13:59:00,2011-08-09 15:59:00,United Kingdom,735,579.718125,2,Actifs à montant élevé
13163,610,1,17.65,2010-04-08 16:21:00,2010-04-08 16:21:00,United Kingdom,610,17.65,1,Achats anciens à faible montant
13164,569,2,372.2,2010-02-10 11:52:00,2010-05-19 13:52:00,United Kingdom,668,186.1,1,Achats anciens à faible montant
13165,46,3,1451.16,2010-10-22 17:04:00,2011-10-24 15:05:00,United Kingdom,413,483.72,3,Achats récents occasionnels
13166,283,2,875.93,2010-10-21 14:29:00,2011-03-01 15:16:00,United Kingdom,414,437.965,4,Achats anciens
13167,19,5,1125.15,2010-11-14 12:58:00,2011-11-21 12:24:00,United Kingdom,390,225.03000000000003,2,Actifs à montant élevé
13168,36,5,1840.73,2010-06-15 15:00:00,2011-11-03 12:56:00,United Kingdom,542,368.146,2,Actifs à montant élevé
13169,64,3,840.08,2010-05-26 15:58:00,2011-10-07 12:11:00,United Kingdom,562,280.0266666666667,3,Achats récents occasionnels
13170,27,1,108.81,2011-11-13 12:19:00,2011-11-13 12:19:00,United Kingdom,27,108.81,3,Achats récents occasionnels
13171,22,3,468.41,2011-02-13 14:16:00,2011-11-18 10:27:00,United Kingdom,299,156.13666666666668,3,Achats récents occasionnels
13172,400,1,69.6,2010-11-04 15:10:00,2010-11-04 15:10:00,United Kingdom,400,69.6,1,Achats anciens à faible montant
13173,4,11,2565.76,2009-12-10 12:52:00,2011-12-05 15:51:00,United Kingdom,729,233.25090909090912,0,Champions
13174,16,12,9364.42,2009-12-04 15:40:00,2011-11-23 14:35:00,United Kingdom,735,780.3683333333333,0,Champions
13175,582,2,831.45,2009-12-04 12:11:00,2010-05-06 13:13:00,United Kingdom,736,415.725,4,Achats anciens
13176,46,1,481.49,2011-10-24 15:43:00,2011-10-24 15:43:00,United Kingdom,46,481.49,3,Achats récents occasionnels
13177,65,2,512.2,2010-10-05 10:35:00,2011-10-06 09:56:00,United Kingdom,431,256.1,3,Achats récents occasionnels
13178,26,21,14059.19,2009-12-16 14:00:00,2011-11-13 16:14:00,United Kingdom,723,669.4852380952382,0,Champions
13179,619,1,572.3100000000001,2010-03-31 11:40:00,2010-03-31 11:40:00,United Kingdom,619,572.3100000000001,1,Achats anciens à faible montant
13180,607,1,86.10000000000001,2010-04-11 13:37:00,2010-04-11 13:37:00,United Kingdom,607,86.10000000000001,1,Achats anciens à faible montant
13181,381,1,359.69,2010-11-23 15:05:00,2010-11-23 15:05:00,United Kingdom,381,359.69,1,Achats anciens à faible montant
13182,45,1,121.18,2011-10-25 13:46:00,2011-10-25 13:46:00,United Kingdom,45,121.18,3,Achats récents occasionnels
13183,8,15,7036.18,2010-03-14 12:32:00,2011-12-02 10:30:00,United Kingdom,636,469.07866666666666,0,Champions
13184,15,10,1668.95,2011-02-22 17:25:00,2011-11-25 12:02:00,United Kingdom,290,166.895,2,Actifs à montant élevé
13185,268,1,71.4,2011-03-17 11:56:00,2011-03-17 11:56:00,United Kingdom,268,71.4,1,Achats anciens à faible montant
13186,40,3,1575.89,2011-08-03 09:09:00,2011-10-31 11:40:00,United Kingdom,129,525.2966666666667,3,Achats récents occasionnels
13187,337,4,341.36,2010-03-25 17:18:00,2011-01-06 18:57:00,United Kingdom,624,85.34,4,Achats anciens
13188,11,1,114.60000000000001,2011-11-28 15:28:00,2011-11-28 15:28:00,United Kingdom,11,114.60000000000001,3,Achats récents occasionnels
13189,19,2,260.68,2011-08-16 13:12:00,2011-11-21 10:39:00,United Kingdom,115,130.34,3,Achats récents occasionnels
13190,544,3,570.66,2009-12-07 12:13:00,2010-06-13 15:47:00,United Kingdom,733,190.22,4,Achats anciens
13191,658,1,164.69,2010-02-19 17:02:00,2010-02-19 17:02:00,United Kingdom,658,164.69,1,Achats anciens à faible montant
13192,95,6,2558.58,2010-01-22 08:37:00,2011-09-05 14:13:00,United Kingdom,687,426.43,2,Actifs à montant élevé
13193,61,1,112.08,2011-10-09 14:30:00,2011-10-09 14:30:00,United Kingdom,61,112.08,1,Achats anciens à faible montant
13194,136,2,472.78,2010-10-14 11:54:00,2011-07-27 09:01:00,United Kingdom,422,236.39,4,Achats anciens
13195,414,1,136.73,2010-10-21 13:07:00,2010-10-21 13:07:00,United Kingdom,414,136.73,1,Achats anciens à faible montant
13196,11,7,3068.84,2010-04-01 12:54:00,2011-11-28 13:54:00,United Kingdom,617,438.4057142857143,2,Actifs à montant élevé
13197,610,1,373.01000000000005,2010-04-09 09:14:00,2010-04-09 09:14:00,United Kingdom,610,373.01000000000005,1,Achats anciens à faible montant
13198,10,8,4974.2300000000005,2010-10-01 13:27:00,2011-11-29 15:17:00,United Kingdom,434,621.7787500000001,2,Actifs à montant élevé
13199,4,67,16432.89,2009-12-05 10:11:00,2011-12-06 12:30:00,United Kingdom,735,245.26701492537313,0,Champions
13200,19,4,870.09,2011-08-05 14:50:00,2011-11-20 15:35:00,United Kingdom,126,217.5225,3,Achats récents occasionnels
13201,502,4,1233.06,2010-03-07 11:01:00,2010-07-25 14:30:00,United Kingdom,643,308.265,4,Achats anciens
13202,394,7,1580.3,2009-12-09 10:48:00,2010-11-10 16:24:00,United Kingdom,731,225.75714285714284,4,Achats anciens
13203,10,10,2648.25,2009-12-17 14:15:00,2011-11-30 10:45:00,United Kingdom,722,264.825,2,Actifs à montant élevé
13204,731,1,966.6600000000001,2009-12-08 14:56:00,2009-12-08 14:56:00,United Kingdom,731,966.6600000000001,4,Achats anciens
13205,443,1,2803.2,2010-09-22 16:26:00,2010-09-22 16:26:00,United Kingdom,443,2803.2,4,Achats anciens
13206,400,13,8308.19,2009-12-07 13:48:00,2010-11-04 16:50:00,United Kingdom,732,639.0915384615384,2,Actifs à montant élevé
13207,15,4,535.86,2010-04-06 16:37:00,2011-11-24 14:52:00,United Kingdom,612,133.965,3,Achats récents occasionnels
13208,59,9,1976.3,2009-12-03 13:25:00,2011-10-12 09:54:00,United Kingdom,736,219.58888888888887,2,Actifs à montant élevé
13209,30,13,8509.51,2010-01-24 14:30:00,2011-11-09 13:54:00,United Kingdom,684,654.5776923076924,0,Champions
13210,94,1,353.48,2011-09-07 08:18:00,2011-09-07 08:18:00,United Kingdom,94,353.48,1,Achats anciens à faible montant
13211,10,10,2618.77,2009-12-06 15:24:00,2011-11-29 14:43:00,United Kingdom,733,261.877,2,Actifs à montant élevé
13212,20,3,786.83,2011-10-09 14:48:00,2011-11-20 12:40:00,United Kingdom,61,262.2766666666667,3,Achats récents occasionnels
13213,57,11,3851.52,2010-05-20 14:50:00,2011-10-14 11:42:00,United Kingdom,568,350.1381818181818,2,Actifs à montant élevé
13214,418,7,3264.23,2010-03-03 14:10:00,2010-10-18 10:00:00,United Kingdom,646,466.31857142857143,4,Achats anciens
13215,402,1,81.6,2010-11-02 18:26:00,2010-11-02 18:26:00,United Kingdom,402,81.6,1,Achats anciens à faible montant
13216,268,1,333.74,2011-03-17 12:18:00,2011-03-17 12:18:00,United Kingdom,268,333.74,1,Achats anciens à faible montant
13217,122,4,666.48,2010-02-22 12:49:00,2011-08-09 15:32:00,United Kingdom,656,166.62,4,Achats anciens
13218,127,1,62.63999999999999,2011-08-04 16:59:00,2011-08-04 16:59:00,United Kingdom,127,62.63999999999999,1,Achats anciens à faible montant
13219,618,1,76.23,2010-03-31 14:18:00,2010-03-31 14:18:00,United Kingdom,618,76.23,1,Achats anciens à faible montant
13220,78,5,1336.0900000000001,2010-05-13 10:35:00,2011-09-22 13:38:00,United Kingdom,576,267.218,2,Actifs à montant élevé
13221,240,2,847.41,2010-12-15 13:24:00,2011-04-13 16:58:00,United Kingdom,359,423.705,4,Achats anciens
13222,577,1,88.5,2010-05-11 13:54:00,2010-05-11 13:54:00,United Kingdom,577,88.5,1,Achats anciens à faible montant
13223,200,6,969.1200000000001,2010-02-12 13:27:00,2011-05-23 13:03:00,United Kingdom,665,161.52,4,Achats anciens
13224,60,2,2155.95,2011-07-11 14:10:00,2011-10-10 14:55:00,United Kingdom,151,1077.975,4,Achats anciens
13225,3,16,16260.07,2009-12-17 09:09:00,2011-12-06 13:29:00,United Kingdom,723,1016.254375,0,Champions
13226,273,2,312.46,2010-11-11 13:46:00,2011-03-11 14:35:00,United Kingdom,393,156.23,1,Achats anciens à faible montant
13227,202,1,257.7,2011-05-22 11:47:00,2011-05-22 11:47:00,United Kingdom,202,257.7,1,Achats anciens à faible montant
13228,81,1,358.0,2011-09-19 14:28:00,2011-09-19 14:28:00,United Kingdom,81,358.0,1,Achats anciens à faible montant
13229,226,1,160.95,2011-04-28 12:07:00,2011-04-28 12:07:00,United Kingdom,226,160.95,1,Achats anciens à faible montant
13230,4,30,6213.46,2010-03-18 20:02:00,2011-12-05 16:03:00,United Kingdom,631,207.11533333333333,0,Champions
13232,13,7,1328.35,2011-04-10 13:48:00,2011-11-27 10:39:00,United Kingdom,243,189.7642857142857,2,Actifs à montant élevé
13233,74,4,1176.46,2010-01-14 14:10:00,2011-09-26 13:25:00,United Kingdom,694,294.115,4,Achats anciens
13234,673,2,346.5,2009-12-07 12:32:00,2010-02-05 11:41:00,United Kingdom,733,173.25,1,Achats anciens à faible montant
13235,212,1,1031.07,2011-05-11 17:13:00,2011-05-11 17:13:00,United Kingdom,212,1031.07,4,Achats anciens
13236,25,2,744.85,2011-08-25 08:58:00,2011-11-15 12:50:00,United Kingdom,107,372.425,3,Achats récents occasionnels
13237,388,1,643.0,2010-11-17 10:07:00,2010-11-17 10:07:00,United Kingdom,388,643.0,1,Achats anciens à faible montant
13238,17,6,1006.63,2010-04-28 15:02:00,2011-11-22 15:37:00,United Kingdom,590,167.77166666666668,2,Actifs à montant élevé
13239,262,5,1594.69,2010-07-25 13:34:00,2011-03-23 10:25:00,United Kingdom,502,318.938,4,Achats anciens
13240,96,8,1699.8600000000001,2010-02-25 13:17:00,2011-09-04 14:08:00,United Kingdom,652,212.48250000000002,2,Actifs à montant élevé
13241,412,1,112.53,2010-10-24 11:17:00,2010-10-24 11:17:00,United Kingdom,412,112.53,1,Achats anciens à faible montant
13242,112,7,699.4,2010-02-09 13:12:00,2011-08-19 12:53:00,United Kingdom,668,99.91428571428571,4,Achats anciens
13243,203,5,1220.38,2010-03-18 13:10:00,2011-05-20 13:14:00,United Kingdom,631,244.07600000000002,4,Achats anciens
13244,93,1,121.74000000000001,2011-09-08 11:46:00,2011-09-08 11:46:00,United Kingdom,93,121.74000000000001,1,Achats anciens à faible montant
13245,51,2,989.22,2010-10-03 14:03:00,2011-10-20 11:40:00,United Kingdom,432,494.61,3,Achats récents occasionnels
13246,18,11,3351.75,2010-07-02 13:36:00,2011-11-21 16:50:00,United Kingdom,525,304.70454545454544,2,Actifs à montant élevé
13247,18,4,501.12,2011-09-18 11:31:00,2011-11-22 10:59:00,United Kingdom,83,125.28,3,Achats récents occasionnels
13248,125,2,465.68,2011-06-03 13:05:00,2011-08-07 12:40:00,United Kingdom,189,232.84,4,Achats anciens
13249,92,9,1608.93,2010-01-24 12:11:00,2011-09-08 13:26:00,United Kingdom,685,178.77,2,Actifs à montant élevé
13250,461,2,253.09,2010-07-25 14:01:00,2010-09-05 11:33:00,United Kingdom,502,126.545,1,Achats anciens à faible montant
13251,402,1,252.68,2010-11-02 13:20:00,2010-11-02 13:20:00,United Kingdom,402,252.68,1,Achats anciens à faible montant
13252,394,2,399.3,2010-03-24 10:30:00,2010-11-10 16:00:00,United Kingdom,626,199.65,1,Achats anciens à faible montant
13253,157,4,2951.11,2010-01-05 12:13:00,2011-07-06 10:09:00,United Kingdom,704,737.7775,4,Achats anciens
13254,376,1,51.410000000000004,2010-11-28 15:42:00,2010-11-28 15:42:00,United Kingdom,376,51.410000000000004,1,Achats anciens à faible montant
13255,9,3,904.46,2010-07-15 13:20:00,2011-11-30 13:14:00,United Kingdom,512,301.4866666666667,3,Achats récents occasionnels
13257,436,1,149.75,2010-09-29 14:58:00,2010-09-29 14:58:00,United Kingdom,436,149.75,1,Achats anciens à faible montant
13258,12,5,1009.43,2010-11-04 12:45:00,2011-11-28 09:31:00,United Kingdom,401,201.886,3,Achats récents occasionnels
13259,62,9,1402.54,2010-01-10 10:26:00,2011-10-09 10:48:00,United Kingdom,699,155.83777777777777,2,Actifs à montant élevé
13260,61,1,557.62,2011-10-09 13:21:00,2011-10-09 13:21:00,United Kingdom,61,557.62,3,Achats récents occasionnels
13261,269,2,944.1,2011-02-27 10:41:00,2011-03-16 12:22:00,United Kingdom,286,472.05,4,Achats anciens
13262,263,3,573.45,2010-04-18 12:14:00,2011-03-21 15:06:00,United Kingdom,601,191.15,4,Achats anciens
13263,1,39,8676.2,2010-10-22 17:07:00,2011-12-08 13:59:00,United Kingdom,413,222.4666666666667,0,Champions
13264,443,1,722.5600000000001,2010-09-23 12:42:00,2010-09-23 12:42:00,United Kingdom,443,722.5600000000001,1,Achats anciens à faible montant
13265,53,5,2092.66,2011-03-11 09:54:00,2011-10-17 15:02:00,United Kingdom,274,418.532,2,Actifs à montant élevé
13266,11,19,6135.04,2009-12-17 10:52:00,2011-11-28 14:39:00,United Kingdom,723,322.89684210526315,0,Champions
13267,3,36,9758.26,2009-12-07 16:56:00,2011-12-07 11:12:00,United Kingdom,732,271.0627777777778,0,Champions
13268,18,11,3174.75,2011-03-17 13:20:00,2011-11-22 11:51:00,United Kingdom,267,288.6136363636364,2,Actifs à montant élevé
13269,1,28,8888.75,2009-12-02 11:47:00,2011-12-08 14:53:00,United Kingdom,738,317.45535714285717,0,Champions
13270,366,1,1180.0,2010-12-08 14:53:00,2010-12-08 14:53:00,United Kingdom,366,1180.0,4,Achats anciens
13271,37,1,211.49,2011-11-02 14:31:00,2011-11-02 14:31:00,United Kingdom,37,211.49,3,Achats récents occasionnels
13272,31,2,276.56,2011-09-11 12:06:00,2011-11-08 14:00:00,United Kingdom,90,138.28,3,Achats récents occasionnels
13273,113,1,138.98,2011-08-18 14:02:00,2011-08-18 14:02:00,United Kingdom,113,138.98,1,Achats anciens à faible montant
13274,409,1,360.85,2010-10-26 13:48:00,2010-10-26 13:48:00,United Kingdom,409,360.85,1,Achats anciens à faible montant
13275,384,2,238.86,2010-03-17 14:05:00,2010-11-21 12:09:00,United Kingdom,632,119.43,1,Achats anciens à faible montant
13276,64,5,1891.91,2010-03-07 14:05:00,2011-10-07 12:44:00,United Kingdom,642,378.382,2,Actifs à montant élevé
13277,16,7,523.3,2010-06-18 08:45:00,2011-11-24 09:21:00,United Kingdom,540,74.75714285714285,3,Achats récents occasionnels
13278,41,4,1435.85,2010-04-08 11:59:00,2011-10-30 11:49:00,United Kingdom,611,358.9625,2,Actifs à montant élevé
13279,78,1,137.75,2011-09-22 17:24:00,2011-09-22 17:24:00,United Kingdom,78,137.75,1,Achats anciens à faible montant
13280,122,7,2293.33,2010-03-05 09:07:00,2011-08-09 13:14:00,United Kingdom,645,327.61857142857144,2,Actifs à montant élevé
13281,439,1,350.85,2010-09-26 16:03:00,2010-09-26 16:03:00,United Kingdom,439,350.85,1,Achats anciens à faible montant
13282,18,4,1313.19,2010-10-29 14:11:00,2011-11-21 15:33:00,United Kingdom,406,328.2975,3,Achats récents occasionnels
13283,60,4,373.36,2010-03-09 14:36:00,2011-10-11 09:50:00,United Kingdom,640,93.34,3,Achats récents occasionnels
13284,331,1,201.19,2011-01-13 09:23:00,2011-01-13 09:23:00,United Kingdom,331,201.19,1,Achats anciens à faible montant
13285,23,6,3364.59,2010-03-25 14:26:00,2011-11-16 13:19:00,United Kingdom,624,560.765,2,Actifs à montant élevé
13286,600,1,734.91,2010-04-18 15:35:00,2010-04-18 15:35:00,United Kingdom,600,734.91,1,Achats anciens à faible montant
13287,603,3,781.59,2010-01-04 10:43:00,2010-04-15 15:26:00,United Kingdom,705,260.53000000000003,4,Achats anciens
13288,443,5,927.61,2010-02-11 14:59:00,2010-09-22 16:32:00,United Kingdom,666,185.522,4,Achats anciens
13289,724,1,307.95,2009-12-16 11:53:00,2009-12-16 11:53:00,United Kingdom,724,307.95,1,Achats anciens à faible montant
13290,438,1,208.63,2010-09-27 16:29:00,2010-09-27 16:29:00,United Kingdom,438,208.63,1,Achats anciens à faible montant
13291,156,11,3270.79,2010-02-11 18:36:00,2011-07-07 10:36:00,United Kingdom,666,297.3445454545454,2,Actifs à montant élevé
13292,39,5,994.51,2010-07-01 14:36:00,2011-11-01 10:04:00,United Kingdom,526,198.902,2,Actifs à montant élevé
13293,392,6,1192.94,2010-02-09 12:05:00,2010-11-12 13:28:00,United Kingdom,669,198.82333333333335,4,Achats anciens
13294,190,3,1689.53,2010-03-03 12:54:00,2011-06-03 08:54:00,United Kingdom,646,563.1766666666666,4,Achats anciens
13295,360,4,1101.97,2010-05-12 09:13:00,2010-12-15 11:21:00,United Kingdom,577,275.4925,4,Achats anciens
13296,137,6,792.51,2010-05-11 14:29:00,2011-07-25 13:46:00,United Kingdom,577,132.085,4,Achats anciens
13297,8,7,4368.62,2010-06-15 12:35:00,2011-12-02 09:32:00,United Kingdom,543,624.0885714285714,2,Actifs à montant élevé
13298,1,1,360.0,2011-12-08 13:11:00,2011-12-08 13:11:00,United Kingdom,1,360.0,3,Achats récents occasionnels
13299,268,3,1218.7,2010-06-29 11:30:00,2011-03-16 12:55:00,United Kingdom,529,406.23333333333335,4,Achats anciens
13300,169,3,1285.51,2010-05-14 15:56:00,2011-06-23 13:09:00,United Kingdom,574,428.50333333333333,4,Achats anciens
13301,104,4,618.09,2011-02-20 13:13:00,2011-08-28 11:25:00,United Kingdom,292,154.5225,4,Achats anciens
13302,155,2,159.2,2010-07-01 12:32:00,2011-07-07 17:56:00,United Kingdom,527,79.6,1,Achats anciens à faible montant
13303,400,1,61.72,2010-11-04 14:55:00,2010-11-04 14:55:00,United Kingdom,400,61.72,1,Achats anciens à faible montant
13304,351,4,1217.99,2010-02-08 12:42:00,2010-12-23 14:35:00,United Kingdom,670,304.4975,4,Achats anciens
13305,4,16,3752.61,2010-03-10 14:49:00,2011-12-05 15:15:00,United Kingdom,639,234.538125,0,Champions
13306,430,1,53.65,2010-10-05 14:55:00,2010-10-05 14:55:00,United Kingdom,430,53.65,1,Achats anciens à faible montant
13307,120,3,273.34,2010-04-26 13:28:00,2011-08-11 17:14:00,United Kingdom,592,91.11333333333333,1,Achats anciens à faible montant
13308,23,4,1670.3700000000001,2010-04-22 09:22:00,2011-11-17 09:31:00,United Kingdom,597,417.59250000000003,2,Actifs à montant élevé
13309,7,6,1706.3700000000001,2010-11-12 12:10:00,2011-12-02 16:34:00,United Kingdom,393,284.39500000000004,2,Actifs à montant élevé
13310,28,5,1541.2,2010-11-02 17:03:00,2011-11-11 17:23:00,United Kingdom,402,308.24,2,Actifs à montant élevé
13311,4,2,598.57,2011-07-12 14:26:00,2011-12-05 12:55:00,United Kingdom,150,299.285,3,Achats récents occasionnels
13312,451,1,124.75,2010-09-14 14:36:00,2010-09-14 14:36:00,United Kingdom,451,124.75,1,Achats anciens à faible montant
13313,22,12,3445.32,2009-12-02 16:18:00,2011-11-17 16:48:00,United Kingdom,737,287.11,2,Actifs à montant élevé
13314,2,3,775.94,2011-09-27 10:20:00,2011-12-08 12:29:00,United Kingdom,74,258.6466666666667,3,Achats récents occasionnels
13315,689,1,310.26,2010-01-19 15:34:00,2010-01-19 15:34:00,United Kingdom,689,310.26,1,Achats anciens à faible montant
13316,37,10,12940.82,2010-03-10 10:01:00,2011-11-02 13:40:00,United Kingdom,640,1294.0819999999999,2,Actifs à montant élevé
13317,66,19,6486.091,2009-12-13 11:11:00,2011-10-04 13:35:00,United Kingdom,727,341.3732105263158,2,Actifs à montant élevé
13318,1,3,640.76,2011-11-02 13:26:00,2011-12-08 18:51:00,United Kingdom,37,213.58666666666667,3,Achats récents occasionnels
13319,5,58,22082.5,2009-12-06 14:46:00,2011-12-04 13:34:00,United Kingdom,733,380.73275862068965,0,Champions
13320,78,6,2211.6,2010-08-18 10:29:00,2011-09-22 18:07:00,United Kingdom,479,368.59999999999997,2,Actifs à montant élevé
13321,72,2,567.36,2011-09-14 15:18:00,2011-09-28 15:24:00,United Kingdom,86,283.68,3,Achats récents occasionnels
13322,17,1,199.48000000000002,2011-11-22 14:21:00,2011-11-22 14:21:00,United Kingdom,17,199.48000000000002,3,Achats récents occasionnels
13323,3,5,787.85,2011-09-16 13:23:00,2011-12-06 17:12:00,United Kingdom,84,157.57,3,Achats récents occasionnels
13324,36,18,10513.47,2010-05-25 10:23:00,2011-11-03 16:28:00,United Kingdom,564,584.0816666666666,0,Champions
13325,82,1,675.3,2011-09-19 10:36:00,2011-09-19 10:36:00,United Kingdom,82,675.3,3,Achats récents occasionnels
13326,432,1,281.76,2010-10-03 16:00:00,2010-10-03 16:00:00,United Kingdom,432,281.76,1,Achats anciens à faible montant
13327,39,20,9879.48,2009-12-18 15:35:00,2011-11-01 10:21:00,United Kingdom,721,493.974,0,Champions
13328,316,1,1308.48,2011-01-27 15:22:00,2011-01-27 15:22:00,United Kingdom,316,1308.48,4,Achats anciens
13329,32,8,5112.97,2009-12-04 15:41:00,2011-11-08 10:29:00,United Kingdom,735,639.12125,2,Actifs à montant élevé
13330,93,6,2796.1,2010-02-23 10:12:00,2011-09-08 12:27:00,United Kingdom,655,466.01666666666665,2,Actifs à montant élevé
13331,402,1,262.4,2010-11-03 08:04:00,2010-11-03 08:04:00,United Kingdom,402,262.4,1,Achats anciens à faible montant
13332,14,1,350.9,2011-11-25 13:30:00,2011-11-25 13:30:00,United Kingdom,14,350.9,3,Achats récents occasionnels
13333,411,3,1015.74,2010-02-19 09:26:00,2010-10-24 13:24:00,United Kingdom,659,338.58,4,Achats anciens
13334,82,5,6201.8,2010-02-25 12:21:00,2011-09-18 15:21:00,United Kingdom,653,1240.3600000000001,2,Actifs à montant élevé
13336,77,1,795.12,2011-09-23 14:05:00,2011-09-23 14:05:00,United Kingdom,77,795.12,3,Achats récents occasionnels
13337,546,1,1575.26,2010-06-11 13:27:00,2010-06-11 13:27:00,United Kingdom,546,1575.26,4,Achats anciens
13338,158,4,2445.62,2010-01-05 12:25:00,2011-07-05 09:06:00,United Kingdom,704,611.405,4,Achats anciens
13339,201,1,860.12,2011-05-23 08:31:00,2011-05-23 08:31:00,United Kingdom,201,860.12,4,Achats anciens
13340,45,12,22100.56,2010-02-22 14:54:00,2011-10-25 13:15:00,United Kingdom,655,1841.7133333333334,0,Champions
13341,261,1,775.85,2011-03-24 09:50:00,2011-03-24 09:50:00,United Kingdom,261,775.85,4,Achats anciens
13343,178,1,353.43,2011-06-15 12:24:00,2011-06-15 12:24:00,United Kingdom,178,353.43,1,Achats anciens à faible montant
13344,68,3,2511.69,2011-03-07 10:28:00,2011-10-03 09:45:00,United Kingdom,278,837.23,4,Achats anciens
13345,288,1,389.5,2011-02-25 09:01:00,2011-02-25 09:01:00,United Kingdom,288,389.5,1,Achats anciens à faible montant
13346,463,6,299.4,2010-04-22 12:34:00,2010-09-03 11:41:00,United Kingdom,597,49.9,4,Achats anciens
13347,70,1,341.36,2011-09-30 13:28:00,2011-09-30 13:28:00,United Kingdom,70,341.36,3,Achats récents occasionnels
13348,64,1,233.76,2011-10-06 17:28:00,2011-10-06 17:28:00,United Kingdom,64,233.76,3,Achats récents occasionnels
13349,11,1,247.32,2011-11-29 08:07:00,2011-11-29 08:07:00,United Kingdom,11,247.32,3,Achats récents occasionnels
13350,16,2,979.12,2011-09-21 13:33:00,2011-11-23 16:33:00,United Kingdom,79,489.56,3,Achats récents occasionnels
13351,66,1,373.94,2011-10-04 12:55:00,2011-10-04 12:55:00,United Kingdom,66,373.94,3,Achats récents occasionnels
13352,60,1,397.97999999999996,2011-10-10 13:55:00,2011-10-10 13:55:00,United Kingdom,60,397.97999999999996,3,Achats récents occasionnels
13354,71,1,743.53,2011-09-29 13:17:00,2011-09-29 13:17:00,United Kingdom,71,743.53,3,Achats récents occasionnels
13355,122,1,674.7,2011-08-09 14:48:00,2011-08-09 14:48:00,United Kingdom,122,674.7,1,Achats anciens à faible montant
13356,80,1,768.24,2011-09-20 14:33:00,2011-09-20 14:33:00,United Kingdom,80,768.24,3,Achats récents occasionnels
13357,257,5,3805.5099999999998,2010-03-22 14:30:00,2011-03-27 13:56:00,United Kingdom,627,761.102,4,Achats anciens
13358,269,1,439.03,2011-03-16 11:52:00,2011-03-16 11:52:00,United Kingdom,269,439.03,1,Achats anciens à faible montant
13359,64,2,1043.31,2010-11-01 15:05:00,2011-10-07 09:30:00,United Kingdom,403,521.655,3,Achats récents occasionnels
13360,432,4,1553.65,2010-01-08 11:16:00,2010-10-04 12:37:00,United Kingdom,701,388.4125,4,Achats anciens
13361,472,2,1450.5,2010-04-01 07:49:00,2010-08-24 14:56:00,United Kingdom,618,725.25,4,Achats anciens
13362,9,7,5394.07,2010-10-10 15:27:00,2011-11-30 14:41:00,United Kingdom,425,770.5814285714285,2,Actifs à montant élevé
13363,18,3,1723.86,2010-10-26 11:07:00,2011-11-22 12:40:00,United Kingdom,410,574.62,3,Achats récents occasionnels
13364,71,1,134.95999999999998,2011-09-29 18:13:00,2011-09-29 18:13:00,United Kingdom,71,134.95999999999998,1,Achats anciens à faible montant
13365,34,2,2225.37,2011-05-06 12:00:00,2011-11-06 12:36:00,United Kingdom,218,1112.685,3,Achats récents occasionnels
13366,50,1,56.160000000000004,2011-10-20 13:37:00,2011-10-20 13:37:00,United Kingdom,50,56.160000000000004,1,Achats anciens à faible montant
13367,432,1,510.20000000000005,2010-10-04 10:00:00,2010-10-04 10:00:00,United Kingdom,432,510.20000000000005,1,Achats anciens à faible montant
13368,257,4,1121.5,2010-10-12 10:43:00,2011-03-28 09:59:00,United Kingdom,424,280.375,4,Achats anciens
13369,366,1,616.5600000000001,2010-12-09 11:30:00,2010-12-09 11:30:00,United Kingdom,366,616.5600000000001,1,Achats anciens à faible montant
13370,372,1,1509.74,2010-12-03 10:26:00,2010-12-03 10:26:00,United Kingdom,372,1509.74,4,Achats anciens
13371,505,2,2297.66,2010-03-17 15:29:00,2010-07-22 17:33:00,United Kingdom,632,1148.83,4,Achats anciens
13372,90,1,378.64,2011-09-11 12:46:00,2011-09-11 12:46:00,United Kingdom,90,378.64,1,Achats anciens à faible montant
13373,61,6,7587.1900000000005,2009-12-06 12:34:00,2011-10-10 10:51:00,United Kingdom,734,1264.5316666666668,2,Actifs à montant élevé
13374,415,2,422.8,2010-09-16 10:29:00,2010-10-21 10:04:00,United Kingdom,450,211.4,1,Achats anciens à faible montant
13375,89,2,1792.23,2010-09-21 08:12:00,2011-09-12 10:19:00,United Kingdom,445,896.115,4,Achats anciens
13376,99,3,1019.76,2011-04-19 13:03:00,2011-09-01 16:16:00,United Kingdom,234,339.92,4,Achats anciens
13377,397,2,1552.88,2010-03-04 10:06:00,2010-11-08 12:20:00,United Kingdom,646,776.44,4,Achats anciens
13379,26,3,572.56,2011-07-26 12:26:00,2011-11-13 13:45:00,United Kingdom,137,190.85333333333332,3,Achats récents occasionnels
13380,433,1,62.4,2010-10-03 10:18:00,2010-10-03 10:18:00,United Kingdom,433,62.4,1,Achats anciens à faible montant
13381,32,12,8224.37,2009-12-01 15:19:00,2011-11-08 11:58:00,United Kingdom,738,685.3641666666667,2,Actifs à montant élevé
13382,281,5,1387.58,2009-12-08 09:56:00,2011-03-04 10:03:00,United Kingdom,732,277.51599999999996,4,Achats anciens
13383,544,1,305.28000000000003,2010-06-14 11:45:00,2010-06-14 11:45:00,United Kingdom,544,305.28000000000003,1,Achats anciens à faible montant
13384,31,11,6680.83,2010-07-27 12:22:00,2011-11-09 11:04:00,United Kingdom,501,607.3481818181818,2,Actifs à montant élevé
13385,330,1,534.57,2011-01-14 09:52:00,2011-01-14 09:52:00,United Kingdom,330,534.57,1,Achats anciens à faible montant
13386,414,2,835.46,2010-09-28 13:09:00,2010-10-21 12:52:00,United Kingdom,437,417.73,4,Achats anciens
13387,417,1,186.94,2010-10-18 14:07:00,2010-10-18 14:07:00,United Kingdom,417,186.94,1,Achats anciens à faible montant
13388,131,3,1185.65,2010-04-15 10:18:00,2011-07-31 12:52:00,United Kingdom,604,395.2166666666667,4,Achats anciens
13389,11,3,797.96,2011-04-21 12:12:00,2011-11-28 14:01:00,United Kingdom,233,265.9866666666667,3,Achats récents occasionnels
13390,75,1,544.08,2011-09-26 08:38:00,2011-09-26 08:38:00,United Kingdom,75,544.08,3,Achats récents occasionnels
13391,204,1,59.8,2011-05-20 10:50:00,2011-05-20 10:50:00,United Kingdom,204,59.8,1,Achats anciens à faible montant
13392,677,1,91.14,2010-01-31 13:34:00,2010-01-31 13:34:00,United Kingdom,677,91.14,1,Achats anciens à faible montant
13393,584,4,1131.45,2009-12-07 18:12:00,2010-05-05 09:34:00,United Kingdom,732,282.8625,4,Achats anciens
13394,2,19,6621.7,2009-12-01 11:58:00,2011-12-08 11:36:00,United Kingdom,739,348.5105263157895,0,Champions
13395,185,3,1180.23,2010-10-14 13:00:00,2011-06-07 15:04:00,United Kingdom,421,393.41,4,Achats anciens
13396,29,2,1360.99,2011-01-24 13:37:00,2011-11-10 16:59:00,United Kingdom,319,680.495,3,Achats récents occasionnels
13397,73,10,3191.87,2010-01-20 09:50:00,2011-09-28 10:56:00,United Kingdom,689,319.187,2,Actifs à montant élevé
13398,192,2,670.34,2010-09-17 09:34:00,2011-05-31 13:17:00,United Kingdom,449,335.17,4,Achats anciens
13399,464,3,275.4,2010-07-08 17:47:00,2010-09-01 13:59:00,United Kingdom,519,91.8,1,Achats anciens à faible montant
13400,583,1,310.83,2010-05-06 09:00:00,2010-05-06 09:00:00,United Kingdom,583,310.83,1,Achats anciens à faible montant
13402,127,4,1535.13,2010-05-24 10:56:00,2011-08-04 15:51:00,United Kingdom,565,383.7825,4,Achats anciens
13403,18,3,229.5,2009-12-16 13:23:00,2011-11-22 08:28:00,United Kingdom,723,76.5,3,Achats récents occasionnels
13404,1,2,252.49,2011-05-11 11:57:00,2011-12-08 15:37:00,United Kingdom,213,126.245,3,Achats récents occasionnels
13405,74,6,1213.811,2009-12-15 14:13:00,2011-09-26 17:01:00,United Kingdom,724,202.30183333333332,2,Actifs à montant élevé
13406,427,2,568.92,2010-03-18 07:29:00,2010-10-08 14:44:00,United Kingdom,632,284.46,4,Achats anciens
13407,579,3,2244.7,2010-02-16 11:13:00,2010-05-10 12:41:00,United Kingdom,662,748.2333333333332,4,Achats anciens
13408,2,106,51733.462,2009-12-04 09:31:00,2011-12-08 09:05:00,United Kingdom,736,488.0515283018868,0,Champions
13410,24,9,2201.96,2009-12-08 13:43:00,2011-11-15 15:33:00,United Kingdom,731,244.66222222222223,2,Actifs à montant élevé
13411,107,1,213.55,2011-08-24 13:57:00,2011-08-24 13:57:00,United Kingdom,107,213.55,1,Achats anciens à faible montant
13412,620,1,487.34999999999997,2010-03-29 16:28:00,2010-03-29 16:28:00,United Kingdom,620,487.34999999999997,1,Achats anciens à faible montant
13413,640,6,429.44,2010-01-21 17:43:00,2010-03-10 12:17:00,United Kingdom,687,71.57333333333334,4,Achats anciens
13414,134,6,2494.14,2010-04-15 17:00:00,2011-07-29 11:45:00,United Kingdom,603,415.69,2,Actifs à montant élevé
13415,473,4,784.17,2009-12-11 14:20:00,2010-08-24 11:38:00,United Kingdom,728,196.0425,4,Achats anciens
13416,44,3,940.8000000000001,2009-12-03 13:02:00,2011-10-27 08:56:00,United Kingdom,736,313.6,3,Achats récents occasionnels
13417,5,6,1669.49,2010-02-08 12:39:00,2011-12-05 08:49:00,United Kingdom,670,278.24833333333333,2,Actifs à montant élevé
13418,12,31,12182.9,2009-12-11 12:51:00,2011-11-28 10:23:00,United Kingdom,728,392.9967741935484,0,Champions
13419,64,1,221.06,2011-10-07 12:49:00,2011-10-07 12:49:00,United Kingdom,64,221.06,1,Achats anciens à faible montant
13420,150,2,159.85,2011-06-22 11:35:00,2011-07-13 08:48:00,United Kingdom,171,79.925,1,Achats anciens à faible montant
13421,40,8,4058.75,2010-02-14 14:45:00,2011-10-30 14:21:00,United Kingdom,663,507.34375,2,Actifs à montant élevé
13422,64,1,2626.3,2011-10-06 13:42:00,2011-10-06 13:42:00,United Kingdom,64,2626.3,3,Achats récents occasionnels
13423,429,1,217.03,2010-10-07 09:02:00,2010-10-07 09:02:00,United Kingdom,429,217.03,1,Achats anciens à faible montant
13424,450,1,572.77,2010-09-16 10:49:00,2010-09-16 10:49:00,United Kingdom,450,572.77,1,Achats anciens à faible montant
13425,108,5,3390.4300000000003,2010-05-09 14:35:00,2011-08-23 17:13:00,United Kingdom,579,678.086,2,Actifs à montant élevé
13426,1,22,8167.38,2009-12-09 15:16:00,2011-12-09 08:59:00,United Kingdom,730,371.24454545454546,0,Champions
13427,19,6,1006.53,2009-12-17 13:44:00,2011-11-20 13:02:00,United Kingdom,722,167.755,2,Actifs à montant élevé
13428,10,3,478.54,2010-07-13 13:20:00,2011-11-29 14:20:00,United Kingdom,514,159.51333333333335,3,Achats récents occasionnels
13429,11,4,1006.8,2011-09-25 15:59:00,2011-11-29 09:10:00,United Kingdom,75,251.7,3,Achats récents occasionnels
13430,19,2,679.45,2011-09-14 14:26:00,2011-11-21 08:19:00,United Kingdom,86,339.725,3,Achats récents occasionnels
13431,67,8,3316.24,2010-02-18 11:53:00,2011-10-03 13:49:00,United Kingdom,660,414.53,2,Actifs à montant élevé
13432,571,2,439.1,2010-04-06 14:42:00,2010-05-17 13:18:00,United Kingdom,612,219.55,1,Achats anciens à faible montant
13433,501,4,658.3199999999999,2010-01-12 08:59:00,2010-07-26 16:55:00,United Kingdom,697,164.57999999999998,4,Achats anciens
13434,74,5,1666.8600000000001,2010-02-22 09:54:00,2011-09-26 14:30:00,United Kingdom,656,333.372,2,Actifs à montant élevé
13435,5,9,4447.33,2010-07-27 16:56:00,2011-12-04 14:45:00,United Kingdom,500,494.1477777777778,0,Champions
13436,2,1,196.89,2011-12-08 10:33:00,2011-12-08 10:33:00,United Kingdom,2,196.89,3,Achats récents occasionnels
13437,14,7,3408.06,2011-06-02 14:30:00,2011-11-25 14:00:00,United Kingdom,190,486.86571428571426,2,Actifs à montant élevé
13438,547,1,46.5,2010-06-10 18:46:00,2010-06-10 18:46:00,United Kingdom,547,46.5,1,Achats anciens à faible montant
13439,255,3,986.61,2010-07-01 14:36:00,2011-03-29 14:20:00,United Kingdom,526,328.87,4,Achats anciens
13440,423,7,1295.25,2010-09-14 10:34:00,2010-10-12 13:11:00,United Kingdom,452,185.03571428571428,4,Achats anciens
13441,92,2,720.9,2010-10-04 10:38:00,2011-09-09 09:38:00,United Kingdom,432,360.45,4,Achats anciens
13442,667,3,419.87,2009-12-01 14:59:00,2010-02-10 14:03:00,United Kingdom,738,139.95666666666668,4,Achats anciens
13443,449,6,1273.16,2010-01-31 13:30:00,2010-09-17 12:31:00,United Kingdom,677,212.19333333333336,4,Achats anciens
13444,374,2,619.08,2010-07-21 14:34:00,2010-11-30 13:02:00,United Kingdom,506,309.54,4,Achats anciens
13445,626,1,241.89999999999998,2010-03-23 15:34:00,2010-03-23 15:34:00,United Kingdom,626,241.89999999999998,1,Achats anciens à faible montant
13446,430,11,3881.89,2010-02-14 11:52:00,2010-10-05 18:51:00,United Kingdom,664,352.8990909090909,2,Actifs à montant élevé
13447,23,3,1129.14,2011-11-04 10:10:00,2011-11-16 13:38:00,United Kingdom,36,376.38000000000005,3,Achats récents occasionnels
13448,17,13,9189.89,2009-12-06 12:14:00,2011-11-23 12:33:00,United Kingdom,734,706.9146153846153,0,Champions
13449,24,1,291.88,2011-11-16 08:28:00,2011-11-16 08:28:00,United Kingdom,24,291.88,3,Achats récents occasionnels
13450,27,13,4120.04,2010-04-15 19:15:00,2011-11-13 11:54:00,United Kingdom,603,316.92615384615385,2,Actifs à montant élevé
13451,26,11,7090.06,2010-03-21 16:13:00,2011-11-13 15:58:00,United Kingdom,628,644.5509090909092,2,Actifs à montant élevé
13452,259,3,729.8,2010-08-24 09:53:00,2011-03-25 14:19:00,United Kingdom,473,243.26666666666665,4,Achats anciens
13453,166,3,781.6899999999999,2010-11-02 13:23:00,2011-06-27 09:34:00,United Kingdom,402,260.56333333333333,4,Achats anciens
13454,641,1,219.87,2010-03-08 14:40:00,2010-03-08 14:40:00,United Kingdom,641,219.87,1,Achats anciens à faible montant
13455,25,6,2905.93,2009-12-09 08:58:00,2011-11-15 11:21:00,United Kingdom,731,484.32166666666666,2,Actifs à montant élevé
13456,18,6,1766.72,2011-05-16 15:34:00,2011-11-22 09:18:00,United Kingdom,207,294.4533333333333,2,Actifs à montant élevé
13457,689,2,148.22,2009-12-02 12:46:00,2010-01-20 08:48:00,United Kingdom,738,74.11,1,Achats anciens à faible montant
13458,7,16,11959.27,2010-11-16 14:01:00,2011-12-02 15:29:00,United Kingdom,388,747.454375,0,Champions
13459,625,2,1160.4099999999999,2010-01-26 13:35:00,2010-03-25 10:24:00,United Kingdom,682,580.2049999999999,4,Achats anciens
13460,29,2,183.44,2011-10-21 09:50:00,2011-11-10 17:17:00,United Kingdom,50,91.72,3,Achats récents occasionnels
13461,39,6,4160.0,2010-04-21 16:01:00,2011-11-01 09:01:00,United Kingdom,597,693.3333333333334,2,Actifs à montant élevé
13462,253,5,1153.85,2009-12-14 09:48:00,2011-04-01 11:20:00,United Kingdom,726,230.76999999999998,4,Achats anciens
13464,58,6,3097.64,2010-03-31 15:22:00,2011-10-12 15:01:00,United Kingdom,618,516.2733333333333,2,Actifs à montant élevé
13465,446,2,931.12,2010-05-02 15:30:00,2010-09-19 15:13:00,United Kingdom,586,465.56,4,Achats anciens
13466,184,5,1013.35,2010-03-21 13:50:00,2011-06-08 16:39:00,United Kingdom,628,202.67000000000002,4,Achats anciens
13467,11,2,1071.91,2011-11-03 16:56:00,2011-11-29 10:01:00,United Kingdom,36,535.955,3,Achats récents occasionnels
13468,2,72,13375.51,2009-12-03 13:32:00,2011-12-08 10:39:00,United Kingdom,736,185.7709722222222,0,Champions
13469,653,1,82.4,2010-02-24 15:03:00,2010-02-24 15:03:00,United Kingdom,653,82.4,1,Achats anciens à faible montant
13470,99,2,165.0,2011-08-16 17:06:00,2011-09-01 14:57:00,United Kingdom,115,82.5,1,Achats anciens à faible montant
13471,1,4,2501.84,2011-10-23 13:10:00,2011-12-08 15:44:00,United Kingdom,47,625.46,3,Achats récents occasionnels
13472,464,2,592.24,2010-06-02 09:48:00,2010-09-02 09:41:00,United Kingdom,556,296.12,4,Achats anciens
13473,61,8,2657.7599999999998,2009-12-15 19:02:00,2011-10-10 11:20:00,United Kingdom,724,332.21999999999997,2,Actifs à montant élevé
13474,236,3,646.59,2010-08-01 14:40:00,2011-04-17 13:53:00,United Kingdom,495,215.53,4,Achats anciens
13475,191,4,1431.78,2011-02-14 12:36:00,2011-06-01 13:52:00,United Kingdom,299,357.945,4,Achats anciens
13476,179,5,2061.4700000000003,2010-03-05 09:39:00,2011-06-14 12:00:00,United Kingdom,645,412.29400000000004,4,Achats anciens
13477,38,11,2819.17,2010-01-25 11:52:00,2011-11-02 12:04:00,United Kingdom,684,256.28818181818184,2,Actifs à montant élevé
13478,469,5,2215.78,2010-01-31 15:51:00,2010-08-27 13:23:00,United Kingdom,677,443.15600000000006,4,Achats anciens
13479,201,4,851.37,2010-08-19 16:18:00,2011-05-23 10:45:00,United Kingdom,477,212.8425,4,Achats anciens
13480,417,2,627.82,2010-01-29 12:35:00,2010-10-19 11:53:00,United Kingdom,680,313.91,4,Achats anciens
13481,46,11,3830.84,2009-12-04 12:37:00,2011-10-25 09:07:00,United Kingdom,736,348.2581818181818,2,Actifs à montant élevé
13482,232,2,336.09,2010-03-22 10:31:00,2011-04-21 17:03:00,United Kingdom,628,168.045,1,Achats anciens à faible montant
13483,66,1,140.34,2011-10-05 11:53:00,2011-10-05 11:53:00,United Kingdom,66,140.34,1,Achats anciens à faible montant
13484,241,3,790.72,2010-03-10 11:46:00,2011-04-12 16:30:00,United Kingdom,640,263.5733333333333,4,Achats anciens
13485,233,11,3019.2200000000003,2009-12-03 13:46:00,2011-04-20 13:58:00,United Kingdom,736,274.4745454545455,2,Actifs à montant élevé
13486,78,3,1122.41,2011-07-07 17:19:00,2011-09-22 13:13:00,United Kingdom,155,374.1366666666667,4,Achats anciens
13487,58,5,846.87,2009-12-05 10:25:00,2011-10-13 12:07:00,United Kingdom,735,169.374,3,Achats récents occasionnels
13488,17,23,15587.88,2010-01-25 10:13:00,2011-11-22 14:41:00,United Kingdom,684,677.7339130434782,0,Champions
13489,105,4,449.52,2011-02-18 10:42:00,2011-08-26 13:16:00,United Kingdom,295,112.38,4,Achats anciens
13490,654,1,154.25,2010-02-23 14:48:00,2010-02-23 14:48:00,United Kingdom,654,154.25,1,Achats anciens à faible montant
13491,52,27,4566.56,2009-12-07 08:24:00,2011-10-19 08:32:00,United Kingdom,733,169.13185185185188,0,Champions
13492,136,3,1269.84,2011-05-09 10:06:00,2011-07-26 14:25:00,Switzerland,215,423.28,4,Achats anciens
13493,275,2,618.63,2011-02-25 16:42:00,2011-03-09 15:35:00,Switzerland,287,309.315,4,Achats anciens
13494,312,1,316.26000000000005,2011-02-01 11:58:00,2011-02-01 11:58:00,United Kingdom,312,316.26000000000005,1,Achats anciens à faible montant
13495,8,10,5374.26,2009-12-07 12:12:00,2011-12-02 11:21:00,United Kingdom,733,537.426,0,Champions
13496,11,2,653.33,2010-12-15 10:17:00,2011-11-29 10:58:00,United Kingdom,360,326.665,3,Achats récents occasionnels
13497,283,6,1320.33,2010-02-08 10:27:00,2011-03-02 09:04:00,United Kingdom,670,220.05499999999998,4,Achats anciens
13498,730,1,327.38,2009-12-09 15:26:00,2009-12-09 15:26:00,United Kingdom,730,327.38,1,Achats anciens à faible montant
13499,18,5,1159.11,2011-03-15 08:52:00,2011-11-22 11:21:00,United Kingdom,270,231.82199999999997,2,Actifs à montant élevé
13500,23,4,1466.3,2010-11-03 13:16:00,2011-11-16 15:35:00,United Kingdom,401,366.575,3,Achats récents occasionnels
13501,288,3,2885.11,2010-05-18 13:24:00,2011-02-24 18:59:00,Switzerland,570,961.7033333333334,4,Achats anciens
13502,17,5,780.5,2010-06-09 10:52:00,2011-11-23 10:39:00,United Kingdom,549,156.1,3,Achats récents occasionnels
13503,71,6,1859.24,2010-02-16 13:49:00,2011-09-29 13:23:00,United Kingdom,661,309.87333333333333,2,Actifs à montant élevé
13504,64,1,295.93,2011-10-06 13:20:00,2011-10-06 13:20:00,United Kingdom,64,295.93,3,Achats récents occasionnels
13505,73,4,4393.63,2011-04-21 12:07:00,2011-09-28 11:56:00,Switzerland,233,1098.4075,2,Actifs à montant élevé
13506,316,5,1639.2,2010-09-05 12:33:00,2011-01-27 13:53:00,United Kingdom,461,327.84000000000003,4,Achats anciens
13507,3,4,2479.16,2011-07-17 11:50:00,2011-12-06 13:13:00,United Kingdom,146,619.79,2,Actifs à montant élevé
13508,244,2,287.05,2010-03-07 11:58:00,2011-04-10 11:58:00,United Kingdom,643,143.525,1,Achats anciens à faible montant
13509,9,8,1114.72,2010-07-20 12:10:00,2011-12-01 10:10:00,United Kingdom,508,139.34,2,Actifs à montant élevé
13510,1,11,4558.29,2009-12-21 11:53:00,2011-12-08 13:46:00,United Kingdom,719,414.39,0,Champions
13511,677,1,282.76,2010-02-01 12:10:00,2010-02-01 12:10:00,United Kingdom,677,282.76,1,Achats anciens à faible montant
13512,261,4,713.39,2010-05-05 13:22:00,2011-03-24 10:03:00,United Kingdom,583,178.3475,4,Achats anciens
13513,127,3,824.59,2010-02-22 16:36:00,2011-08-05 11:50:00,United Kingdom,655,274.86333333333334,4,Achats anciens
13514,74,4,815.9000000000001,2010-01-26 15:11:00,2011-09-27 09:39:00,United Kingdom,682,203.97500000000002,4,Achats anciens
13515,73,6,1265.82,2010-03-05 11:58:00,2011-09-28 11:26:00,United Kingdom,645,210.97,2,Actifs à montant élevé
13516,21,4,1685.26,2010-10-18 08:52:00,2011-11-18 13:15:00,United Kingdom,418,421.315,2,Actifs à montant élevé
13517,60,3,2128.42,2011-06-13 08:44:00,2011-10-11 11:43:00,United Kingdom,180,709.4733333333334,4,Achats anciens
13518,86,1,627.16,2011-09-15 10:29:00,2011-09-15 10:29:00,United Kingdom,86,627.16,3,Achats récents occasionnels
13519,78,2,343.21,2010-09-23 11:45:00,2011-09-22 18:24:00,United Kingdom,443,171.605,3,Achats récents occasionnels
13520,59,11,6909.4,2009-12-17 11:11:00,2011-10-12 10:20:00,Switzerland,723,628.1272727272727,2,Actifs à montant élevé
13521,1,3,1071.73,2011-11-29 15:09:00,2011-12-08 13:50:00,United Kingdom,10,357.24333333333334,3,Achats récents occasionnels
13522,30,1,125.80000000000001,2011-11-09 15:11:00,2011-11-09 15:11:00,United Kingdom,30,125.80000000000001,3,Achats récents occasionnels
13523,33,6,5101.52,2010-11-02 14:55:00,2011-11-06 15:11:00,United Kingdom,402,850.2533333333334,2,Actifs à montant élevé
13524,41,5,680.1800000000001,2011-05-04 12:26:00,2011-10-30 12:34:00,United Kingdom,220,136.036,3,Achats récents occasionnels
13525,15,2,628.78,2011-04-05 15:36:00,2011-11-25 12:01:00,United Kingdom,248,314.39,3,Achats récents occasionnels
13526,738,2,1182.0,2009-12-01 12:56:00,2009-12-01 13:13:00,United Kingdom,738,591.0,4,Achats anciens
13527,34,12,4541.29,2010-01-21 12:37:00,2011-11-06 12:04:00,United Kingdom,688,378.44083333333333,2,Actifs à montant élevé
13529,79,2,307.76,2011-05-19 11:50:00,2011-09-22 09:15:00,United Kingdom,205,153.88,3,Achats récents occasionnels
13530,634,1,402.97999999999996,2010-03-15 14:10:00,2010-03-15 14:10:00,United Kingdom,634,402.97999999999996,1,Achats anciens à faible montant
13531,205,6,1738.52,2009-12-03 15:20:00,2011-05-18 16:56:00,United Kingdom,736,289.75333333333333,4,Achats anciens
13532,34,1,210.31,2011-11-06 12:25:00,2011-11-06 12:25:00,United Kingdom,34,210.31,3,Achats récents occasionnels
13533,183,3,269.09,2011-03-17 12:47:00,2011-06-10 11:54:00,United Kingdom,268,89.69666666666666,1,Achats anciens à faible montant
13534,2,35,7720.9,2010-07-07 15:00:00,2011-12-07 14:52:00,United Kingdom,520,220.59714285714284,0,Champions
13535,403,1,89.5,2010-11-02 11:49:00,2010-11-02 11:49:00,United Kingdom,403,89.5,1,Achats anciens à faible montant
13536,1,7,3444.39,2011-09-25 13:30:00,2011-12-08 16:38:00,United Kingdom,75,492.05571428571426,0,Champions
13537,426,2,717.85,2010-09-14 10:41:00,2010-10-10 12:45:00,United Kingdom,452,358.925,4,Achats anciens
13538,43,12,3103.13,2010-02-02 12:47:00,2011-10-27 16:34:00,United Kingdom,676,258.5941666666667,2,Actifs à montant élevé
13539,86,7,1569.3600000000001,2010-04-28 12:04:00,2011-09-15 10:18:00,United Kingdom,591,224.19428571428574,2,Actifs à montant élevé
13540,467,3,632.39,2010-02-22 09:22:00,2010-08-29 14:20:00,United Kingdom,656,210.79666666666665,4,Achats anciens
13541,427,2,785.25,2010-05-18 16:15:00,2010-10-08 16:37:00,United Kingdom,570,392.625,4,Achats anciens
13542,377,17,3959.4900000000002,2009-12-10 19:53:00,2010-11-28 11:24:00,United Kingdom,729,232.91117647058826,2,Actifs à montant élevé
13543,634,2,1439.6100000000001,2010-01-21 14:30:00,2010-03-15 13:34:00,United Kingdom,687,719.8050000000001,4,Achats anciens
13544,40,6,790.2,2010-03-05 11:31:00,2011-10-31 11:57:00,United Kingdom,645,131.70000000000002,2,Actifs à montant élevé
13545,391,2,364.93,2010-06-13 11:49:00,2010-11-14 11:27:00,United Kingdom,545,182.465,1,Achats anciens à faible montant
13546,12,5,1086.24,2010-10-11 17:23:00,2011-11-27 14:50:00,United Kingdom,424,217.248,3,Achats récents occasionnels
13547,408,1,167.08,2010-10-27 14:14:00,2010-10-27 14:14:00,United Kingdom,408,167.08,1,Achats anciens à faible montant
13548,96,3,901.44,2010-08-25 13:44:00,2011-09-04 14:50:00,United Kingdom,471,300.48,4,Achats anciens
13549,26,8,1005.8,2010-11-17 12:17:00,2011-11-14 09:20:00,United Kingdom,388,125.725,2,Actifs à montant élevé
13550,383,1,342.55,2010-11-21 15:24:00,2010-11-21 15:24:00,United Kingdom,383,342.55,1,Achats anciens à faible montant
13551,319,2,244.2,2010-02-11 15:01:00,2011-01-24 14:46:00,United Kingdom,666,122.1,1,Achats anciens à faible montant
13552,66,22,6948.92,2010-02-19 13:28:00,2011-10-04 15:19:00,United Kingdom,658,315.86,0,Champions
13553,675,1,499.6,2010-02-03 12:21:00,2010-02-03 12:21:00,United Kingdom,675,499.6,1,Achats anciens à faible montant
13554,380,7,1629.35,2010-09-19 12:39:00,2010-11-24 15:05:00,United Kingdom,447,232.7642857142857,4,Achats anciens
13555,74,13,8891.84,2010-01-19 13:20:00,2011-09-27 12:36:00,United Kingdom,689,683.9876923076923,2,Actifs à montant élevé
13556,429,2,200.82,2010-09-30 09:01:00,2010-10-06 16:44:00,United Kingdom,436,100.41,1,Achats anciens à faible montant
13557,28,13,3032.26,2009-12-08 17:41:00,2011-11-11 15:24:00,United Kingdom,731,233.25076923076924,2,Actifs à montant élevé
13558,6,4,594.52,2011-10-02 13:01:00,2011-12-04 11:24:00,United Kingdom,68,148.63,3,Achats récents occasionnels
13559,513,2,990.0,2010-06-14 11:52:00,2010-07-15 09:52:00,United Kingdom,544,495.0,4,Achats anciens
13560,7,1,171.42000000000002,2011-12-02 13:11:00,2011-12-02 13:11:00,United Kingdom,7,171.42000000000002,3,Achats récents occasionnels
13561,216,11,1803.4,2010-02-28 13:42:00,2011-05-08 12:39:00,United Kingdom,649,163.94545454545457,2,Actifs à montant élevé
13562,82,8,4838.18,2010-01-14 16:33:00,2011-09-19 10:51:00,United Kingdom,694,604.7725,2,Actifs à montant élevé
13563,84,2,777.53,2011-07-22 17:21:00,2011-09-16 14:45:00,United Kingdom,140,388.765,3,Achats récents occasionnels
13564,144,37,17035.02,2009-12-02 11:55:00,2011-07-18 14:33:00,United Kingdom,738,460.405945945946,0,Champions
13565,19,3,414.8,2010-10-24 15:51:00,2011-11-20 14:33:00,United Kingdom,411,138.26666666666668,3,Achats récents occasionnels
13566,41,5,1688.6,2010-03-10 12:22:00,2011-10-30 11:59:00,United Kingdom,640,337.71999999999997,2,Actifs à montant élevé
13567,428,4,1079.29,2010-06-16 12:48:00,2010-10-07 12:51:00,United Kingdom,542,269.8225,4,Achats anciens
13568,173,1,187.05,2011-06-19 14:42:00,2011-06-19 14:42:00,United Kingdom,173,187.05,1,Achats anciens à faible montant
13569,17,4,836.36,2010-10-07 13:05:00,2011-11-22 13:07:00,United Kingdom,428,209.09,3,Achats récents occasionnels
13570,243,1,239.49,2011-04-10 13:36:00,2011-04-10 13:36:00,United Kingdom,243,239.49,1,Achats anciens à faible montant
13571,13,26,4537.26,2009-12-08 13:02:00,2011-11-27 10:47:00,United Kingdom,731,174.51000000000002,0,Champions
13572,206,1,1384.25,2011-05-18 11:59:00,2011-05-18 11:59:00,United Kingdom,206,1384.25,4,Achats anciens
13573,50,6,904.52,2010-03-12 16:06:00,2011-10-20 14:33:00,United Kingdom,637,150.75333333333333,2,Actifs à montant élevé
13574,411,1,404.45,2010-10-24 13:28:00,2010-10-24 13:28:00,United Kingdom,411,404.45,1,Achats anciens à faible montant
13575,23,5,732.0699999999999,2011-06-16 14:24:00,2011-11-16 13:14:00,United Kingdom,176,146.414,3,Achats récents occasionnels
13576,10,28,11551.74,2009-12-08 15:12:00,2011-11-29 15:34:00,United Kingdom,731,412.5621428571429,0,Champions
13577,25,11,3489.28,2009-12-14 16:10:00,2011-11-14 15:19:00,United Kingdom,725,317.20727272727277,2,Actifs à montant élevé
13578,409,1,147.66,2010-10-26 13:44:00,2010-10-26 13:44:00,United Kingdom,409,147.66,1,Achats anciens à faible montant
13579,15,5,1539.04,2010-02-18 13:53:00,2011-11-25 08:41:00,United Kingdom,659,307.808,2,Actifs à montant élevé
13580,406,1,107.75,2010-10-29 15:01:00,2010-10-29 15:01:00,United Kingdom,406,107.75,1,Achats anciens à faible montant
13581,309,2,280.53000000000003,2010-10-21 16:30:00,2011-02-03 14:41:00,United Kingdom,414,140.26500000000001,1,Achats anciens à faible montant
13582,390,2,241.68,2010-04-01 11:38:00,2010-11-15 11:34:00,United Kingdom,618,120.84,1,Achats anciens à faible montant
13583,156,2,1445.031,2010-01-29 13:53:00,2011-07-07 10:40:00,United Kingdom,679,722.5155,4,Achats anciens
13584,307,3,385.7,2010-02-02 08:40:00,2011-02-06 12:49:00,United Kingdom,676,128.56666666666666,4,Achats anciens
13585,531,3,684.54,2009-12-01 14:56:00,2010-06-27 12:33:00,United Kingdom,738,228.17999999999998,4,Achats anciens
13586,541,1,127.28,2010-06-16 13:47:00,2010-06-16 13:47:00,United Kingdom,541,127.28,1,Achats anciens à faible montant
13587,64,4,1673.5,2010-02-14 13:17:00,2011-10-07 12:31:00,United Kingdom,663,418.375,2,Actifs à montant élevé
13588,16,9,2478.95,2011-03-29 15:53:00,2011-11-24 10:42:00,United Kingdom,255,275.43888888888887,2,Actifs à montant élevé
13589,15,6,1120.74,2009-12-06 10:26:00,2011-11-25 12:10:00,United Kingdom,734,186.79,2,Actifs à montant élevé
13590,11,18,6336.04,2009-12-01 13:37:00,2011-11-28 12:54:00,United Kingdom,738,352.0022222222222,0,Champions
13591,65,7,2093.94,2009-12-14 15:44:00,2011-10-06 12:26:00,United Kingdom,725,299.13428571428574,2,Actifs à montant élevé
13592,36,4,247.95999999999998,2011-03-20 14:01:00,2011-11-04 09:49:00,United Kingdom,264,61.989999999999995,3,Achats récents occasionnels
13593,108,14,5493.29,2010-03-02 16:36:00,2011-08-23 13:35:00,United Kingdom,647,392.3778571428571,2,Actifs à montant élevé
13594,53,2,533.32,2010-08-11 10:23:00,2011-10-18 10:19:00,United Kingdom,486,266.66,3,Achats récents occasionnels
13595,517,3,784.48,2010-03-03 14:42:00,2010-07-11 12:36:00,United Kingdom,646,261.49333333333334,4,Achats anciens
13596,6,2,664.11,2011-11-27 11:57:00,2011-12-04 12:01:00,United Kingdom,13,332.055,3,Achats récents occasionnels
13597,400,2,396.71,2010-11-02 09:30:00,2010-11-04 14:54:00,United Kingdom,403,198.355,1,Achats anciens à faible montant
13598,47,5,761.96,2010-02-26 11:22:00,2011-10-23 14:28:00,United Kingdom,652,152.392,3,Achats récents occasionnels
13599,1,33,10163.880000000001,2009-12-01 12:30:00,2011-12-08 16:10:00,United Kingdom,739,307.99636363636364,0,Champions
13600,312,2,518.42,2010-03-15 17:16:00,2011-01-31 15:27:00,United Kingdom,634,259.21,4,Achats anciens
13601,45,4,1159.99,2010-06-11 15:03:00,2011-10-25 17:31:00,United Kingdom,546,289.9975,3,Achats récents occasionnels
13602,65,4,1025.17,2010-05-28 11:49:00,2011-10-06 11:47:00,United Kingdom,561,256.2925,4,Achats anciens
13603,26,1,164.34,2011-11-13 15:57:00,2011-11-13 15:57:00,United Kingdom,26,164.34,3,Achats récents occasionnels
13604,659,1,717.62,2010-02-19 12:02:00,2010-02-19 12:02:00,United Kingdom,659,717.62,1,Achats anciens à faible montant
13605,387,2,522.67,2010-05-17 15:46:00,2010-11-17 17:16:00,United Kingdom,571,261.335,4,Achats anciens
13606,29,3,276.75,2011-02-01 11:42:00,2011-11-10 17:46:00,United Kingdom,312,92.25,3,Achats récents occasionnels
13607,40,2,1075.81,2010-11-02 11:48:00,2011-10-30 16:17:00,United Kingdom,403,537.905,3,Achats récents occasionnels
13608,541,1,232.05,2010-06-17 12:28:00,2010-06-17 12:28:00,United Kingdom,541,232.05,1,Achats anciens à faible montant
13609,593,1,167.35,2010-04-25 13:26:00,2010-04-25 13:26:00,United Kingdom,593,167.35,1,Achats anciens à faible montant
13610,12,14,2103.71,2010-01-05 14:12:00,2011-11-27 15:38:00,United Kingdom,703,150.26500000000001,2,Actifs à montant élevé
13611,89,10,3297.9300000000003,2009-12-03 07:57:00,2011-09-11 14:51:00,United Kingdom,737,329.793,2,Actifs à montant élevé
13612,633,1,818.29,2010-03-17 12:14:00,2010-03-17 12:14:00,United Kingdom,633,818.29,1,Achats anciens à faible montant
13613,453,5,1039.8500000000001,2010-02-17 12:40:00,2010-09-13 12:01:00,United Kingdom,661,207.97000000000003,4,Achats anciens
13614,24,6,2332.74,2010-06-06 13:42:00,2011-11-15 14:47:00,United Kingdom,551,388.78999999999996,2,Actifs à montant élevé
13615,319,8,6272.53,2010-01-28 15:43:00,2011-01-25 08:21:00,United Kingdom,680,784.06625,2,Actifs à montant élevé
13616,568,2,283.85,2010-01-17 14:56:00,2010-05-20 12:59:00,United Kingdom,691,141.925,1,Achats anciens à faible montant
13617,40,8,1278.75,2010-08-01 15:23:00,2011-10-30 13:50:00,United Kingdom,495,159.84375,2,Actifs à montant élevé
13618,174,1,177.34,2011-06-19 11:09:00,2011-06-19 11:09:00,United Kingdom,174,177.34,1,Achats anciens à faible montant
13619,545,2,224.94,2010-02-03 14:16:00,2010-06-13 11:39:00,United Kingdom,674,112.47,1,Achats anciens à faible montant
13620,528,1,112.34,2010-06-29 15:02:00,2010-06-29 15:02:00,United Kingdom,528,112.34,1,Achats anciens à faible montant
13621,117,1,213.85,2011-08-15 08:26:00,2011-08-15 08:26:00,United Kingdom,117,213.85,1,Achats anciens à faible montant
13622,696,1,658.95,2010-01-12 13:22:00,2010-01-12 13:22:00,United Kingdom,696,658.95,1,Achats anciens à faible montant
13623,31,10,2533.06,2009-12-02 13:57:00,2011-11-09 12:00:00,United Kingdom,737,253.30599999999998,2,Actifs à montant élevé
13624,388,1,462.08,2010-11-16 13:43:00,2010-11-16 13:43:00,United Kingdom,388,462.08,1,Achats anciens à faible montant
13625,597,1,301.26,2010-04-22 10:50:00,2010-04-22 10:50:00,United Kingdom,597,301.26,1,Achats anciens à faible montant
13626,253,2,707.04,2010-11-25 16:12:00,2011-04-01 10:05:00,United Kingdom,379,353.52,4,Achats anciens
13627,59,7,2245.9,2010-03-09 14:03:00,2011-10-11 14:20:00,United Kingdom,640,320.84285714285716,2,Actifs à montant élevé
13628,676,1,310.14,2010-02-01 14:44:00,2010-02-01 14:44:00,United Kingdom,676,310.14,1,Achats anciens à faible montant
13629,23,19,13370.86,2010-02-11 17:34:00,2011-11-16 13:21:00,United Kingdom,666,703.7294736842106,0,Champions
13630,5,7,2031.78,2011-02-27 12:49:00,2011-12-04 15:16:00,United Kingdom,286,290.2542857142857,2,Actifs à montant élevé
13631,100,11,3070.42,2011-03-17 17:13:00,2011-09-01 09:57:00,United Kingdom,267,279.1290909090909,2,Actifs à montant élevé
13632,25,8,3645.81,2010-04-07 10:59:00,2011-11-15 10:51:00,United Kingdom,612,455.72625,2,Actifs à montant élevé
13634,33,16,5033.77,2010-01-10 14:26:00,2011-11-06 13:40:00,United Kingdom,698,314.610625,2,Actifs à montant élevé
13635,68,4,2999.16,2009-12-01 09:46:00,2011-10-03 10:55:00,United Kingdom,739,749.79,2,Actifs à montant élevé
13636,37,5,949.12,2011-02-27 14:29:00,2011-11-03 10:30:00,United Kingdom,285,189.824,3,Achats récents occasionnels
13637,52,3,804.3,2011-04-27 13:06:00,2011-10-18 13:32:00,United Kingdom,226,268.09999999999997,3,Achats récents occasionnels
13638,16,1,122.64,2011-11-24 10:38:00,2011-11-24 10:38:00,United Kingdom,16,122.64,3,Achats récents occasionnels
13639,74,2,1346.27,2010-09-29 10:05:00,2011-09-26 13:36:00,United Kingdom,437,673.135,4,Achats anciens
13640,611,1,405.0,2010-04-07 15:33:00,2010-04-07 15:33:00,United Kingdom,611,405.0,1,Achats anciens à faible montant
13641,641,5,1016.47,2009-12-05 13:17:00,2010-03-09 07:37:00,United Kingdom,734,203.294,4,Achats anciens
13642,216,4,472.2,2010-10-03 12:23:00,2011-05-08 12:34:00,United Kingdom,433,118.05,4,Achats anciens
13643,31,10,2156.77,2009-12-08 12:48:00,2011-11-08 15:37:00,United Kingdom,732,215.677,2,Actifs à montant élevé
13644,16,4,2624.26,2011-08-26 11:53:00,2011-11-23 14:07:00,United Kingdom,106,656.065,2,Actifs à montant élevé
13645,120,1,252.1,2011-08-11 16:11:00,2011-08-11 16:11:00,United Kingdom,120,252.1,1,Achats anciens à faible montant
13646,400,2,326.25,2010-11-05 12:00:00,2010-11-05 12:13:00,United Kingdom,400,163.125,1,Achats anciens à faible montant
13647,10,8,3041.68,2010-04-15 12:55:00,2011-11-30 12:00:00,United Kingdom,603,380.21,2,Actifs à montant élevé
13648,400,8,1764.02,2009-12-01 18:13:00,2010-11-04 14:46:00,United Kingdom,738,220.5025,4,Achats anciens
13649,257,6,1651.48,2010-06-30 16:35:00,2011-03-28 11:51:00,United Kingdom,527,275.24666666666667,4,Achats anciens
13650,17,10,3288.0,2010-01-26 08:44:00,2011-11-23 12:22:00,United Kingdom,683,328.8,2,Actifs à montant élevé
13651,35,3,226.85,2010-11-23 09:44:00,2011-11-04 14:59:00,United Kingdom,382,75.61666666666666,3,Achats récents occasionnels
13652,46,5,2570.85,2010-02-25 17:37:00,2011-10-25 08:51:00,United Kingdom,652,514.17,2,Actifs à montant élevé
13653,488,1,152.2,2010-08-09 08:19:00,2010-08-09 08:19:00,United Kingdom,488,152.2,1,Achats anciens à faible montant
13654,43,11,6308.0,2009-12-02 11:43:00,2011-10-27 16:24:00,United Kingdom,738,573.4545454545455,2,Actifs à montant élevé
13655,114,6,2280.51,2010-04-27 09:59:00,2011-08-17 14:25:00,United Kingdom,592,380.08500000000004,2,Actifs à montant élevé
13656,165,4,1078.85,2010-04-23 12:50:00,2011-06-28 10:31:00,United Kingdom,596,269.7125,4,Achats anciens
13657,11,2,382.14,2011-05-22 12:35:00,2011-11-29 12:32:00,United Kingdom,202,191.07,3,Achats récents occasionnels
13658,10,9,6025.5,2010-02-05 13:17:00,2011-11-30 10:13:00,United Kingdom,672,669.5,2,Actifs à montant élevé
13659,206,12,4884.68,2010-02-17 09:05:00,2011-05-18 12:37:00,United Kingdom,661,407.0566666666667,2,Actifs à montant élevé
13660,400,1,306.64,2010-11-04 16:10:00,2010-11-04 16:10:00,United Kingdom,400,306.64,1,Achats anciens à faible montant
13661,603,1,325.24,2010-04-15 14:58:00,2010-04-15 14:58:00,United Kingdom,603,325.24,1,Achats anciens à faible montant
13662,86,11,2233.61,2010-02-19 13:21:00,2011-09-15 12:04:00,United Kingdom,658,203.05545454545455,2,Actifs à montant élevé
13663,179,5,2047.51,2010-03-03 10:11:00,2011-06-13 15:44:00,United Kingdom,647,409.502,4,Achats anciens
13665,386,3,1711.6599999999999,2010-07-23 13:29:00,2010-11-18 13:06:00,United Kingdom,504,570.5533333333333,4,Achats anciens
13666,60,5,127.89999999999999,2009-12-04 10:48:00,2011-10-10 15:39:00,United Kingdom,736,25.58,3,Achats récents occasionnels
13667,149,1,299.05,2011-07-13 15:42:00,2011-07-13 15:42:00,United Kingdom,149,299.05,1,Achats anciens à faible montant
13668,3,35,12948.48,2009-12-11 14:28:00,2011-12-07 12:11:00,United Kingdom,728,369.9565714285714,0,Champions
13669,51,3,413.55,2010-10-28 15:05:00,2011-10-20 09:32:00,United Kingdom,407,137.85,3,Achats récents occasionnels
13670,75,1,349.7,2011-09-25 15:25:00,2011-09-25 15:25:00,United Kingdom,75,349.7,3,Achats récents occasionnels
13671,395,1,172.6,2010-11-10 10:50:00,2010-11-10 10:50:00,United Kingdom,395,172.6,1,Achats anciens à faible montant
13672,301,3,419.92,2009-12-09 11:40:00,2011-02-11 13:53:00,United Kingdom,731,139.97333333333333,4,Achats anciens
13673,19,2,387.44,2011-11-07 15:40:00,2011-11-21 12:11:00,United Kingdom,32,193.72,3,Achats récents occasionnels
13674,433,1,240.68,2010-10-03 10:41:00,2010-10-03 10:41:00,United Kingdom,433,240.68,1,Achats anciens à faible montant
13675,151,2,486.82000000000005,2011-02-28 12:14:00,2011-07-11 12:57:00,United Kingdom,285,243.41000000000003,4,Achats anciens
13676,539,2,243.9,2010-03-30 16:53:00,2010-06-18 17:30:00,United Kingdom,619,121.95,1,Achats anciens à faible montant
13677,405,2,551.24,2010-07-07 17:25:00,2010-10-31 11:32:00,United Kingdom,520,275.62,4,Achats anciens
13678,152,1,232.6,2011-07-11 10:14:00,2011-07-11 10:14:00,United Kingdom,152,232.6,1,Achats anciens à faible montant
13679,494,3,281.26,2009-12-04 16:52:00,2010-08-03 12:13:00,United Kingdom,735,93.75333333333333,1,Achats anciens à faible montant
13680,1,12,11419.67,2009-12-04 14:14:00,2011-12-08 13:47:00,United Kingdom,735,951.6391666666667,0,Champions
13681,18,4,827.83,2011-07-07 15:21:00,2011-11-22 11:13:00,United Kingdom,155,206.9575,3,Achats récents occasionnels
13682,187,1,59.5,2011-06-05 14:06:00,2011-06-05 14:06:00,United Kingdom,187,59.5,1,Achats anciens à faible montant
13683,458,1,258.6,2010-09-08 10:00:00,2010-09-08 10:00:00,United Kingdom,458,258.6,1,Achats anciens à faible montant
13684,286,4,594.88,2010-03-28 14:48:00,2011-02-27 10:13:00,United Kingdom,621,148.72,4,Achats anciens
13685,3,7,3119.44,2011-10-10 12:59:00,2011-12-07 11:41:00,United Kingdom,60,445.63428571428574,2,Actifs à montant élevé
13686,183,3,409.04,2010-11-03 13:44:00,2011-06-10 09:10:00,United Kingdom,401,136.34666666666666,4,Achats anciens
13687,438,1,11880.84,2010-09-27 16:30:00,2010-09-27 16:30:00,United Kingdom,438,11880.84,4,Achats anciens
13688,635,1,375.5,2010-03-14 14:11:00,2010-03-14 14:11:00,United Kingdom,635,375.5,1,Achats anciens à faible montant
13689,63,2,1259.5,2010-09-21 10:27:00,2011-10-07 13:21:00,United Kingdom,445,629.75,3,Achats récents occasionnels
13690,59,1,172.25,2011-10-11 15:03:00,2011-10-11 15:03:00,United Kingdom,59,172.25,1,Achats anciens à faible montant
13691,396,1,212.78,2010-11-08 17:34:00,2010-11-08 17:34:00,United Kingdom,396,212.78,1,Achats anciens à faible montant
13692,25,5,3114.4,2010-10-15 13:28:00,2011-11-15 11:17:00,United Kingdom,420,622.88,2,Actifs à montant élevé
13693,374,9,2011.82,2009-12-07 11:29:00,2010-11-30 18:21:00,United Kingdom,733,223.53555555555556,4,Achats anciens
13694,4,143,196482.81,2009-12-04 15:26:00,2011-12-06 09:32:00,United Kingdom,735,1374.0056643356643,0,Champions
13695,31,16,2770.73,2010-05-11 11:07:00,2011-11-08 14:26:00,United Kingdom,578,173.170625,2,Actifs à montant élevé
13696,422,3,2020.4,2010-02-11 14:17:00,2010-10-14 09:44:00,United Kingdom,666,673.4666666666667,4,Achats anciens
13697,39,1,151.29999999999998,2011-11-01 09:14:00,2011-11-01 09:14:00,United Kingdom,39,151.29999999999998,3,Achats récents occasionnels
13698,597,2,451.73,2010-01-27 09:02:00,2010-04-22 11:52:00,United Kingdom,682,225.865,1,Achats anciens à faible montant
13699,155,2,764.15,2010-06-07 13:03:00,2011-07-07 16:51:00,United Kingdom,550,382.075,4,Achats anciens
13700,26,13,2596.9700000000003,2010-02-07 10:53:00,2011-11-13 13:00:00,United Kingdom,671,199.7669230769231,2,Actifs à montant élevé
13701,447,1,161.0,2010-09-19 12:39:00,2010-09-19 12:39:00,United Kingdom,447,161.0,1,Achats anciens à faible montant
13702,446,1,135.18,2010-09-20 11:40:00,2010-09-20 11:40:00,United Kingdom,446,135.18,1,Achats anciens à faible montant
13703,318,2,425.56,2010-10-20 13:11:00,2011-01-25 13:10:00,United Kingdom,415,212.78,1,Achats anciens à faible montant
13704,5,9,2308.06,2011-09-12 14:40:00,2011-12-04 15:13:00,United Kingdom,88,256.4511111111111,2,Actifs à montant élevé
13705,8,7,2035.33,2010-03-25 17:19:00,2011-12-02 12:32:00,United Kingdom,624,290.76142857142855,2,Actifs à montant élevé
13706,303,2,631.17,2010-03-23 09:18:00,2011-02-10 09:21:00,United Kingdom,627,315.585,4,Achats anciens
13707,267,5,3365.86,2010-06-21 11:57:00,2011-03-17 18:03:00,United Kingdom,537,673.172,4,Achats anciens
13708,271,1,285.33,2011-03-13 13:46:00,2011-03-13 13:46:00,United Kingdom,271,285.33,1,Achats anciens à faible montant
13709,4,18,7571.35,2010-01-11 10:40:00,2011-12-06 10:28:00,United Kingdom,698,420.6305555555556,0,Champions
13710,32,3,509.52,2010-04-06 12:54:00,2011-11-08 08:16:00,United Kingdom,612,169.84,3,Achats récents occasionnels
13711,219,9,1792.26,2009-12-15 19:04:00,2011-05-05 10:31:00,United Kingdom,724,199.14,4,Achats anciens
13712,247,2,766.42,2010-04-08 11:16:00,2011-04-07 12:33:00,United Kingdom,611,383.21,4,Achats anciens
13713,408,3,740.76,2010-05-05 16:48:00,2010-10-27 16:18:00,United Kingdom,583,246.92,4,Achats anciens
13714,465,1,161.35,2010-08-31 13:57:00,2010-08-31 13:57:00,United Kingdom,465,161.35,1,Achats anciens à faible montant
13715,281,17,8425.69,2010-03-11 15:33:00,2011-03-03 19:21:00,United Kingdom,638,495.6288235294118,2,Actifs à montant élevé
13716,269,1,138.28,2011-03-15 13:49:00,2011-03-15 13:49:00,United Kingdom,269,138.28,1,Achats anciens à faible montant
13717,32,8,1763.3,2010-08-11 09:40:00,2011-11-07 14:13:00,United Kingdom,486,220.4125,2,Actifs à montant élevé
13718,246,2,306.55,2011-02-17 11:58:00,2011-04-07 13:24:00,United Kingdom,296,153.275,1,Achats anciens à faible montant
13719,15,11,2783.08,2010-05-17 14:36:00,2011-11-24 15:26:00,United Kingdom,571,253.00727272727272,2,Actifs à montant élevé
13720,117,4,799.9,2011-03-30 09:17:00,2011-08-15 12:46:00,United Kingdom,255,199.975,4,Achats anciens
13721,36,2,741.54,2010-11-09 17:59:00,2011-11-03 14:05:00,United Kingdom,395,370.77,3,Achats récents occasionnels
13722,132,10,5635.41,2010-03-03 14:13:00,2011-07-31 12:44:00,United Kingdom,646,563.5409999999999,2,Actifs à montant élevé
13723,217,6,1194.08,2010-04-07 14:32:00,2011-05-06 17:04:00,United Kingdom,611,199.01333333333332,4,Achats anciens
13724,637,1,213.01,2010-03-12 15:28:00,2010-03-12 15:28:00,United Kingdom,637,213.01,1,Achats anciens à faible montant
13725,50,8,1980.56,2011-02-04 12:18:00,2011-10-21 10:03:00,United Kingdom,309,247.57,2,Actifs à montant élevé
13726,39,2,1079.6599999999999,2011-08-31 11:06:00,2011-11-01 10:49:00,United Kingdom,101,539.8299999999999,3,Achats récents occasionnels
13727,29,8,1074.15,2009-12-09 13:25:00,2011-11-11 09:46:00,United Kingdom,730,134.26875,2,Actifs à montant élevé
13728,37,16,2855.17,2009-12-09 17:13:00,2011-11-03 10:49:00,United Kingdom,730,178.448125,2,Actifs à montant élevé
13729,436,3,724.73,2010-01-24 14:57:00,2010-09-30 10:44:00,United Kingdom,684,241.57666666666668,4,Achats anciens
13730,136,2,752.6,2011-07-01 12:47:00,2011-07-27 08:35:00,United Kingdom,162,376.3,4,Achats anciens
13731,219,2,610.59,2011-04-07 10:10:00,2011-05-04 14:33:00,United Kingdom,247,305.295,4,Achats anciens
13732,28,1,491.86,2011-11-11 15:49:00,2011-11-11 15:49:00,United Kingdom,28,491.86,3,Achats récents occasionnels
13733,411,2,487.03000000000003,2009-12-04 15:28:00,2010-10-25 12:18:00,United Kingdom,735,243.51500000000001,1,Achats anciens à faible montant
13734,509,4,6695.6900000000005,2010-04-16 08:42:00,2010-07-19 12:04:00,United Kingdom,603,1673.9225000000001,4,Achats anciens
13735,25,13,9762.77,2009-12-13 13:31:00,2011-11-15 11:14:00,United Kingdom,726,750.9823076923077,0,Champions
13736,5,7,2752.47,2009-12-06 12:07:00,2011-12-04 15:19:00,United Kingdom,734,393.21,2,Actifs à montant élevé
13737,200,1,339.59999999999997,2011-05-23 16:32:00,2011-05-23 16:32:00,United Kingdom,200,339.59999999999997,1,Achats anciens à faible montant
13738,396,1,434.78000000000003,2010-11-08 15:23:00,2010-11-08 15:23:00,United Kingdom,396,434.78000000000003,1,Achats anciens à faible montant
13739,18,2,292.2,2010-06-30 10:25:00,2011-11-21 13:35:00,United Kingdom,528,146.1,3,Achats récents occasionnels
13740,241,5,1582.77,2009-12-02 12:22:00,2011-04-13 10:32:00,United Kingdom,738,316.554,4,Achats anciens
13741,72,3,668.4300000000001,2011-05-06 13:43:00,2011-09-29 09:19:00,United Kingdom,217,222.81000000000003,3,Achats récents occasionnels
13742,17,12,3107.87,2011-01-23 14:59:00,2011-11-23 11:07:00,United Kingdom,320,258.9891666666667,2,Actifs à montant élevé
13743,3,7,1341.6,2011-03-25 14:46:00,2011-12-07 10:09:00,United Kingdom,259,191.65714285714284,2,Actifs à montant élevé
13744,95,2,1080.52,2011-02-20 14:08:00,2011-09-05 15:19:00,United Kingdom,292,540.26,4,Achats anciens
13745,162,2,777.36,2010-06-11 17:19:00,2011-06-30 16:43:00,United Kingdom,546,388.68,4,Achats anciens
13746,414,1,176.69,2010-10-22 11:55:00,2010-10-22 11:55:00,United Kingdom,414,176.69,1,Achats anciens à faible montant
13747,374,2,249.39999999999998,2010-10-11 09:15:00,2010-12-01 10:37:00,United Kingdom,425,124.69999999999999,1,Achats anciens à faible montant
13748,96,9,2268.35,2009-12-01 16:44:00,2011-09-05 09:45:00,United Kingdom,738,252.0388888888889,2,Actifs à montant élevé
13750,54,11,3602.1800000000003,2010-04-01 14:49:00,2011-10-17 12:16:00,United Kingdom,617,327.4709090909091,2,Actifs à montant élevé
13751,288,1,296.25,2011-02-24 15:56:00,2011-02-24 15:56:00,United Kingdom,288,296.25,1,Achats anciens à faible montant
13752,124,7,1579.8300000000002,2010-06-30 10:23:00,2011-08-07 14:16:00,United Kingdom,528,225.69000000000003,2,Actifs à montant élevé
13753,288,4,2094.57,2009-12-03 10:20:00,2011-02-25 12:48:00,United Kingdom,737,523.6425,4,Achats anciens
13754,152,3,447.05,2010-09-28 15:29:00,2011-07-11 11:51:00,United Kingdom,437,149.01666666666668,4,Achats anciens
13755,4,9,2108.06,2011-10-07 15:45:00,2011-12-06 12:26:00,United Kingdom,63,234.2288888888889,2,Actifs à montant élevé
13756,2,23,9188.75,2009-12-15 15:18:00,2011-12-07 16:44:00,United Kingdom,724,399.5108695652174,0,Champions
13757,675,1,195.55,2010-02-03 12:37:00,2010-02-03 12:37:00,United Kingdom,675,195.55,1,Achats anciens à faible montant
13758,12,15,9416.98,2009-12-01 10:06:00,2011-11-28 11:11:00,United Kingdom,739,627.7986666666667,0,Champions
13759,33,2,659.4100000000001,2011-09-29 15:40:00,2011-11-06 14:47:00,United Kingdom,71,329.70500000000004,3,Achats récents occasionnels
13760,54,5,1363.6399999999999,2010-04-25 13:10:00,2011-10-16 16:13:00,United Kingdom,593,272.72799999999995,2,Actifs à montant élevé
13761,50,6,1952.17,2010-02-21 11:08:00,2011-10-20 14:01:00,United Kingdom,657,325.3616666666667,2,Actifs à montant élevé
13762,219,5,2472.48,2010-01-10 12:13:00,2011-05-05 09:15:00,United Kingdom,699,494.496,4,Achats anciens
13763,63,3,5217.4400000000005,2010-09-30 17:39:00,2011-10-07 15:13:00,United Kingdom,435,1739.1466666666668,2,Actifs à montant élevé
13764,71,6,2919.62,2010-03-07 12:56:00,2011-09-30 12:03:00,United Kingdom,642,486.6033333333333,2,Actifs à montant élevé
13765,653,1,352.821,2010-02-24 13:46:00,2010-02-24 13:46:00,United Kingdom,653,352.821,1,Achats anciens à faible montant
13766,495,1,190.35,2010-08-01 14:25:00,2010-08-01 14:25:00,United Kingdom,495,190.35,1,Achats anciens à faible montant
13767,2,73,35540.53,2009-12-01 10:52:00,2011-12-07 15:00:00,United Kingdom,739,486.85657534246576,0,Champions
13768,727,2,875.97,2009-12-09 10:25:00,2009-12-13 10:41:00,United Kingdom,731,437.985,4,Achats anciens
13769,2,20,5800.42,2009-12-16 11:59:00,2011-12-07 15:08:00,United Kingdom,724,290.021,0,Champions
13770,422,4,785.37,2009-12-09 14:44:00,2010-10-13 15:10:00,United Kingdom,730,196.3425,4,Achats anciens
13771,64,9,5728.82,2010-02-25 12:37:00,2011-10-06 14:18:00,United Kingdom,653,636.5355555555556,2,Actifs à montant élevé
13772,34,8,3100.02,2010-02-23 13:55:00,2011-11-06 11:43:00,United Kingdom,654,387.5025,2,Actifs à montant élevé
13773,397,2,301.54,2010-02-18 10:27:00,2010-11-08 11:49:00,United Kingdom,660,150.77,1,Achats anciens à faible montant
13774,82,1,345.0,2011-09-19 12:06:00,2011-09-19 12:06:00,United Kingdom,82,345.0,1,Achats anciens à faible montant
13775,591,1,1049.66,2010-04-28 12:15:00,2010-04-28 12:15:00,United Kingdom,591,1049.66,4,Achats anciens
13776,428,2,623.98,2010-10-07 16:07:00,2010-10-07 16:11:00,United Kingdom,428,311.99,4,Achats anciens
13777,1,61,56478.42,2009-12-02 09:47:00,2011-12-09 12:25:00,United Kingdom,738,925.875737704918,0,Champions
13778,103,4,1124.49,2010-05-23 13:34:00,2011-08-28 15:25:00,United Kingdom,565,281.1225,4,Achats anciens
13779,516,1,161.13,2010-07-12 11:24:00,2010-07-12 11:24:00,United Kingdom,516,161.13,1,Achats anciens à faible montant
13780,7,3,732.07,2010-10-28 19:51:00,2011-12-02 13:49:00,United Kingdom,407,244.02333333333334,3,Achats récents occasionnels
13781,251,3,778.83,2009-12-18 15:46:00,2011-04-03 12:08:00,United Kingdom,721,259.61,4,Achats anciens
13782,13,13,1786.08,2009-12-06 12:52:00,2011-11-27 11:54:00,United Kingdom,733,137.39076923076922,2,Actifs à montant élevé
13783,488,4,1542.09,2010-02-04 13:47:00,2010-08-09 09:23:00,United Kingdom,673,385.5225,4,Achats anciens
13784,10,14,2910.23,2010-09-15 12:27:00,2011-11-30 09:33:00,United Kingdom,451,207.87357142857144,0,Champions
13785,429,4,542.49,2010-09-05 16:01:00,2010-10-07 09:25:00,United Kingdom,460,135.6225,4,Achats anciens
13786,367,6,3358.39,2009-12-03 15:32:00,2010-12-07 13:53:00,United Kingdom,736,559.7316666666667,4,Achats anciens
13787,76,6,1222.5,2010-01-14 10:13:00,2011-09-25 12:06:00,United Kingdom,695,203.75,2,Actifs à montant élevé
13788,505,1,3.75,2010-07-22 15:50:00,2010-07-22 15:50:00,United Kingdom,505,3.75,1,Achats anciens à faible montant
13789,388,1,239.45999999999998,2010-11-16 15:31:00,2010-11-16 15:31:00,United Kingdom,388,239.45999999999998,1,Achats anciens à faible montant
13790,4,1,348.8,2011-12-05 15:48:00,2011-12-05 15:48:00,United Kingdom,4,348.8,3,Achats récents occasionnels
13791,128,2,1516.0,2011-06-24 16:38:00,2011-08-04 11:44:00,United Kingdom,168,758.0,4,Achats anciens
13792,66,3,383.95,2010-10-13 11:05:00,2011-10-04 14:31:00,United Kingdom,423,127.98333333333333,3,Achats récents occasionnels
13793,647,1,96.0,2010-03-03 08:25:00,2010-03-03 08:25:00,United Kingdom,647,96.0,1,Achats anciens à faible montant
13794,547,1,126.03,2010-06-11 12:30:00,2010-06-11 12:30:00,United Kingdom,547,126.03,1,Achats anciens à faible montant
13795,388,4,836.3,2010-03-12 12:44:00,2010-11-16 17:25:00,United Kingdom,638,209.075,4,Achats anciens
13796,499,1,289.7,2010-07-28 14:45:00,2010-07-28 14:45:00,United Kingdom,499,289.7,1,Achats anciens à faible montant
13797,437,3,1179.45,2010-03-02 12:17:00,2010-09-29 10:34:00,United Kingdom,648,393.15000000000003,4,Achats anciens
13798,1,110,75836.87,2009-12-08 16:21:00,2011-12-08 15:51:00,United Kingdom,731,689.4260909090908,0,Champions
13799,117,9,2803.57,2010-03-05 16:39:00,2011-08-15 12:07:00,United Kingdom,644,311.5077777777778,2,Actifs à montant élevé
13800,310,3,1679.56,2009-12-03 10:03:00,2011-02-03 12:27:00,United Kingdom,737,559.8533333333334,4,Achats anciens
13801,67,1,324.8,2011-10-04 10:15:00,2011-10-04 10:15:00,United Kingdom,67,324.8,3,Achats récents occasionnels
13802,139,19,26259.11,2010-02-16 10:11:00,2011-07-24 10:54:00,United Kingdom,662,1382.0584210526315,0,Champions
13803,255,3,1338.91,2010-03-31 10:00:00,2011-03-29 12:57:00,United Kingdom,619,446.30333333333334,4,Achats anciens
13804,31,9,3161.12,2010-09-29 10:26:00,2011-11-09 12:32:00,United Kingdom,437,351.23555555555555,2,Actifs à montant élevé
13805,52,2,924.6,2011-08-02 15:29:00,2011-10-18 14:50:00,United Kingdom,129,462.3,3,Achats récents occasionnels
13806,64,1,256.38,2011-10-07 11:43:00,2011-10-07 11:43:00,United Kingdom,64,256.38,3,Achats récents occasionnels
13807,367,3,534.8,2009-12-04 12:41:00,2010-12-07 15:48:00,United Kingdom,736,178.26666666666665,4,Achats anciens
13808,6,5,1747.66,2011-09-04 12:07:00,2011-12-04 12:18:00,United Kingdom,97,349.53200000000004,2,Actifs à montant élevé
13809,305,3,679.7,2010-09-05 11:42:00,2011-02-07 13:15:00,Cyprus,461,226.5666666666667,4,Achats anciens
13810,29,3,1499.01,2011-10-14 12:57:00,2011-11-11 08:33:00,Germany,56,499.67,3,Achats récents occasionnels
13811,184,3,814.5,2011-04-14 18:40:00,2011-06-09 09:54:00,Germany,239,271.5,4,Achats anciens
13812,42,3,539.0,2011-08-26 12:54:00,2011-10-28 14:27:00,Germany,105,179.66666666666666,3,Achats récents occasionnels
13813,40,8,2765.47,2009-12-06 10:16:00,2011-10-31 10:38:00,Germany,734,345.68375,2,Actifs à montant élevé
13814,92,3,2257.32,2010-06-30 14:12:00,2011-09-08 13:48:00,Germany,527,752.44,4,Achats anciens
13815,22,8,7475.74,2010-02-12 10:26:00,2011-11-17 14:19:00,Germany,666,934.4675,2,Actifs à montant élevé
13816,24,2,571.6700000000001,2011-10-06 14:37:00,2011-11-16 08:38:00,Germany,64,285.83500000000004,3,Achats récents occasionnels
13817,29,2,382.98,2010-12-23 11:46:00,2011-11-10 17:49:00,Germany,352,191.49,3,Achats récents occasionnels
13818,430,1,61.28,2010-10-06 12:35:00,2010-10-06 12:35:00,United Kingdom,430,61.28,1,Achats anciens à faible montant
13819,302,6,2642.35,2009-12-01 16:18:00,2011-02-11 10:38:00,United Kingdom,738,440.39166666666665,4,Achats anciens
13820,418,3,652.75,2010-01-28 12:26:00,2010-10-17 13:46:00,United Kingdom,681,217.58333333333334,4,Achats anciens
13821,145,6,1379.08,2010-01-04 13:36:00,2011-07-18 09:49:00,United Kingdom,704,229.84666666666666,4,Achats anciens
13822,6,2,632.0,2011-10-30 15:55:00,2011-12-04 12:13:00,United Kingdom,40,316.0,3,Achats récents occasionnels
13823,19,7,3403.4500000000003,2009-12-15 14:34:00,2011-11-21 10:22:00,United Kingdom,724,486.2071428571429,2,Actifs à montant élevé
13824,33,12,3314.76,2010-03-12 15:17:00,2011-11-07 12:41:00,United Kingdom,637,276.23,2,Actifs à montant élevé
13825,622,2,255.59,2009-12-09 14:30:00,2010-03-28 11:02:00,United Kingdom,730,127.795,1,Achats anciens à faible montant
13826,176,1,189.5,2011-06-16 13:48:00,2011-06-16 13:48:00,United Kingdom,176,189.5,1,Achats anciens à faible montant
13827,58,3,409.8,2011-07-19 15:38:00,2011-10-13 12:38:00,United Kingdom,143,136.6,3,Achats récents occasionnels
13828,22,1,209.49,2011-11-17 16:02:00,2011-11-17 16:02:00,United Kingdom,22,209.49,3,Achats récents occasionnels
13829,421,1,102.0,2010-10-14 18:19:00,2010-10-14 18:19:00,United Kingdom,421,102.0,1,Achats anciens à faible montant
13830,582,1,156.85000000000002,2010-05-07 12:24:00,2010-05-07 12:24:00,United Kingdom,582,156.85000000000002,1,Achats anciens à faible montant
13831,16,18,6993.54,2009-12-10 14:50:00,2011-11-23 15:41:00,United Kingdom,729,388.53,0,Champions
13832,19,2,609.89,2010-10-13 14:41:00,2011-11-20 15:36:00,United Kingdom,422,304.945,3,Achats récents occasionnels
13833,159,2,700.41,2010-10-31 14:11:00,2011-07-03 13:27:00,United Kingdom,404,350.205,4,Achats anciens
13834,577,2,324.19,2010-02-08 12:52:00,2010-05-12 10:27:00,United Kingdom,669,162.095,1,Achats anciens à faible montant
13835,25,7,1095.27,2010-03-04 08:26:00,2011-11-14 15:37:00,United Kingdom,646,156.46714285714285,2,Actifs à montant élevé
13836,399,2,620.37,2010-10-21 13:27:00,2010-11-05 13:31:00,United Kingdom,414,310.185,4,Achats anciens
13837,212,2,266.59000000000003,2011-01-26 12:15:00,2011-05-12 12:10:00,United Kingdom,318,133.29500000000002,1,Achats anciens à faible montant
13838,6,10,1920.73,2010-05-09 11:40:00,2011-12-04 11:00:00,United Kingdom,580,192.073,2,Actifs à montant élevé
13839,486,1,139.95000000000002,2010-08-10 13:52:00,2010-08-10 13:52:00,United Kingdom,486,139.95000000000002,1,Achats anciens à faible montant
13840,416,1,651.4,2010-10-19 13:34:00,2010-10-19 13:34:00,United Kingdom,416,651.4,1,Achats anciens à faible montant
13841,253,1,85.0,2011-04-01 12:10:00,2011-04-01 12:10:00,United Kingdom,253,85.0,1,Achats anciens à faible montant
13842,59,18,5629.91,2010-02-16 15:54:00,2011-10-12 10:51:00,United Kingdom,661,312.7727777777778,2,Actifs à montant élevé
13843,381,1,319.75,2010-11-23 17:48:00,2010-11-23 17:48:00,United Kingdom,381,319.75,1,Achats anciens à faible montant
13844,11,1,361.62,2011-11-28 13:21:00,2011-11-28 13:21:00,United Kingdom,11,361.62,3,Achats récents occasionnels
13845,65,1,312.98,2011-10-06 08:25:00,2011-10-06 08:25:00,United Kingdom,65,312.98,3,Achats récents occasionnels
13846,25,4,1307.79,2010-11-05 09:47:00,2011-11-15 12:07:00,United Kingdom,400,326.9475,3,Achats récents occasionnels
13847,720,1,310.72,2009-12-20 10:41:00,2009-12-20 10:41:00,United Kingdom,720,310.72,1,Achats anciens à faible montant
13848,92,8,3335.0,2009-12-09 16:17:00,2011-09-08 12:58:00,United Kingdom,730,416.875,2,Actifs à montant élevé
13849,52,5,3469.3,2010-03-25 12:03:00,2011-10-19 10:59:00,United Kingdom,625,693.86,2,Actifs à montant élevé
13850,129,1,1595.48,2011-08-02 14:04:00,2011-08-02 14:04:00,United Kingdom,129,1595.48,4,Achats anciens
13851,96,8,4606.46,2010-01-29 11:54:00,2011-09-05 12:36:00,United Kingdom,680,575.8075,2,Actifs à montant élevé
13852,611,1,187.35000000000002,2010-04-08 09:06:00,2010-04-08 09:06:00,United Kingdom,611,187.35000000000002,1,Achats anciens à faible montant
13853,57,1,1090.14,2011-10-13 14:18:00,2011-10-13 14:18:00,United Kingdom,57,1090.14,3,Achats récents occasionnels
13854,9,39,12253.96,2010-01-08 11:28:00,2011-12-01 09:06:00,United Kingdom,701,314.2041025641025,0,Champions
13855,501,4,1310.3400000000001,2009-12-08 16:56:00,2010-07-27 09:53:00,United Kingdom,731,327.58500000000004,4,Achats anciens
13856,169,11,1142.03,2010-03-30 15:40:00,2011-06-24 10:03:00,United Kingdom,619,103.82090909090908,2,Actifs à montant élevé
13857,393,6,1001.01,2010-05-17 14:21:00,2010-11-11 12:54:00,United Kingdom,571,166.835,4,Achats anciens
13858,57,1,216.17,2011-10-13 16:17:00,2011-10-13 16:17:00,United Kingdom,57,216.17,3,Achats récents occasionnels
13859,326,2,515.86,2010-06-28 15:36:00,2011-01-17 16:14:00,United Kingdom,529,257.93,4,Achats anciens
13860,1,5,1245.9,2011-09-14 09:27:00,2011-12-08 12:57:00,United Kingdom,87,249.18,3,Achats récents occasionnels
13861,429,2,273.26,2010-06-27 11:37:00,2010-10-06 14:20:00,United Kingdom,531,136.63,1,Achats anciens à faible montant
13862,18,9,2556.09,2010-11-15 13:43:00,2011-11-21 16:24:00,United Kingdom,389,284.01,2,Actifs à montant élevé
13863,248,4,1239.55,2010-04-25 13:09:00,2011-04-06 10:20:00,United Kingdom,593,309.8875,4,Achats anciens
13864,387,1,662.4000000000001,2010-11-18 12:50:00,2010-11-18 12:50:00,United Kingdom,387,662.4000000000001,1,Achats anciens à faible montant
13865,58,4,501.56,2011-02-23 12:04:00,2011-10-12 13:31:00,United Kingdom,290,125.39,3,Achats récents occasionnels
13866,74,1,145.67000000000002,2011-09-26 14:54:00,2011-09-26 14:54:00,United Kingdom,74,145.67000000000002,1,Achats anciens à faible montant
13867,31,3,1005.09,2011-05-05 17:28:00,2011-11-08 15:48:00,United Kingdom,218,335.03000000000003,3,Achats récents occasionnels
13868,7,2,3192.54,2011-11-01 12:45:00,2011-12-02 16:32:00,United Kingdom,39,1596.27,3,Achats récents occasionnels
13869,123,10,7996.87,2010-01-17 14:53:00,2011-08-08 13:53:00,United Kingdom,691,799.687,2,Actifs à montant élevé
13870,2,15,5712.08,2010-02-08 12:08:00,2011-12-07 13:23:00,United Kingdom,670,380.80533333333335,0,Champions
13871,23,17,7885.85,2009-12-20 13:09:00,2011-11-17 10:49:00,United Kingdom,719,463.8735294117647,0,Champions
13872,527,3,919.57,2009-12-14 09:56:00,2010-06-30 15:35:00,United Kingdom,726,306.52333333333337,4,Achats anciens
13873,120,8,1038.92,2010-03-03 12:31:00,2011-08-12 10:08:00,United Kingdom,647,129.865,2,Actifs à montant élevé
13874,358,7,2049.15,2010-02-04 18:39:00,2010-12-16 18:20:00,United Kingdom,673,292.7357142857143,4,Achats anciens
13875,54,14,4814.37,2009-12-17 10:30:00,2011-10-17 09:36:00,United Kingdom,723,343.88357142857143,2,Actifs à montant élevé
13876,64,1,122.7,2011-10-07 10:22:00,2011-10-07 10:22:00,United Kingdom,64,122.7,1,Achats anciens à faible montant
13877,86,3,449.68,2010-01-19 10:53:00,2011-09-14 15:49:00,United Kingdom,690,149.89333333333335,3,Achats récents occasionnels
13878,55,4,2416.9,2010-04-14 13:50:00,2011-10-16 12:19:00,United Kingdom,604,604.225,2,Actifs à montant élevé
13879,646,1,395.5,2010-03-04 10:49:00,2010-03-04 10:49:00,United Kingdom,646,395.5,1,Achats anciens à faible montant
13880,21,17,4391.66,2010-05-26 14:29:00,2011-11-18 13:44:00,United Kingdom,562,258.33294117647057,0,Champions
13881,4,43,45179.1,2010-03-04 14:41:00,2011-12-06 12:50:00,United Kingdom,645,1050.6767441860466,0,Champions
13882,3,5,1191.13,2011-10-06 15:28:00,2011-12-07 11:16:00,United Kingdom,64,238.22600000000003,3,Achats récents occasionnels
13883,11,15,6560.02,2009-12-08 17:26:00,2011-11-29 10:45:00,United Kingdom,731,437.3346666666667,0,Champions
13884,7,10,1825.03,2010-08-26 19:57:00,2011-12-02 16:30:00,United Kingdom,470,182.503,2,Actifs à montant élevé
13885,189,2,506.8,2011-05-23 08:52:00,2011-06-03 15:07:00,United Kingdom,201,253.4,4,Achats anciens
13886,71,1,243.56,2011-09-29 13:17:00,2011-09-29 13:17:00,United Kingdom,71,243.56,1,Achats anciens à faible montant
13887,204,1,349.55,2011-05-19 17:22:00,2011-05-19 17:22:00,United Kingdom,204,349.55,1,Achats anciens à faible montant
13888,120,7,2001.59,2010-05-13 11:57:00,2011-08-12 10:13:00,United Kingdom,576,285.94142857142856,2,Actifs à montant élevé
13889,93,6,1991.23,2010-01-22 14:32:00,2011-09-08 09:13:00,United Kingdom,686,331.87166666666667,2,Actifs à montant élevé
13890,1,14,2927.38,2009-12-06 15:15:00,2011-12-08 15:36:00,United Kingdom,733,209.09857142857143,0,Champions
13891,378,3,859.21,2010-05-06 16:02:00,2010-11-26 15:57:00,United Kingdom,582,286.40333333333336,4,Achats anciens
13892,27,6,1267.6499999999999,2010-05-13 10:32:00,2011-11-13 11:50:00,United Kingdom,576,211.27499999999998,2,Actifs à montant élevé
13893,298,1,821.1,2011-02-15 11:30:00,2011-02-15 11:30:00,United Kingdom,298,821.1,4,Achats anciens
13894,24,3,564.62,2011-02-02 12:54:00,2011-11-16 09:44:00,United Kingdom,310,188.20666666666668,3,Achats récents occasionnels
13895,28,6,4008.52,2009-12-03 13:09:00,2011-11-11 16:57:00,United Kingdom,736,668.0866666666667,2,Actifs à montant élevé
13896,626,1,388.55,2010-03-24 08:55:00,2010-03-24 08:55:00,United Kingdom,626,388.55,1,Achats anciens à faible montant
13897,50,3,1160.72,2010-01-31 13:48:00,2011-10-20 14:30:00,United Kingdom,677,386.9066666666667,3,Achats récents occasionnels
13898,326,2,686.4,2010-10-24 15:42:00,2011-01-18 10:28:00,United Kingdom,411,343.2,4,Achats anciens
13899,16,2,388.52,2011-03-10 09:30:00,2011-11-23 13:40:00,United Kingdom,275,194.26,3,Achats récents occasionnels
13900,183,6,1610.59,2010-03-25 13:46:00,2011-06-09 19:26:00,United Kingdom,624,268.4316666666667,4,Achats anciens
13901,72,15,5676.34,2010-01-05 09:29:00,2011-09-28 14:48:00,United Kingdom,704,378.42266666666666,2,Actifs à montant élevé
13902,632,5,34095.26,2009-12-15 10:02:00,2010-03-17 13:09:00,Denmark,725,6819.052000000001,4,Achats anciens
13903,400,1,165.45000000000002,2010-11-04 17:44:00,2010-11-04 17:44:00,United Kingdom,400,165.45000000000002,1,Achats anciens à faible montant
13904,37,2,332.64,2011-02-18 11:18:00,2011-11-02 13:41:00,United Kingdom,295,166.32,3,Achats récents occasionnels
13905,733,1,312.65,2009-12-07 11:41:00,2009-12-07 11:41:00,United Kingdom,733,312.65,1,Achats anciens à faible montant
13906,409,1,42.0,2010-10-26 15:00:00,2010-10-26 15:00:00,United Kingdom,409,42.0,1,Achats anciens à faible montant
13907,692,1,136.8,2010-01-17 12:22:00,2010-01-17 12:22:00,United Kingdom,692,136.8,1,Achats anciens à faible montant
13908,80,4,2369.55,2011-03-08 12:04:00,2011-09-21 11:49:00,United Kingdom,277,592.3875,2,Actifs à montant élevé
13909,423,2,282.85,2010-07-06 16:52:00,2010-10-12 17:22:00,United Kingdom,521,141.425,1,Achats anciens à faible montant
13911,57,20,4234.99,2010-03-01 16:31:00,2011-10-13 15:43:00,United Kingdom,648,211.74949999999998,2,Actifs à montant élevé
13912,424,1,124.95,2010-10-12 08:43:00,2010-10-12 08:43:00,United Kingdom,424,124.95,1,Achats anciens à faible montant
13913,507,1,42.22,2010-07-21 10:11:00,2010-07-21 10:11:00,United Kingdom,507,42.22,1,Achats anciens à faible montant
13914,12,2,626.45,2011-11-03 16:28:00,2011-11-28 10:35:00,United Kingdom,36,313.225,3,Achats récents occasionnels
13915,394,1,70.80000000000001,2010-11-10 15:17:00,2010-11-10 15:17:00,United Kingdom,394,70.80000000000001,1,Achats anciens à faible montant
13916,464,4,1275.81,2010-02-02 10:06:00,2010-09-02 10:04:00,United Kingdom,676,318.9525,4,Achats anciens
13917,50,2,272.04,2011-06-01 12:46:00,2011-10-21 09:56:00,United Kingdom,192,136.02,3,Achats récents occasionnels
13918,50,2,1212.8400000000001,2011-03-31 18:05:00,2011-10-21 12:25:00,United Kingdom,253,606.4200000000001,3,Achats récents occasionnels
13919,59,4,1360.68,2010-06-17 09:30:00,2011-10-11 14:24:00,Denmark,541,340.17,2,Actifs à montant élevé
13920,432,4,1774.68,2010-05-26 15:48:00,2010-10-04 12:37:00,United Kingdom,562,443.67,4,Achats anciens
13921,402,4,730.7,2009-12-18 12:19:00,2010-11-02 16:32:00,United Kingdom,722,182.675,4,Achats anciens
13922,352,3,865.2,2010-08-29 14:36:00,2010-12-23 10:38:00,United Kingdom,467,288.40000000000003,4,Achats anciens
13923,54,1,351.13,2011-10-17 12:33:00,2011-10-17 12:33:00,United Kingdom,54,351.13,3,Achats récents occasionnels
13924,2,6,1838.8500000000001,2011-09-28 15:07:00,2011-12-08 09:39:00,United Kingdom,72,306.475,2,Actifs à montant élevé
13925,93,4,678.25,2011-07-28 12:09:00,2011-09-08 12:47:00,United Kingdom,135,169.5625,4,Achats anciens
13926,23,1,223.85000000000002,2011-11-16 13:16:00,2011-11-16 13:16:00,United Kingdom,23,223.85000000000002,3,Achats récents occasionnels
13927,75,2,708.26,2010-09-28 16:12:00,2011-09-26 12:00:00,United Kingdom,437,354.13,3,Achats récents occasionnels
13928,11,4,464.57,2011-07-29 15:59:00,2011-11-29 10:33:00,United Kingdom,133,116.1425,3,Achats récents occasionnels
13929,169,11,3494.1,2010-01-14 07:25:00,2011-06-23 15:26:00,United Kingdom,695,317.6454545454545,2,Actifs à montant élevé
13930,58,2,337.34,2011-07-26 11:00:00,2011-10-13 09:45:00,United Kingdom,137,168.67,3,Achats récents occasionnels
13931,96,11,5257.38,2009-12-03 10:26:00,2011-09-05 10:12:00,United Kingdom,737,477.94363636363636,2,Actifs à montant élevé
13932,295,1,307.4,2011-02-18 12:02:00,2011-02-18 12:02:00,United Kingdom,295,307.4,1,Achats anciens à faible montant
13933,109,2,608.7900000000001,2011-07-14 13:35:00,2011-08-22 14:03:00,United Kingdom,148,304.39500000000004,4,Achats anciens
13934,264,1,922.1,2011-03-21 08:39:00,2011-03-21 08:39:00,United Kingdom,264,922.1,4,Achats anciens
13935,597,3,6116.92,2010-02-25 16:01:00,2010-04-22 11:21:00,United Kingdom,652,2038.9733333333334,4,Achats anciens
13936,180,3,939.66,2010-10-21 14:21:00,2011-06-13 08:47:00,United Kingdom,414,313.21999999999997,4,Achats anciens
13937,169,2,880.13,2010-11-02 12:37:00,2011-06-23 16:35:00,United Kingdom,403,440.065,4,Achats anciens
13938,35,1,71.66,2011-11-04 14:37:00,2011-11-04 14:37:00,United Kingdom,35,71.66,3,Achats récents occasionnels
13939,23,7,1560.96,2010-04-06 12:43:00,2011-11-16 13:33:00,United Kingdom,613,222.99428571428572,2,Actifs à montant élevé
13940,17,4,839.14,2011-07-18 16:05:00,2011-11-22 15:15:00,United Kingdom,144,209.785,3,Achats récents occasionnels
13941,22,15,11122.300000000001,2009-12-16 16:10:00,2011-11-18 09:43:00,United Kingdom,723,741.4866666666668,0,Champions
13942,535,1,320.0,2010-06-23 12:35:00,2010-06-23 12:35:00,United Kingdom,535,320.0,1,Achats anciens à faible montant
13943,578,1,246.54,2010-05-11 11:30:00,2010-05-11 11:30:00,United Kingdom,578,246.54,1,Achats anciens à faible montant
13944,653,1,200.43,2010-02-24 15:02:00,2010-02-24 15:02:00,United Kingdom,653,200.43,1,Achats anciens à faible montant
13945,395,2,854.15,2010-08-17 09:59:00,2010-11-10 10:00:00,United Kingdom,480,427.075,4,Achats anciens
13946,79,6,1876.23,2009-12-04 11:07:00,2011-09-21 13:33:00,United Kingdom,736,312.705,2,Actifs à montant élevé
13947,65,1,90.6,2011-10-05 14:42:00,2011-10-05 14:42:00,United Kingdom,65,90.6,1,Achats anciens à faible montant
13948,361,4,548.76,2009-12-04 12:14:00,2010-12-14 10:18:00,United Kingdom,736,137.19,4,Achats anciens
13949,3,6,2427.32,2011-09-06 11:55:00,2011-12-07 09:35:00,United Kingdom,95,404.55333333333334,2,Actifs à montant élevé
13950,11,4,745.06,2011-04-07 11:29:00,2011-11-28 14:44:00,United Kingdom,247,186.265,3,Achats récents occasionnels
13951,176,3,674.45,2011-02-18 15:21:00,2011-06-16 16:43:00,United Kingdom,294,224.8166666666667,4,Achats anciens
13952,218,14,12823.521,2009-12-16 09:41:00,2011-05-06 09:00:00,United Kingdom,724,915.9657857142857,2,Actifs à montant élevé
13953,7,12,6640.68,2009-12-11 12:58:00,2011-12-02 16:04:00,United Kingdom,728,553.39,0,Champions
13954,2,2,439.92,2011-09-30 10:52:00,2011-12-08 12:50:00,United Kingdom,71,219.96,3,Achats récents occasionnels
13955,154,3,544.0699999999999,2010-11-29 17:35:00,2011-07-08 17:19:00,United Kingdom,375,181.35666666666665,4,Achats anciens
13956,5,5,1019.27,2011-03-13 12:51:00,2011-12-04 13:20:00,United Kingdom,271,203.85399999999998,3,Achats récents occasionnels
13957,418,3,458.25,2010-02-19 10:32:00,2010-10-18 10:02:00,United Kingdom,659,152.75,4,Achats anciens
13958,380,8,4709.2300000000005,2009-12-05 13:12:00,2010-11-25 10:11:00,United Kingdom,734,588.6537500000001,4,Achats anciens
13959,79,6,1064.77,2010-07-16 15:11:00,2011-09-21 15:06:00,United Kingdom,511,177.46166666666667,2,Actifs à montant élevé
13960,21,2,230.22,2011-09-29 12:39:00,2011-11-18 15:27:00,United Kingdom,72,115.11,3,Achats récents occasionnels
13961,392,1,538.4,2010-11-12 14:40:00,2010-11-12 14:40:00,United Kingdom,392,538.4,1,Achats anciens à faible montant
13962,22,3,362.8,2010-09-30 10:35:00,2011-11-18 08:47:00,United Kingdom,436,120.93333333333334,3,Achats récents occasionnels
13963,308,17,3011.87,2010-04-21 16:20:00,2011-02-04 14:43:00,United Kingdom,597,177.16882352941175,2,Actifs à montant élevé
13964,387,2,438.9,2010-10-05 12:38:00,2010-11-17 13:53:00,United Kingdom,431,219.45,1,Achats anciens à faible montant
13965,477,3,996.61,2010-01-05 15:21:00,2010-08-20 10:40:00,United Kingdom,703,332.2033333333333,4,Achats anciens
13966,435,1,384.26,2010-09-30 13:08:00,2010-09-30 13:08:00,United Kingdom,435,384.26,1,Achats anciens à faible montant
13967,146,2,166.3,2010-11-08 13:24:00,2011-07-17 12:02:00,United Kingdom,396,83.15,1,Achats anciens à faible montant
13968,423,1,123.66,2010-10-12 13:22:00,2010-10-12 13:22:00,United Kingdom,423,123.66,1,Achats anciens à faible montant
13969,7,35,13291.05,2010-03-25 13:15:00,2011-12-02 15:11:00,United Kingdom,624,379.7442857142857,0,Champions
13970,386,2,846.55,2010-09-28 11:53:00,2010-11-18 13:21:00,United Kingdom,438,423.275,4,Achats anciens
13971,19,14,4667.57,2010-01-26 09:51:00,2011-11-21 12:06:00,United Kingdom,683,333.3978571428571,0,Champions
13972,71,2,190.25,2011-05-22 11:34:00,2011-09-30 11:54:00,United Kingdom,202,95.125,3,Achats récents occasionnels
13973,287,1,264.7,2011-02-25 15:21:00,2011-02-25 15:21:00,United Kingdom,287,264.7,1,Achats anciens à faible montant
13974,49,2,677.72,2010-05-06 17:55:00,2011-10-21 14:41:00,United Kingdom,582,338.86,3,Achats récents occasionnels
13975,31,12,5256.4,2010-02-02 13:13:00,2011-11-08 13:19:00,United Kingdom,675,438.0333333333333,2,Actifs à montant élevé
13976,207,4,1192.36,2010-02-09 13:08:00,2011-05-17 09:13:00,United Kingdom,668,298.09,4,Achats anciens
13977,411,1,519.8100000000001,2010-10-24 14:08:00,2010-10-24 14:08:00,United Kingdom,411,519.8100000000001,1,Achats anciens à faible montant
13978,15,2,196.79000000000002,2011-10-25 15:04:00,2011-11-25 11:36:00,United Kingdom,45,98.39500000000001,3,Achats récents occasionnels
13979,73,7,3379.93,2009-12-03 10:02:00,2011-09-27 13:32:00,United Kingdom,737,482.84714285714284,2,Actifs à montant élevé
13980,60,5,768.82,2010-02-21 14:18:00,2011-10-10 13:34:00,United Kingdom,656,153.764,3,Achats récents occasionnels
13981,416,1,331.14,2010-10-20 10:03:00,2010-10-20 10:03:00,United Kingdom,416,331.14,1,Achats anciens à faible montant
13982,39,9,4382.89,2010-01-20 14:04:00,2011-10-31 16:24:00,United Kingdom,688,486.9877777777778,2,Actifs à montant élevé
13983,30,21,7083.25,2009-12-09 13:53:00,2011-11-10 11:06:00,United Kingdom,730,337.29761904761904,0,Champions
13984,27,12,2048.6,2009-12-07 11:51:00,2011-11-13 12:38:00,United Kingdom,733,170.71666666666667,2,Actifs à montant élevé
13985,4,22,10020.86,2010-02-09 13:56:00,2011-12-05 17:06:00,United Kingdom,668,455.49363636363637,0,Champions
13986,17,1,320.46,2011-11-22 15:00:00,2011-11-22 15:00:00,United Kingdom,17,320.46,3,Achats récents occasionnels
13987,380,2,682.54,2010-11-04 09:54:00,2010-11-25 10:20:00,United Kingdom,401,341.27,4,Achats anciens
13988,20,8,4757.8,2010-03-24 11:05:00,2011-11-20 10:15:00,United Kingdom,626,594.725,2,Actifs à montant élevé
13989,66,5,2026.06,2010-05-25 12:13:00,2011-10-05 09:47:00,United Kingdom,564,405.212,2,Actifs à montant élevé
13990,213,1,311.3,2011-05-10 15:19:00,2011-05-10 15:19:00,United Kingdom,213,311.3,1,Achats anciens à faible montant
13991,12,6,852.88,2011-07-19 12:58:00,2011-11-27 16:18:00,United Kingdom,143,142.14666666666668,3,Achats récents occasionnels
13992,30,3,219.5,2010-09-02 17:04:00,2011-11-09 15:23:00,United Kingdom,463,73.16666666666667,3,Achats récents occasionnels
13993,43,19,6775.71,2009-12-03 11:57:00,2011-10-28 09:06:00,United Kingdom,737,356.6163157894737,0,Champions
13994,4,6,2274.14,2011-07-14 18:28:00,2011-12-06 11:05:00,United Kingdom,148,379.0233333333333,2,Actifs à montant élevé
13995,15,14,3902.01,2009-12-18 12:43:00,2011-11-24 14:22:00,United Kingdom,722,278.71500000000003,0,Champions
13996,386,2,895.76,2010-11-05 15:07:00,2010-11-18 16:27:00,United Kingdom,399,447.88,4,Achats anciens
13997,519,3,376.46,2010-06-07 17:33:00,2010-07-08 18:06:00,United Kingdom,550,125.48666666666666,4,Achats anciens
13998,447,3,566.7,2010-05-12 13:18:00,2010-09-19 10:20:00,United Kingdom,576,188.9,4,Achats anciens
13999,10,29,9502.26,2009-12-05 12:42:00,2011-11-29 13:40:00,United Kingdom,735,327.6641379310345,0,Champions
14000,211,5,2046.3400000000001,2009-12-02 09:50:00,2011-05-12 16:50:00,United Kingdom,738,409.26800000000003,4,Achats anciens
14001,46,9,4530.09,2010-08-03 12:49:00,2011-10-25 10:31:00,United Kingdom,494,503.34333333333336,2,Actifs à montant élevé
14002,134,2,529.73,2011-07-06 14:59:00,2011-07-28 15:55:00,United Kingdom,156,264.865,4,Achats anciens
14003,733,1,209.41,2009-12-07 08:53:00,2009-12-07 08:53:00,United Kingdom,733,209.41,1,Achats anciens à faible montant
14004,43,11,6258.45,2010-09-30 09:39:00,2011-10-27 14:40:00,United Kingdom,436,568.9499999999999,2,Actifs à montant élevé
14005,10,5,2874.72,2011-05-08 10:33:00,2011-11-30 12:41:00,United Kingdom,216,574.944,2,Actifs à montant élevé
14006,116,7,2196.67,2010-02-25 09:45:00,2011-08-16 09:39:00,United Kingdom,653,313.81,2,Actifs à montant élevé
14007,513,1,79.48,2010-07-15 09:06:00,2010-07-15 09:06:00,United Kingdom,513,79.48,1,Achats anciens à faible montant
14008,432,1,509.04,2010-10-03 13:09:00,2010-10-03 13:09:00,United Kingdom,432,509.04,1,Achats anciens à faible montant
14009,198,3,1099.91,2010-09-03 12:08:00,2011-05-25 15:47:00,United Kingdom,463,366.6366666666667,4,Achats anciens
14010,565,2,445.15,2010-05-23 12:46:00,2010-05-23 13:00:00,United Kingdom,566,222.575,1,Achats anciens à faible montant
14011,480,2,457.82,2010-04-11 13:40:00,2010-08-16 15:31:00,United Kingdom,607,228.91,1,Achats anciens à faible montant
14012,278,1,328.8,2011-03-07 12:26:00,2011-03-07 12:26:00,United Kingdom,278,328.8,1,Achats anciens à faible montant
14013,110,5,1084.57,2010-03-26 10:02:00,2011-08-21 15:01:00,United Kingdom,624,216.914,4,Achats anciens
14014,77,3,1948.21,2010-05-12 09:04:00,2011-09-23 13:18:00,United Kingdom,577,649.4033333333333,4,Achats anciens
14015,53,1,917.34,2011-10-18 10:02:00,2011-10-18 10:02:00,United Kingdom,53,917.34,3,Achats récents occasionnels
14016,162,11,11403.41,2010-01-08 14:12:00,2011-07-01 11:29:00,EIRE,700,1036.6736363636364,2,Actifs à montant élevé
14017,571,1,229.75,2010-05-17 14:52:00,2010-05-17 14:52:00,United Kingdom,571,229.75,1,Achats anciens à faible montant
14018,645,1,367.15000000000003,2010-03-04 14:23:00,2010-03-04 14:23:00,United Kingdom,645,367.15000000000003,1,Achats anciens à faible montant
14019,47,3,1421.61,2011-07-24 15:39:00,2011-10-24 10:13:00,United Kingdom,138,473.86999999999995,3,Achats récents occasionnels
14020,17,4,1249.01,2010-06-28 15:29:00,2011-11-23 09:22:00,United Kingdom,529,312.2525,3,Achats récents occasionnels
14021,155,7,1716.58,2010-04-26 11:22:00,2011-07-07 15:46:00,United Kingdom,593,245.22571428571428,4,Achats anciens
14022,225,2,792.15,2010-08-10 09:38:00,2011-04-28 14:39:00,United Kingdom,487,396.075,4,Achats anciens
14023,7,2,584.07,2011-04-03 15:50:00,2011-12-02 13:58:00,United Kingdom,250,292.035,3,Achats récents occasionnels
14024,122,3,645.74,2010-11-14 10:51:00,2011-08-10 11:30:00,United Kingdom,391,215.24666666666667,4,Achats anciens
14025,465,8,4057.9,2010-05-05 09:56:00,2010-09-01 10:11:00,United Kingdom,584,507.2375,4,Achats anciens
14026,471,2,713.11,2010-03-24 14:10:00,2010-08-26 10:31:00,United Kingdom,625,356.555,4,Achats anciens
14027,61,1,104.82,2011-10-10 09:01:00,2011-10-10 09:01:00,United Kingdom,61,104.82,1,Achats anciens à faible montant
14028,550,3,10396.5,2010-06-07 12:02:00,2010-06-07 13:33:00,United Kingdom,551,3465.5,4,Achats anciens
14029,63,2,467.66,2011-07-18 16:57:00,2011-10-07 14:46:00,United Kingdom,144,233.83,3,Achats récents occasionnels
14030,18,20,8198.3,2009-12-10 17:27:00,2011-11-21 16:48:00,United Kingdom,729,409.91499999999996,0,Champions
14031,7,44,40919.58,2009-12-03 15:35:00,2011-12-02 17:13:00,United Kingdom,736,929.9904545454546,0,Champions
14032,2,16,4850.2699999999995,2009-12-14 12:02:00,2011-12-07 15:23:00,United Kingdom,726,303.14187499999997,0,Champions
14033,555,1,109.44,2010-06-02 15:10:00,2010-06-02 15:10:00,United Kingdom,555,109.44,1,Achats anciens à faible montant
14034,22,3,648.89,2011-07-05 13:06:00,2011-11-17 14:02:00,United Kingdom,157,216.29666666666665,3,Achats récents occasionnels
14035,29,9,2794.75,2010-04-06 12:39:00,2011-11-11 10:03:00,United Kingdom,613,310.52777777777777,2,Actifs à montant élevé
14036,285,1,626.65,2011-02-28 09:26:00,2011-02-28 09:26:00,United Kingdom,285,626.65,1,Achats anciens à faible montant
14037,176,6,836.95,2009-12-07 11:39:00,2011-06-16 13:57:00,United Kingdom,733,139.49166666666667,4,Achats anciens
14038,78,5,3069.88,2010-02-04 08:56:00,2011-09-22 13:37:00,United Kingdom,674,613.976,2,Actifs à montant élevé
14039,33,2,267.28000000000003,2010-05-13 10:15:00,2011-11-06 13:48:00,United Kingdom,576,133.64000000000001,3,Achats récents occasionnels
14040,41,35,12523.81,2009-12-01 12:14:00,2011-10-30 12:42:00,United Kingdom,739,357.82314285714284,0,Champions
14041,266,1,141.41,2011-03-18 13:25:00,2011-03-18 13:25:00,United Kingdom,266,141.41,1,Achats anciens à faible montant
14042,725,1,431.98,2009-12-14 15:07:00,2009-12-14 15:07:00,United Kingdom,725,431.98,1,Achats anciens à faible montant
14043,491,2,302.6,2009-12-10 15:56:00,2010-08-05 18:18:00,United Kingdom,729,151.3,1,Achats anciens à faible montant
14044,27,10,3077.7,2010-01-24 15:14:00,2011-11-13 12:05:00,United Kingdom,684,307.77,2,Actifs à montant élevé
14045,109,16,11313.029999999999,2010-01-08 10:08:00,2011-08-22 15:27:00,United Kingdom,701,707.0643749999999,2,Actifs à montant élevé
14046,284,1,154.99,2011-02-28 14:48:00,2011-02-28 14:48:00,United Kingdom,284,154.99,1,Achats anciens à faible montant
14047,9,14,4255.03,2010-02-01 10:05:00,2011-12-01 11:43:00,United Kingdom,677,303.93071428571426,0,Champions
14048,305,3,748.69,2010-11-22 14:08:00,2011-02-07 14:53:00,United Kingdom,382,249.56333333333336,4,Achats anciens
14049,17,13,13023.4,2010-04-01 14:52:00,2011-11-23 12:20:00,United Kingdom,617,1001.8,0,Champions
14050,32,2,746.36,2011-08-25 13:46:00,2011-11-08 10:00:00,United Kingdom,106,373.18,3,Achats récents occasionnels
14051,1,37,22394.4,2009-12-03 11:53:00,2011-12-09 10:20:00,United Kingdom,737,605.2540540540541,0,Champions
14052,20,2,466.66,2010-11-14 11:37:00,2011-11-20 12:30:00,United Kingdom,391,233.33,3,Achats récents occasionnels
14053,124,4,572.3,2010-08-10 11:02:00,2011-08-07 14:27:00,United Kingdom,487,143.075,4,Achats anciens
14054,65,1,92.46,2011-10-05 15:49:00,2011-10-05 15:49:00,United Kingdom,65,92.46,1,Achats anciens à faible montant
14055,106,3,1520.96,2009-12-16 15:11:00,2011-08-25 15:04:00,United Kingdom,723,506.9866666666667,4,Achats anciens
14056,1,23,8152.71,2011-02-28 15:19:00,2011-12-08 13:36:00,United Kingdom,284,354.46565217391304,0,Champions
14057,24,22,8346.66,2009-12-03 13:17:00,2011-11-16 10:32:00,United Kingdom,736,379.39363636363635,0,Champions
14058,463,2,469.19,2010-06-27 11:29:00,2010-09-03 09:31:00,United Kingdom,531,234.595,1,Achats anciens à faible montant
14059,267,1,183.6,2011-03-18 10:06:00,2011-03-18 10:06:00,United Kingdom,267,183.6,1,Achats anciens à faible montant
14060,5,30,9519.08,2010-03-11 09:47:00,2011-12-05 12:29:00,United Kingdom,639,317.30266666666665,0,Champions
14061,507,3,917.4300000000001,2009-12-01 18:03:00,2010-07-20 17:22:00,United Kingdom,738,305.81,4,Achats anciens
14062,10,24,25585.65,2009-12-10 14:28:00,2011-11-30 10:04:00,United Kingdom,729,1066.0687500000001,0,Champions
14063,438,9,22710.2,2009-12-08 13:46:00,2010-09-27 16:18:00,United Kingdom,731,2523.355555555556,2,Actifs à montant élevé
14064,29,15,3260.24,2010-01-21 13:22:00,2011-11-10 13:14:00,United Kingdom,687,217.3493333333333,2,Actifs à montant élevé
14065,389,3,891.02,2010-10-04 12:03:00,2010-11-15 16:13:00,United Kingdom,432,297.00666666666666,4,Achats anciens
14066,267,1,152.55,2011-03-18 12:21:00,2011-03-18 12:21:00,United Kingdom,267,152.55,1,Achats anciens à faible montant
14067,64,2,374.7,2011-09-04 12:00:00,2011-10-07 10:21:00,United Kingdom,97,187.35,3,Achats récents occasionnels
14068,320,4,1516.72,2010-01-31 10:10:00,2011-01-23 16:02:00,United Kingdom,678,379.18,4,Achats anciens
14069,515,2,225.81,2010-05-27 12:30:00,2010-07-13 12:12:00,United Kingdom,562,112.905,1,Achats anciens à faible montant
14070,685,1,321.6,2010-01-24 12:27:00,2010-01-24 12:27:00,United Kingdom,685,321.6,1,Achats anciens à faible montant
14071,4,8,1437.57,2011-03-20 11:33:00,2011-12-06 12:27:00,United Kingdom,265,179.69625,2,Actifs à montant élevé
14072,667,1,390.85,2010-02-11 12:31:00,2010-02-11 12:31:00,United Kingdom,667,390.85,1,Achats anciens à faible montant
14073,32,1,151.04,2011-11-07 15:49:00,2011-11-07 15:49:00,United Kingdom,32,151.04,3,Achats récents occasionnels
14074,623,1,219.39999999999998,2010-03-26 13:55:00,2010-03-26 13:55:00,United Kingdom,623,219.39999999999998,1,Achats anciens à faible montant
14075,5,6,1734.87,2010-06-16 14:47:00,2011-12-05 08:38:00,United Kingdom,541,289.145,2,Actifs à montant élevé
14076,129,1,118.67,2011-08-02 15:19:00,2011-08-02 15:19:00,United Kingdom,129,118.67,1,Achats anciens à faible montant
14077,41,6,615.0799999999999,2010-11-09 16:01:00,2011-10-30 12:35:00,United Kingdom,395,102.51333333333332,3,Achats récents occasionnels
14078,102,9,1689.71,2010-03-28 15:05:00,2011-08-30 12:16:00,United Kingdom,621,187.74555555555557,2,Actifs à montant élevé
14079,125,2,618.73,2010-01-26 17:19:00,2011-08-07 12:10:00,United Kingdom,682,309.365,4,Achats anciens
14080,33,5,1115.68,2009-12-02 15:01:00,2011-11-07 11:09:00,United Kingdom,737,223.13600000000002,2,Actifs à montant élevé
14081,302,10,5291.09,2009-12-10 18:27:00,2011-02-10 16:17:00,United Kingdom,729,529.109,2,Actifs à montant élevé
14082,365,2,413.36,2010-11-12 11:47:00,2010-12-10 11:02:00,United Kingdom,393,206.68,1,Achats anciens à faible montant
14083,4,11,1376.2,2009-12-18 11:34:00,2011-12-05 13:14:00,United Kingdom,722,125.10909090909091,2,Actifs à montant élevé
14084,512,1,150.5,2010-07-15 14:36:00,2010-07-15 14:36:00,United Kingdom,512,150.5,1,Achats anciens à faible montant
14085,2,33,10028.72,2009-12-08 13:41:00,2011-12-07 13:46:00,United Kingdom,731,303.90060606060604,0,Champions
14086,463,1,39.95,2010-09-03 10:52:00,2010-09-03 10:52:00,United Kingdom,463,39.95,1,Achats anciens à faible montant
14087,3,3,829.47,2009-12-04 15:27:00,2011-12-07 12:41:00,United Kingdom,735,276.49,3,Achats récents occasionnels
14088,10,16,64036.8,2010-10-14 19:46:00,2011-11-29 16:16:00,United Kingdom,421,4002.3,0,Champions
14089,57,1,158.75,2011-10-14 10:38:00,2011-10-14 10:38:00,United Kingdom,57,158.75,1,Achats anciens à faible montant
14090,325,1,76.32000000000001,2011-01-19 10:51:00,2011-01-19 10:51:00,United Kingdom,325,76.32000000000001,1,Achats anciens à faible montant
14091,654,2,9530.08,2010-01-10 13:41:00,2010-02-23 15:17:00,United Kingdom,698,4765.04,4,Achats anciens
14092,8,24,7229.45,2009-12-16 16:24:00,2011-12-02 12:13:00,United Kingdom,723,301.2270833333333,0,Champions
14093,12,1,433.86,2011-11-27 16:27:00,2011-11-27 16:27:00,United Kingdom,12,433.86,3,Achats récents occasionnels
14094,440,1,311.77,2010-09-26 11:58:00,2010-09-26 11:58:00,United Kingdom,440,311.77,1,Achats anciens à faible montant
14095,723,1,2.95,2009-12-17 12:49:00,2009-12-17 12:49:00,United Kingdom,723,2.95,1,Achats anciens à faible montant
14096,4,17,65164.79,2011-08-30 10:49:00,2011-12-05 17:17:00,United Kingdom,102,3833.2229411764706,0,Champions
14097,481,2,422.85999999999996,2010-03-04 10:46:00,2010-08-15 14:20:00,United Kingdom,646,211.42999999999998,1,Achats anciens à faible montant
14098,37,1,147.35,2011-11-03 10:13:00,2011-11-03 10:13:00,United Kingdom,37,147.35,3,Achats récents occasionnels
14099,16,20,5750.91,2009-12-10 11:55:00,2011-11-23 13:53:00,United Kingdom,730,287.5455,0,Champions
14100,138,1,191.95000000000002,2011-07-25 11:01:00,2011-07-25 11:01:00,United Kingdom,138,191.95000000000002,1,Achats anciens à faible montant
14101,74,13,9961.93,2010-03-28 13:36:00,2011-09-27 12:28:00,United Kingdom,621,766.3023076923077,2,Actifs à montant élevé
14102,5,5,1105.8799999999999,2011-10-26 12:46:00,2011-12-04 15:38:00,United Kingdom,45,221.176,3,Achats récents occasionnels
14104,155,5,743.53,2010-05-28 16:11:00,2011-07-08 12:50:00,United Kingdom,560,148.706,4,Achats anciens
14105,239,5,5988.83,2009-12-18 16:57:00,2011-04-14 17:58:00,United Kingdom,721,1197.766,4,Achats anciens
14106,737,1,214.79999999999998,2009-12-02 14:09:00,2009-12-02 14:09:00,United Kingdom,737,214.79999999999998,1,Achats anciens à faible montant
14107,52,11,4877.3,2009-12-09 14:20:00,2011-10-19 12:12:00,United Kingdom,730,443.39090909090913,2,Actifs à montant élevé
14108,31,4,1044.96,2009-12-01 18:07:00,2011-11-09 10:41:00,United Kingdom,738,261.24,3,Achats récents occasionnels
14109,73,1,144.2,2011-09-28 10:18:00,2011-09-28 10:18:00,United Kingdom,73,144.2,1,Achats anciens à faible montant
14110,4,33,12987.95,2009-12-01 09:50:00,2011-12-06 12:26:00,United Kingdom,739,393.57424242424247,0,Champions
14111,14,4,692.85,2011-04-12 11:36:00,2011-11-25 13:44:00,United Kingdom,242,173.2125,3,Achats récents occasionnels
14112,23,13,5834.59,2010-02-23 14:16:00,2011-11-17 12:30:00,United Kingdom,654,448.8146153846154,2,Actifs à montant élevé
14113,4,16,7092.610000000001,2009-12-08 07:42:00,2011-12-06 12:18:00,United Kingdom,732,443.28812500000004,0,Champions
14114,274,7,1364.09,2010-04-12 11:07:00,2011-03-11 09:42:00,United Kingdom,607,194.86999999999998,4,Achats anciens
14115,502,2,622.6700000000001,2010-02-11 11:44:00,2010-07-26 12:36:00,United Kingdom,667,311.33500000000004,4,Achats anciens
14116,20,5,1382.74,2011-08-10 12:44:00,2011-11-20 10:29:00,United Kingdom,122,276.548,2,Actifs à montant élevé
14117,144,1,90.0,2011-07-19 09:49:00,2011-07-19 09:49:00,United Kingdom,144,90.0,1,Achats anciens à faible montant
14118,429,1,458.45,2010-10-07 11:59:00,2010-10-07 11:59:00,United Kingdom,429,458.45,1,Achats anciens à faible montant
14119,376,2,183.37,2009-12-21 14:52:00,2010-11-29 10:33:00,United Kingdom,718,91.685,1,Achats anciens à faible montant
14121,4,4,2780.15,2011-10-11 10:39:00,2011-12-06 12:19:00,United Kingdom,60,695.0375,2,Actifs à montant élevé
14122,406,3,362.42,2009-12-02 14:22:00,2010-10-29 15:11:00,United Kingdom,737,120.80666666666667,4,Achats anciens
14123,733,1,436.18,2009-12-06 15:35:00,2009-12-06 15:35:00,United Kingdom,733,436.18,1,Achats anciens à faible montant
14124,84,1,419.58000000000004,2011-09-16 13:32:00,2011-09-16 13:32:00,United Kingdom,84,419.58000000000004,3,Achats récents occasionnels
14125,11,3,2720.63,2011-09-22 15:40:00,2011-11-29 12:47:00,United Kingdom,78,906.8766666666667,2,Actifs à montant élevé
14126,8,4,1172.46,2010-09-21 14:51:00,2011-12-02 11:45:00,United Kingdom,444,293.115,3,Achats récents occasionnels
14127,123,6,1900.0800000000002,2010-10-10 11:53:00,2011-08-09 10:49:00,United Kingdom,426,316.68,2,Actifs à montant élevé
14128,61,3,924.21,2010-06-06 14:05:00,2011-10-10 12:00:00,United Kingdom,551,308.07,3,Achats récents occasionnels
14129,2,9,2591.34,2010-05-09 14:54:00,2011-12-08 11:02:00,United Kingdom,579,287.9266666666667,0,Champions
14130,319,4,1858.77,2009-12-11 16:33:00,2011-01-24 16:05:00,United Kingdom,728,464.6925,4,Achats anciens
14131,649,1,168.22,2010-03-01 11:59:00,2010-03-01 11:59:00,United Kingdom,649,168.22,1,Achats anciens à faible montant
14132,2,11,3586.0299999999997,2011-06-09 12:04:00,2011-12-07 13:35:00,United Kingdom,184,326.00272727272727,0,Champions
14133,130,4,911.14,2009-12-06 12:10:00,2011-08-02 11:34:00,United Kingdom,734,227.785,4,Achats anciens
14134,383,15,11123.35,2009-12-10 09:25:00,2010-11-22 12:26:00,United Kingdom,730,741.5566666666667,2,Actifs à montant élevé
14135,2,24,9643.92,2009-12-02 08:58:00,2011-12-08 11:38:00,United Kingdom,738,401.83,0,Champions
14136,401,5,1570.81,2009-12-08 09:19:00,2010-11-04 11:53:00,United Kingdom,732,314.162,4,Achats anciens
14137,696,1,332.7,2010-01-13 12:30:00,2010-01-13 12:30:00,United Kingdom,696,332.7,1,Achats anciens à faible montant
14138,2,2,965.8800000000001,2011-10-07 09:38:00,2011-12-08 12:44:00,United Kingdom,64,482.94000000000005,3,Achats récents occasionnels
14139,46,4,1086.8,2010-06-15 09:17:00,2011-10-24 13:34:00,United Kingdom,543,271.7,3,Achats récents occasionnels
14140,4,2,935.05,2011-11-08 11:20:00,2011-12-06 09:05:00,United Kingdom,32,467.525,3,Achats récents occasionnels
14141,3,4,915.13,2011-08-26 14:40:00,2011-12-07 09:53:00,United Kingdom,105,228.7825,3,Achats récents occasionnels
14142,373,2,983.15,2010-03-03 15:13:00,2010-12-01 16:33:00,United Kingdom,646,491.575,4,Achats anciens
14143,134,1,115.8,2011-07-29 09:48:00,2011-07-29 09:48:00,United Kingdom,134,115.8,1,Achats anciens à faible montant
14144,486,1,30.599999999999998,2010-08-10 15:17:00,2010-08-10 15:17:00,United Kingdom,486,30.599999999999998,1,Achats anciens à faible montant
14145,47,7,7600.05,2010-04-08 09:47:00,2011-10-24 12:10:00,United Kingdom,611,1085.7214285714285,2,Actifs à montant élevé
14146,9,12,9450.3,2010-01-13 16:04:00,2011-12-01 10:18:00,United Kingdom,695,787.525,0,Champions
14147,78,9,2590.2,2010-03-09 13:43:00,2011-09-22 18:10:00,United Kingdom,640,287.79999999999995,2,Actifs à montant élevé
14148,234,2,466.29,2010-10-21 14:08:00,2011-04-20 12:02:00,United Kingdom,414,233.145,4,Achats anciens
14149,221,1,446.62,2011-05-03 09:44:00,2011-05-03 09:44:00,United Kingdom,221,446.62,1,Achats anciens à faible montant
14150,36,2,658.64,2010-12-15 10:04:00,2011-11-04 10:05:00,United Kingdom,360,329.32,3,Achats récents occasionnels
14151,673,2,679.45,2009-12-23 10:54:00,2010-02-04 15:35:00,United Kingdom,717,339.725,4,Achats anciens
14152,75,7,1997.3400000000001,2010-02-18 13:57:00,2011-09-25 12:54:00,United Kingdom,659,285.3342857142857,2,Actifs à montant élevé
14153,483,1,233.4,2010-08-13 14:35:00,2010-08-13 14:35:00,United Kingdom,483,233.4,1,Achats anciens à faible montant
14154,239,8,6460.7,2010-01-13 12:47:00,2011-04-14 16:26:00,United Kingdom,696,807.5875,2,Actifs à montant élevé
14155,266,1,118.75,2011-03-18 14:13:00,2011-03-18 14:13:00,United Kingdom,266,118.75,1,Achats anciens à faible montant
14156,10,156,313759.82,2009-12-01 12:30:00,2011-11-30 10:54:00,EIRE,739,2011.2808974358975,0,Champions
14157,20,5,978.69,2010-03-03 16:49:00,2011-11-20 11:32:00,United Kingdom,646,195.738,3,Achats récents occasionnels
14158,40,1,507.66,2011-10-30 15:08:00,2011-10-30 15:08:00,United Kingdom,40,507.66,3,Achats récents occasionnels
14159,20,20,7860.8,2009-12-03 12:31:00,2011-11-20 12:36:00,United Kingdom,737,393.04,0,Champions
14160,610,7,8421.47,2010-01-10 12:06:00,2010-04-08 14:30:00,United Kingdom,699,1203.0671428571427,4,Achats anciens
14161,216,7,3280.08,2009-12-13 11:46:00,2011-05-08 11:41:00,United Kingdom,727,468.5828571428571,2,Actifs à montant élevé
14162,174,2,289.36,2011-02-20 12:32:00,2011-06-19 11:36:00,United Kingdom,293,144.68,1,Achats anciens à faible montant
14163,87,5,2594.62,2010-09-03 17:15:00,2011-09-13 15:18:00,United Kingdom,462,518.924,2,Actifs à montant élevé
14164,71,2,1631.77,2011-09-20 12:18:00,2011-09-30 12:24:00,United Kingdom,81,815.885,4,Achats anciens
14165,276,1,120.44,2011-03-09 12:39:00,2011-03-09 12:39:00,United Kingdom,276,120.44,1,Achats anciens à faible montant
14166,505,2,251.15,2010-03-23 15:10:00,2010-07-22 19:42:00,United Kingdom,626,125.575,1,Achats anciens à faible montant
14167,39,8,1274.29,2010-01-27 16:07:00,2011-10-31 14:29:00,United Kingdom,681,159.28625,2,Actifs à montant élevé
14168,421,2,370.45,2010-05-24 12:28:00,2010-10-15 10:49:00,United Kingdom,565,185.225,1,Achats anciens à faible montant
14169,431,2,621.51,2010-09-21 13:39:00,2010-10-05 08:45:00,United Kingdom,444,310.755,4,Achats anciens
14170,375,3,570.18,2010-11-09 14:06:00,2010-11-29 13:10:00,United Kingdom,395,190.05999999999997,4,Achats anciens
14171,98,2,498.79,2009-12-09 13:50:00,2011-09-02 16:43:00,United Kingdom,730,249.395,3,Achats récents occasionnels
14172,605,3,369.02,2010-03-07 10:58:00,2010-04-13 13:26:00,United Kingdom,643,123.00666666666666,1,Achats anciens à faible montant
14173,11,6,586.0,2009-12-09 12:46:00,2011-11-29 11:54:00,United Kingdom,731,97.66666666666667,3,Achats récents occasionnels
14174,33,1,134.46,2011-11-06 13:17:00,2011-11-06 13:17:00,United Kingdom,33,134.46,3,Achats récents occasionnels
14175,60,8,7678.88,2010-03-22 10:43:00,2011-10-11 11:55:00,United Kingdom,628,959.86,2,Actifs à montant élevé
14176,297,5,916.01,2010-11-23 13:21:00,2011-02-15 13:12:00,United Kingdom,381,183.202,4,Achats anciens
14177,86,13,2209.69,2010-02-26 11:59:00,2011-09-14 15:11:00,United Kingdom,652,169.97615384615386,2,Actifs à montant élevé
14178,9,7,1600.26,2011-06-10 12:51:00,2011-12-01 12:01:00,United Kingdom,182,228.60857142857142,2,Actifs à montant élevé
14179,41,2,701.57,2011-10-18 14:00:00,2011-10-30 12:07:00,United Kingdom,52,350.785,3,Achats récents occasionnels
14180,11,33,6319.25,2010-06-09 14:56:00,2011-11-29 10:56:00,United Kingdom,548,191.49242424242425,0,Champions
14181,411,2,308.35,2010-05-26 12:32:00,2010-10-25 08:27:00,United Kingdom,563,154.175,1,Achats anciens à faible montant
14182,444,4,678.77,2010-04-22 15:36:00,2010-09-22 11:45:00,United Kingdom,596,169.6925,4,Achats anciens
14183,411,2,278.34000000000003,2010-08-15 15:36:00,2010-10-24 14:45:00,United Kingdom,481,139.17000000000002,1,Achats anciens à faible montant
14184,67,1,452.89,2011-10-04 12:43:00,2011-10-04 12:43:00,United Kingdom,67,452.89,3,Achats récents occasionnels
14185,331,1,197.65,2011-01-12 13:52:00,2011-01-12 13:52:00,United Kingdom,331,197.65,1,Achats anciens à faible montant
14186,427,5,1550.63,2010-03-05 11:17:00,2010-10-08 13:30:00,United Kingdom,645,310.12600000000003,4,Achats anciens
14187,474,1,123.5,2010-08-23 12:06:00,2010-08-23 12:06:00,United Kingdom,474,123.5,1,Achats anciens à faible montant
14188,31,6,2054.36,2011-02-02 13:46:00,2011-11-09 12:45:00,United Kingdom,310,342.3933333333334,2,Actifs à montant élevé
14189,2,16,5814.39,2010-11-16 09:28:00,2011-12-07 15:55:00,United Kingdom,389,363.399375,0,Champions
14190,666,1,79.9,2010-02-11 14:27:00,2010-02-11 14:27:00,United Kingdom,666,79.9,1,Achats anciens à faible montant
14191,2,15,4817.66,2009-12-11 10:48:00,2011-12-08 09:23:00,United Kingdom,729,321.1773333333333,0,Champions
14192,388,1,293.74,2010-11-16 17:44:00,2010-11-16 17:44:00,United Kingdom,388,293.74,1,Achats anciens à faible montant
14193,68,3,1210.19,2010-11-08 12:31:00,2011-10-03 09:34:00,United Kingdom,397,403.3966666666667,4,Achats anciens
14194,5,36,18670.59,2010-01-06 12:16:00,2011-12-05 10:38:00,United Kingdom,703,518.6275,0,Champions
14195,202,6,2615.6,2010-03-15 17:12:00,2011-05-22 10:29:00,United Kingdom,634,435.93333333333334,4,Achats anciens
14196,107,1,335.52,2011-08-25 10:25:00,2011-08-25 10:25:00,United Kingdom,107,335.52,1,Achats anciens à faible montant
14197,411,1,390.05,2010-10-25 10:01:00,2010-10-25 10:01:00,United Kingdom,411,390.05,1,Achats anciens à faible montant
14198,18,9,1569.73,2010-01-05 10:07:00,2011-11-21 16:35:00,United Kingdom,704,174.41444444444446,2,Actifs à montant élevé
14199,218,4,1091.7,2010-06-27 12:13:00,2011-05-05 13:44:00,United Kingdom,531,272.925,4,Achats anciens
14200,617,1,379.2,2010-04-01 13:01:00,2010-04-01 13:01:00,United Kingdom,617,379.2,1,Achats anciens à faible montant
14201,60,10,1193.54,2010-04-30 13:00:00,2011-10-10 13:27:00,United Kingdom,588,119.354,2,Actifs à montant élevé
14202,381,3,847.76,2010-03-25 10:36:00,2010-11-23 17:13:00,United Kingdom,625,282.58666666666664,4,Achats anciens
14203,397,1,339.34,2010-11-07 13:35:00,2010-11-07 13:35:00,United Kingdom,397,339.34,1,Achats anciens à faible montant
14204,2,4,1024.83,2009-12-02 13:26:00,2011-12-07 13:38:00,United Kingdom,737,256.2075,3,Achats récents occasionnels
14205,17,9,2414.2,2010-03-07 12:20:00,2011-11-23 10:55:00,United Kingdom,643,268.2444444444444,2,Actifs à montant élevé
14206,239,3,1185.01,2010-11-02 11:37:00,2011-04-14 16:38:00,United Kingdom,403,395.00333333333333,4,Achats anciens
14207,688,1,157.8,2010-01-21 09:33:00,2010-01-21 09:33:00,United Kingdom,688,157.8,1,Achats anciens à faible montant
14208,95,2,567.05,2010-06-06 13:11:00,2011-09-06 12:48:00,United Kingdom,551,283.525,3,Achats récents occasionnels
14209,11,15,4993.27,2010-01-22 10:28:00,2011-11-29 10:18:00,United Kingdom,687,332.8846666666667,0,Champions
14210,106,16,5861.52,2010-01-06 10:17:00,2011-08-26 12:36:00,United Kingdom,703,366.345,2,Actifs à montant élevé
14211,53,18,4402.29,2009-12-09 12:48:00,2011-10-17 13:23:00,United Kingdom,731,244.57166666666666,2,Actifs à montant élevé
14212,90,2,2190.14,2010-09-20 11:48:00,2011-09-11 12:45:00,United Kingdom,446,1095.07,4,Achats anciens
14213,405,1,1192.2,2010-10-31 10:37:00,2010-10-31 10:37:00,United Kingdom,405,1192.2,4,Achats anciens
14214,31,5,1004.38,2011-03-07 12:26:00,2011-11-09 10:31:00,United Kingdom,278,200.876,3,Achats récents occasionnels
14215,12,9,3416.33,2009-12-08 09:35:00,2011-11-28 12:19:00,United Kingdom,732,379.59222222222223,2,Actifs à montant élevé
14216,3,5,2150.04,2010-10-21 15:07:00,2011-12-06 14:56:00,United Kingdom,414,430.008,2,Actifs à montant élevé
14217,2,23,3416.89,2010-06-30 12:54:00,2011-12-08 11:53:00,United Kingdom,527,148.5604347826087,0,Champions
14218,43,1,169.48000000000002,2011-10-28 10:00:00,2011-10-28 10:00:00,United Kingdom,43,169.48000000000002,3,Achats récents occasionnels
14219,4,3,633.83,2010-08-03 14:42:00,2011-12-05 16:23:00,United Kingdom,493,211.27666666666667,3,Achats récents occasionnels
14220,247,4,1515.0,2010-05-19 13:26:00,2011-04-06 13:23:00,United Kingdom,569,378.75,4,Achats anciens
14221,42,17,6517.49,2010-04-06 14:10:00,2011-10-28 13:42:00,United Kingdom,612,383.38176470588235,0,Champions
14222,177,1,683.17,2011-06-15 16:42:00,2011-06-15 16:42:00,United Kingdom,177,683.17,1,Achats anciens à faible montant
14223,92,3,991.13,2011-03-20 16:02:00,2011-09-08 13:38:00,United Kingdom,264,330.37666666666667,4,Achats anciens
14224,110,9,1841.71,2010-06-13 13:46:00,2011-08-21 13:24:00,United Kingdom,544,204.63444444444445,2,Actifs à montant élevé
14225,435,4,2031.07,2010-01-12 15:02:00,2010-10-01 10:32:00,United Kingdom,696,507.7675,4,Achats anciens
14226,29,6,2985.13,2010-09-24 14:32:00,2011-11-11 11:34:00,United Kingdom,441,497.5216666666667,2,Actifs à montant élevé
14227,26,15,6368.71,2010-02-08 09:38:00,2011-11-13 15:48:00,United Kingdom,670,424.5806666666667,0,Champions
14228,438,3,745.5,2010-06-11 12:29:00,2010-09-28 09:45:00,United Kingdom,547,248.5,4,Achats anciens
14229,52,7,2594.04,2010-08-25 11:47:00,2011-10-19 10:04:00,United Kingdom,472,370.57714285714286,2,Actifs à montant élevé
14230,436,3,979.8000000000001,2010-06-09 13:56:00,2010-09-30 09:07:00,United Kingdom,548,326.6,4,Achats anciens
14231,184,4,1235.6200000000001,2010-09-15 09:52:00,2011-06-09 11:05:00,United Kingdom,451,308.90500000000003,4,Achats anciens
14232,43,5,2048.07,2011-03-20 12:44:00,2011-10-28 11:09:00,United Kingdom,265,409.61400000000003,2,Actifs à montant élevé
14233,49,7,2904.27,2010-03-05 16:35:00,2011-10-21 15:54:00,United Kingdom,644,414.8957142857143,2,Actifs à montant élevé
14234,22,4,754.12,2011-10-13 13:58:00,2011-11-17 17:53:00,United Kingdom,57,188.53,3,Achats récents occasionnels
14235,75,9,4717.99,2010-03-30 13:36:00,2011-09-25 14:37:00,United Kingdom,619,524.2211111111111,2,Actifs à montant élevé
14236,81,5,1744.64,2010-07-22 14:27:00,2011-09-20 09:13:00,United Kingdom,505,348.928,2,Actifs à montant élevé
14237,373,2,632.14,2010-04-28 10:04:00,2010-12-01 13:20:00,United Kingdom,591,316.07,4,Achats anciens
14238,326,3,434.23,2009-12-05 10:58:00,2011-01-17 14:40:00,United Kingdom,735,144.74333333333334,4,Achats anciens
14239,43,21,4263.17,2009-12-05 12:36:00,2011-10-27 14:40:00,United Kingdom,735,203.00809523809525,0,Champions
14240,30,3,1247.49,2010-10-12 12:48:00,2011-11-09 13:45:00,United Kingdom,424,415.83,3,Achats récents occasionnels
14241,184,2,333.70000000000005,2010-01-12 15:11:00,2011-06-09 11:46:00,United Kingdom,696,166.85000000000002,1,Achats anciens à faible montant
14242,235,2,280.55,2011-01-18 08:53:00,2011-04-19 11:46:00,United Kingdom,326,140.275,1,Achats anciens à faible montant
14243,9,17,7431.05,2010-08-20 13:41:00,2011-12-01 11:12:00,United Kingdom,476,437.1205882352941,0,Champions
14244,661,1,366.41999999999996,2010-02-17 11:40:00,2010-02-17 11:40:00,United Kingdom,661,366.41999999999996,1,Achats anciens à faible montant
14245,220,2,1693.45,2011-03-21 10:41:00,2011-05-04 08:40:00,United Kingdom,264,846.725,4,Achats anciens
14246,111,3,1474.06,2011-04-08 08:25:00,2011-08-21 11:50:00,United Kingdom,246,491.3533333333333,4,Achats anciens
14247,278,5,753.56,2010-06-06 15:07:00,2011-03-06 15:21:00,United Kingdom,551,150.712,4,Achats anciens
14248,318,3,1032.95,2010-07-12 14:27:00,2011-01-25 14:45:00,United Kingdom,515,344.31666666666666,4,Achats anciens
14249,411,12,5400.461,2010-01-29 14:21:00,2010-10-25 12:34:00,United Kingdom,679,450.0384166666667,2,Actifs à montant élevé
14250,7,3,1904.05,2011-09-11 13:44:00,2011-12-02 14:30:00,United Kingdom,89,634.6833333333333,3,Achats récents occasionnels
14251,2,5,2879.7000000000003,2011-10-13 12:46:00,2011-12-08 08:32:00,United Kingdom,58,575.94,2,Actifs à montant élevé
14252,381,1,350.99,2010-11-23 13:36:00,2010-11-23 13:36:00,United Kingdom,381,350.99,1,Achats anciens à faible montant
14253,493,2,363.40000000000003,2010-03-26 15:08:00,2010-08-03 14:55:00,United Kingdom,623,181.70000000000002,1,Achats anciens à faible montant
14254,433,1,601.03,2010-10-03 11:52:00,2010-10-03 11:52:00,United Kingdom,433,601.03,1,Achats anciens à faible montant
14255,546,1,1000.63,2010-06-11 15:54:00,2010-06-11 15:54:00,United Kingdom,546,1000.63,4,Achats anciens
14256,260,5,2460.79,2010-01-14 10:35:00,2011-03-24 13:17:00,United Kingdom,695,492.158,4,Achats anciens
14257,64,9,5954.45,2010-03-01 15:36:00,2011-10-06 16:54:00,United Kingdom,648,661.6055555555555,2,Actifs à montant élevé
14258,9,25,32051.34,2009-12-04 08:36:00,2011-11-30 15:27:00,United Kingdom,736,1282.0536,0,Champions
14259,142,1,120.0,2011-07-21 10:44:00,2011-07-21 10:44:00,United Kingdom,142,120.0,1,Achats anciens à faible montant
14260,471,3,824.28,2010-06-09 11:23:00,2010-08-25 14:55:00,United Kingdom,549,274.76,4,Achats anciens
14261,51,2,1163.45,2011-09-22 10:47:00,2011-10-20 10:04:00,United Kingdom,79,581.725,3,Achats récents occasionnels
14262,8,8,2618.23,2011-04-13 12:23:00,2011-12-01 14:17:00,United Kingdom,241,327.27875,2,Actifs à montant élevé
14263,423,1,322.93,2010-10-12 14:09:00,2010-10-12 14:09:00,United Kingdom,423,322.93,1,Achats anciens à faible montant
14264,155,6,1517.3600000000001,2010-04-07 13:21:00,2011-07-08 10:20:00,United Kingdom,611,252.89333333333335,4,Achats anciens
14265,109,4,1373.35,2010-04-06 14:39:00,2011-08-22 13:32:00,Unspecified,612,343.3375,4,Achats anciens
14266,428,1,40.56,2010-10-07 13:32:00,2010-10-07 13:32:00,United Kingdom,428,40.56,1,Achats anciens à faible montant
14267,163,3,1516.24,2011-03-24 11:38:00,2011-06-30 10:09:00,United Kingdom,261,505.41333333333336,4,Achats anciens
14268,471,1,354.85,2010-08-26 10:45:00,2010-08-26 10:45:00,United Kingdom,471,354.85,1,Achats anciens à faible montant
14269,439,1,295.73,2010-09-26 12:53:00,2010-09-26 12:53:00,United Kingdom,439,295.73,1,Achats anciens à faible montant
14270,332,1,492.65000000000003,2011-01-12 09:33:00,2011-01-12 09:33:00,United Kingdom,332,492.65000000000003,1,Achats anciens à faible montant
14271,226,2,214.18,2010-10-26 17:01:00,2011-04-28 12:47:00,United Kingdom,409,107.09,1,Achats anciens à faible montant
14272,74,4,920.81,2010-05-06 14:01:00,2011-09-27 10:08:00,United Kingdom,582,230.2025,4,Achats anciens
14273,51,4,559.97,2011-04-11 13:24:00,2011-10-19 13:20:00,United Kingdom,242,139.9925,3,Achats récents occasionnels
14274,686,1,256.6,2010-01-22 12:51:00,2010-01-22 12:51:00,United Kingdom,686,256.6,1,Achats anciens à faible montant
14275,396,6,1189.3799999999999,2010-04-11 12:32:00,2010-11-09 09:06:00,United Kingdom,608,198.23,4,Achats anciens
14276,99,7,2102.68,2010-02-17 13:10:00,2011-09-02 09:45:00,United Kingdom,660,300.3828571428571,2,Actifs à montant élevé
14277,15,9,17197.61,2009-12-13 15:43:00,2011-11-24 15:01:00,France,726,1910.8455555555556,0,Champions
14278,410,1,205.83,2010-10-26 12:07:00,2010-10-26 12:07:00,United Kingdom,410,205.83,1,Achats anciens à faible montant
14279,521,2,191.86,2010-01-27 16:34:00,2010-07-07 08:42:00,United Kingdom,681,95.93,1,Achats anciens à faible montant
14280,197,1,134.04,2011-05-27 10:37:00,2011-05-27 10:37:00,United Kingdom,197,134.04,1,Achats anciens à faible montant
14281,408,1,245.15,2010-10-27 14:45:00,2010-10-27 14:45:00,United Kingdom,408,245.15,1,Achats anciens à faible montant
14282,3,25,7821.76,2010-02-15 11:22:00,2011-12-06 17:04:00,United Kingdom,663,312.8704,0,Champions
14283,463,4,628.4399999999999,2010-05-19 12:22:00,2010-09-02 14:46:00,United Kingdom,570,157.10999999999999,4,Achats anciens
14284,31,3,1299.65,2010-02-24 12:06:00,2011-11-09 08:11:00,United Kingdom,654,433.2166666666667,3,Achats récents occasionnels
14285,21,8,3284.42,2009-12-08 14:13:00,2011-11-18 14:50:00,United Kingdom,731,410.5525,2,Actifs à montant élevé
14286,24,7,8479.76,2009-12-04 08:40:00,2011-11-16 10:34:00,United Kingdom,736,1211.3942857142858,2,Actifs à montant élevé
14287,8,3,176.63,2011-05-25 11:41:00,2011-12-01 13:25:00,United Kingdom,199,58.876666666666665,3,Achats récents occasionnels
14288,213,1,426.6,2011-05-10 13:22:00,2011-05-10 13:22:00,United Kingdom,213,426.6,1,Achats anciens à faible montant
14289,9,6,911.26,2011-02-23 12:33:00,2011-12-01 11:44:00,United Kingdom,290,151.87666666666667,3,Achats récents occasionnels
14290,11,8,4516.56,2009-12-08 11:44:00,2011-11-28 14:02:00,United Kingdom,732,564.57,2,Actifs à montant élevé
14291,2,23,7904.1,2009-12-09 10:46:00,2011-12-08 10:26:00,United Kingdom,731,343.6565217391304,0,Champions
14292,8,16,9226.25,2010-03-19 11:10:00,2011-12-02 11:50:00,United Kingdom,631,576.640625,0,Champions
14293,3,9,3267.9300000000003,2009-12-10 10:57:00,2011-12-06 15:17:00,United Kingdom,730,363.10333333333335,0,Champions
14294,407,1,375.34,2010-10-28 16:25:00,2010-10-28 16:25:00,United Kingdom,407,375.34,1,Achats anciens à faible montant
14295,40,5,2362.91,2009-12-08 09:49:00,2011-10-30 15:50:00,United Kingdom,732,472.582,2,Actifs à montant élevé
14296,421,2,456.40000000000003,2010-05-14 14:34:00,2010-10-14 14:14:00,United Kingdom,574,228.20000000000002,1,Achats anciens à faible montant
14297,18,4,1305.33,2011-03-10 08:31:00,2011-11-22 09:06:00,United Kingdom,275,326.3325,3,Achats récents occasionnels
14298,8,82,91194.49,2009-12-11 13:49:00,2011-12-01 13:12:00,United Kingdom,728,1112.1279268292683,0,Champions
14299,8,27,14499.49,2009-12-02 10:58:00,2011-12-01 16:05:00,United Kingdom,738,537.0181481481482,0,Champions
14300,19,1,43.2,2011-11-21 08:57:00,2011-11-21 08:57:00,United Kingdom,19,43.2,3,Achats récents occasionnels
14301,117,4,1992.18,2010-02-11 13:07:00,2011-08-14 15:33:00,United Kingdom,666,498.045,4,Achats anciens
14302,431,3,742.9000000000001,2009-12-02 08:16:00,2010-10-05 08:10:00,United Kingdom,738,247.63333333333335,4,Achats anciens
14303,407,2,277.94,2010-10-01 10:31:00,2010-10-28 15:37:00,United Kingdom,435,138.97,1,Achats anciens à faible montant
14304,223,3,1725.01,2010-05-18 10:50:00,2011-05-01 11:50:00,United Kingdom,571,575.0033333333333,4,Achats anciens
14305,71,3,1858.96,2011-07-27 14:14:00,2011-09-29 15:29:00,United Kingdom,135,619.6533333333333,4,Achats anciens
14306,51,6,3151.4,2010-01-31 13:42:00,2011-10-19 13:23:00,United Kingdom,677,525.2333333333333,2,Actifs à montant élevé
14307,89,10,5071.03,2009-12-07 13:06:00,2011-09-12 09:38:00,United Kingdom,732,507.10299999999995,2,Actifs à montant élevé
14308,549,2,1147.02,2010-06-08 16:39:00,2010-06-08 16:48:00,United Kingdom,549,573.51,4,Achats anciens
14309,8,11,3780.81,2010-06-07 10:24:00,2011-12-01 13:33:00,United Kingdom,551,343.71,0,Champions
14310,433,1,492.1,2010-10-03 12:34:00,2010-10-03 12:34:00,United Kingdom,433,492.1,1,Achats anciens à faible montant
14311,243,2,516.45,2010-05-21 10:28:00,2011-04-11 10:14:00,United Kingdom,568,258.225,4,Achats anciens
14312,47,11,3090.29,2010-07-23 15:05:00,2011-10-24 09:46:00,United Kingdom,504,280.93545454545455,2,Actifs à montant élevé
14314,107,2,229.8,2010-10-05 08:00:00,2011-08-25 10:39:00,United Kingdom,431,114.9,1,Achats anciens à faible montant
14315,45,8,3197.82,2010-03-15 12:49:00,2011-10-26 12:06:00,United Kingdom,635,399.7275,2,Actifs à montant élevé
14316,422,5,1370.34,2010-03-19 15:18:00,2010-10-13 16:31:00,United Kingdom,630,274.068,4,Achats anciens
14317,65,1,508.58000000000004,2011-10-06 10:44:00,2011-10-06 10:44:00,United Kingdom,65,508.58000000000004,3,Achats récents occasionnels
14318,460,1,158.02,2010-09-05 15:32:00,2010-09-05 15:32:00,United Kingdom,460,158.02,1,Achats anciens à faible montant
14319,424,1,494.85,2010-10-11 13:38:00,2010-10-11 13:38:00,United Kingdom,424,494.85,1,Achats anciens à faible montant
14320,207,5,1346.75,2010-01-21 11:44:00,2011-05-17 09:24:00,United Kingdom,688,269.35,4,Achats anciens
14321,11,7,2218.06,2010-08-23 12:56:00,2011-11-29 09:47:00,United Kingdom,473,316.86571428571426,2,Actifs à montant élevé
14322,429,4,474.1,2010-02-18 08:49:00,2010-10-06 15:17:00,United Kingdom,660,118.525,4,Achats anciens
14323,115,2,605.0600000000001,2011-04-15 11:44:00,2011-08-17 11:37:00,United Kingdom,239,302.53000000000003,4,Achats anciens
14324,410,2,701.61,2010-01-15 13:31:00,2010-10-26 11:44:00,United Kingdom,693,350.805,4,Achats anciens
14325,570,1,245.48000000000002,2010-05-19 09:20:00,2010-05-19 09:20:00,United Kingdom,570,245.48000000000002,1,Achats anciens à faible montant
14326,242,3,940.98,2010-06-25 12:10:00,2011-04-11 15:04:00,United Kingdom,533,313.66,4,Achats anciens
14327,163,6,1894.93,2010-01-08 14:04:00,2011-06-29 13:58:00,United Kingdom,700,315.82166666666666,4,Achats anciens
14328,438,1,445.05,2010-09-27 16:01:00,2010-09-27 16:01:00,United Kingdom,438,445.05,1,Achats anciens à faible montant
14329,17,15,9887.62,2009-12-16 15:31:00,2011-11-22 15:50:00,United Kingdom,723,659.1746666666667,0,Champions
14330,624,1,200.63,2010-03-26 09:10:00,2010-03-26 09:10:00,United Kingdom,624,200.63,1,Achats anciens à faible montant
14331,124,2,462.65999999999997,2011-07-27 15:14:00,2011-08-07 13:17:00,United Kingdom,135,231.32999999999998,4,Achats anciens
14332,23,5,1917.41,2010-10-19 13:01:00,2011-11-17 11:54:00,United Kingdom,416,383.482,2,Actifs à montant élevé
14333,68,1,415.2,2011-10-03 10:38:00,2011-10-03 10:38:00,United Kingdom,68,415.2,3,Achats récents occasionnels
14334,17,12,4318.48,2010-05-20 10:04:00,2011-11-23 10:01:00,United Kingdom,569,359.8733333333333,2,Actifs à montant élevé
14335,16,2,454.86,2011-09-04 13:07:00,2011-11-23 13:41:00,Germany,96,227.43,3,Achats récents occasionnels
14336,17,4,1614.91,2011-03-08 16:48:00,2011-11-23 11:40:00,United Kingdom,276,403.7275,2,Actifs à montant élevé
14338,161,3,928.1,2010-06-21 10:32:00,2011-07-01 14:08:00,United Kingdom,537,309.3666666666667,4,Achats anciens
14339,243,2,620.27,2010-10-07 08:50:00,2011-04-11 11:06:00,United Kingdom,429,310.135,4,Achats anciens
14340,219,1,134.7,2011-05-05 09:44:00,2011-05-05 09:44:00,United Kingdom,219,134.7,1,Achats anciens à faible montant
14341,45,18,4452.02,2009-12-01 12:20:00,2011-10-25 15:48:00,United Kingdom,739,247.33444444444447,2,Actifs à montant élevé
14342,21,6,918.44,2010-08-24 13:03:00,2011-11-18 13:21:00,United Kingdom,472,153.07333333333335,2,Actifs à montant élevé
14343,421,4,1079.66,2010-01-18 16:47:00,2010-10-14 13:05:00,United Kingdom,690,269.915,4,Achats anciens
14344,127,20,3333.7000000000003,2010-03-23 15:47:00,2011-08-04 13:51:00,United Kingdom,626,166.685,2,Actifs à montant élevé
14345,39,1,108.97999999999999,2011-11-01 09:51:00,2011-11-01 09:51:00,United Kingdom,39,108.97999999999999,3,Achats récents occasionnels
14346,121,5,2315.75,2010-07-30 10:44:00,2011-08-11 09:47:00,United Kingdom,498,463.15,4,Achats anciens
14347,737,1,82.6,2009-12-03 10:49:00,2009-12-03 10:49:00,United Kingdom,737,82.6,1,Achats anciens à faible montant
14348,260,1,409.57,2011-03-24 16:23:00,2011-03-24 16:23:00,United Kingdom,260,409.57,1,Achats anciens à faible montant
14349,10,1,133.5,2011-11-29 15:39:00,2011-11-29 15:39:00,United Kingdom,10,133.5,3,Achats récents occasionnels
14350,274,3,972.03,2010-10-05 15:52:00,2011-03-10 14:14:00,United Kingdom,430,324.01,4,Achats anciens
14351,165,1,51.0,2011-06-28 11:56:00,2011-06-28 11:56:00,United Kingdom,165,51.0,1,Achats anciens à faible montant
14352,157,4,1078.96,2011-03-11 14:58:00,2011-07-05 15:41:00,United Kingdom,273,269.74,4,Achats anciens
14353,215,3,376.5,2010-10-04 12:38:00,2011-05-08 16:06:00,United Kingdom,432,125.5,4,Achats anciens
14354,6,2,163.62,2011-11-09 15:36:00,2011-12-04 11:32:00,United Kingdom,30,81.81,3,Achats récents occasionnels
14355,366,3,1014.45,2010-03-22 15:08:00,2010-12-09 12:16:00,United Kingdom,627,338.15000000000003,4,Achats anciens
14356,80,2,701.23,2011-09-19 14:43:00,2011-09-21 09:18:00,United Kingdom,81,350.615,3,Achats récents occasionnels
14357,43,1,225.12,2011-10-27 16:23:00,2011-10-27 16:23:00,United Kingdom,43,225.12,3,Achats récents occasionnels
14358,389,2,400.06,2010-10-07 17:26:00,2010-11-15 15:51:00,United Kingdom,428,200.03,1,Achats anciens à faible montant
14359,19,3,912.18,2011-09-13 09:03:00,2011-11-20 13:17:00,United Kingdom,88,304.06,3,Achats récents occasionnels
14360,32,4,2118.03,2011-09-06 11:58:00,2011-11-08 09:12:00,United Kingdom,95,529.5075,2,Actifs à montant élevé
14361,579,1,214.70999999999998,2010-05-10 12:29:00,2010-05-10 12:29:00,United Kingdom,579,214.70999999999998,1,Achats anciens à faible montant
14362,22,1,151.5,2011-11-17 15:08:00,2011-11-17 15:08:00,United Kingdom,22,151.5,3,Achats récents occasionnels
14363,402,2,227.47000000000003,2010-09-14 14:39:00,2010-11-02 17:01:00,United Kingdom,451,113.73500000000001,1,Achats anciens à faible montant
14364,109,8,3717.35,2011-05-12 12:56:00,2011-08-23 11:01:00,United Kingdom,211,464.66875,2,Actifs à montant élevé
14365,395,2,634.68,2010-01-27 09:44:00,2010-11-10 09:52:00,United Kingdom,682,317.34,4,Achats anciens
14366,525,1,136.0,2010-07-02 17:23:00,2010-07-02 17:23:00,United Kingdom,525,136.0,1,Achats anciens à faible montant
14367,8,16,9227.82,2011-03-08 14:12:00,2011-12-01 13:19:00,United Kingdom,276,576.73875,0,Champions
14368,320,1,155.0,2011-01-24 09:52:00,2011-01-24 09:52:00,United Kingdom,320,155.0,1,Achats anciens à faible montant
14369,642,2,469.13,2010-02-16 10:28:00,2010-03-07 15:47:00,United Kingdom,662,234.565,1,Achats anciens à faible montant
14370,451,6,1175.78,2010-02-01 08:35:00,2010-09-15 10:53:00,United Kingdom,677,195.96333333333334,4,Achats anciens
14371,295,1,100.5,2011-02-17 16:35:00,2011-02-17 16:35:00,United Kingdom,295,100.5,1,Achats anciens à faible montant
14372,443,2,860.08,2010-04-19 15:57:00,2010-09-22 16:17:00,United Kingdom,599,430.04,4,Achats anciens
14373,358,1,76.55,2010-12-16 15:40:00,2010-12-16 15:40:00,United Kingdom,358,76.55,1,Achats anciens à faible montant
14374,541,1,108.0,2010-06-16 14:25:00,2010-06-16 14:25:00,United Kingdom,541,108.0,1,Achats anciens à faible montant
14375,185,3,1106.82,2010-06-16 14:34:00,2011-06-07 13:44:00,United Kingdom,541,368.94,4,Achats anciens
14376,683,1,215.46,2010-01-25 15:36:00,2010-01-25 15:36:00,United Kingdom,683,215.46,1,Achats anciens à faible montant
14377,191,2,617.05,2011-03-22 13:38:00,2011-06-01 13:32:00,United Kingdom,262,308.525,4,Achats anciens
14378,622,1,131.25,2010-03-28 12:22:00,2010-03-28 12:22:00,United Kingdom,622,131.25,1,Achats anciens à faible montant
14379,44,4,1265.16,2010-08-16 15:31:00,2011-10-26 16:43:00,United Kingdom,480,316.29,3,Achats récents occasionnels
14380,682,1,48.96,2010-01-26 17:11:00,2010-01-26 17:11:00,United Kingdom,682,48.96,1,Achats anciens à faible montant
14381,52,2,625.9399999999999,2010-09-14 16:15:00,2011-10-18 17:10:00,United Kingdom,451,312.96999999999997,3,Achats récents occasionnels
14382,26,2,1193.6299999999999,2010-11-14 16:32:00,2011-11-13 16:18:00,United Kingdom,390,596.8149999999999,3,Achats récents occasionnels
14383,38,3,1247.69,2011-06-29 10:18:00,2011-11-01 15:53:00,United Kingdom,164,415.8966666666667,3,Achats récents occasionnels
14384,501,1,58.5,2010-07-27 09:53:00,2010-07-27 09:53:00,United Kingdom,501,58.5,1,Achats anciens à faible montant
14385,9,3,202.11,2011-11-16 11:55:00,2011-11-30 15:36:00,United Kingdom,24,67.37,3,Achats récents occasionnels
14386,297,1,142.4,2011-02-16 09:45:00,2011-02-16 09:45:00,United Kingdom,297,142.4,1,Achats anciens à faible montant
14387,33,3,1727.6,2011-08-22 14:13:00,2011-11-07 12:29:00,United Kingdom,109,575.8666666666667,3,Achats récents occasionnels
14388,10,16,6701.0,2010-01-20 11:54:00,2011-11-29 13:32:00,United Kingdom,689,418.8125,0,Champions
14389,65,5,1898.01,2010-04-28 14:57:00,2011-10-05 15:17:00,United Kingdom,590,379.602,2,Actifs à montant élevé
14390,10,13,6373.7300000000005,2010-10-10 14:30:00,2011-11-29 13:49:00,United Kingdom,425,490.28692307692313,0,Champions
14391,577,1,135.6,2010-05-12 09:42:00,2010-05-12 09:42:00,United Kingdom,577,135.6,1,Achats anciens à faible montant
14392,432,1,266.4,2010-10-03 12:56:00,2010-10-03 12:56:00,United Kingdom,432,266.4,1,Achats anciens à faible montant
14393,218,1,67.95,2011-05-05 18:16:00,2011-05-05 18:16:00,United Kingdom,218,67.95,1,Achats anciens à faible montant
14394,565,1,93.8,2010-05-24 10:43:00,2010-05-24 10:43:00,United Kingdom,565,93.8,1,Achats anciens à faible montant
14395,2,20,8110.610000000001,2010-04-18 13:12:00,2011-12-07 14:34:00,United Kingdom,600,405.5305,0,Champions
14396,65,7,2079.73,2009-12-02 14:21:00,2011-10-05 16:09:00,United Kingdom,737,297.1042857142857,2,Actifs à montant élevé
14397,3,19,2612.96,2011-05-10 12:25:00,2011-12-07 09:22:00,United Kingdom,214,137.52421052631578,0,Champions
14398,401,2,707.79,2010-06-30 11:57:00,2010-11-03 13:46:00,United Kingdom,528,353.895,4,Achats anciens
14399,394,8,2108.21,2010-02-03 13:09:00,2010-11-10 13:23:00,United Kingdom,674,263.52625,4,Achats anciens
14400,149,3,1732.47,2010-03-18 12:11:00,2011-07-13 15:50:00,United Kingdom,632,577.49,4,Achats anciens
14401,4,22,6795.9,2009-12-14 13:22:00,2011-12-05 13:30:00,United Kingdom,725,308.9045454545454,0,Champions
14402,652,1,285.6,2010-02-25 13:20:00,2010-02-25 13:20:00,United Kingdom,652,285.6,1,Achats anciens à faible montant
14403,130,6,1880.51,2010-03-10 14:00:00,2011-08-01 12:57:00,United Kingdom,639,313.41833333333335,4,Achats anciens
14404,34,13,2853.36,2009-12-20 14:40:00,2011-11-06 12:30:00,United Kingdom,719,219.48923076923077,2,Actifs à montant élevé
14405,387,1,195.0,2010-11-18 11:40:00,2010-11-18 11:40:00,United Kingdom,387,195.0,1,Achats anciens à faible montant
14406,119,1,156.75,2011-08-12 16:54:00,2011-08-12 16:54:00,United Kingdom,119,156.75,1,Achats anciens à faible montant
14407,107,6,2157.73,2011-03-08 11:59:00,2011-08-24 14:02:00,United Kingdom,277,359.62166666666667,2,Actifs à montant élevé
14408,11,11,4102.27,2009-12-07 12:18:00,2011-11-29 11:41:00,United Kingdom,733,372.9336363636364,2,Actifs à montant élevé
14409,71,9,3756.09,2010-05-21 16:45:00,2011-09-29 18:18:00,United Kingdom,567,417.34333333333336,2,Actifs à montant élevé
14410,92,11,2631.9,2010-09-28 15:46:00,2011-09-08 15:08:00,United Kingdom,437,239.26363636363638,2,Actifs à montant élevé
14411,311,1,1063.0,2011-02-02 10:56:00,2011-02-02 10:56:00,United Kingdom,311,1063.0,4,Achats anciens
14412,43,3,1426.19,2010-10-11 12:33:00,2011-10-28 10:45:00,United Kingdom,425,475.3966666666667,3,Achats récents occasionnels
14413,362,4,764.52,2010-01-19 14:27:00,2010-12-12 13:37:00,United Kingdom,689,191.13,4,Achats anciens
14414,92,8,2399.33,2010-11-30 10:12:00,2011-09-09 12:09:00,United Kingdom,375,299.91625,2,Actifs à montant élevé
14415,1,23,11980.09,2009-12-16 14:08:00,2011-12-08 14:38:00,United Kingdom,723,520.8734782608695,0,Champions
14416,22,2,490.22,2011-10-28 15:10:00,2011-11-17 15:22:00,United Kingdom,42,245.11,3,Achats récents occasionnels
14417,388,1,524.65,2010-11-17 10:55:00,2010-11-17 10:55:00,United Kingdom,388,524.65,1,Achats anciens à faible montant
14418,4,3,1937.25,2011-08-23 17:18:00,2011-12-06 11:39:00,United Kingdom,108,645.75,3,Achats récents occasionnels
14419,11,7,1254.64,2010-11-22 11:09:00,2011-11-29 11:22:00,United Kingdom,383,179.23428571428573,2,Actifs à montant élevé
14420,99,4,1639.17,2010-01-17 12:41:00,2011-09-01 18:07:00,United Kingdom,692,409.7925,4,Achats anciens
14421,57,6,2469.37,2010-01-17 11:30:00,2011-10-13 13:24:00,United Kingdom,692,411.56166666666667,2,Actifs à montant élevé
14422,1,19,10271.52,2009-12-17 12:12:00,2011-12-09 11:26:00,United Kingdom,723,540.6063157894737,0,Champions
14423,218,3,916.6099999999999,2010-01-14 11:49:00,2011-05-05 15:12:00,United Kingdom,695,305.53666666666663,4,Achats anciens
14424,18,1,322.08,2011-11-22 11:48:00,2011-11-22 11:48:00,United Kingdom,18,322.08,3,Achats récents occasionnels
14425,435,3,661.39,2009-12-02 11:31:00,2010-10-01 10:24:00,United Kingdom,738,220.46333333333334,4,Achats anciens
14426,24,17,11727.94,2010-03-04 14:36:00,2011-11-16 12:25:00,United Kingdom,645,689.8788235294118,0,Champions
14427,50,4,1263.52,2010-03-18 09:49:00,2011-10-20 14:23:00,United Kingdom,632,315.88,3,Achats récents occasionnels
14428,7,5,1224.06,2011-01-18 16:39:00,2011-12-02 13:17:00,United Kingdom,325,244.81199999999998,3,Achats récents occasionnels
14429,404,1,516.28,2010-11-01 10:08:00,2010-11-01 10:08:00,United Kingdom,404,516.28,1,Achats anciens à faible montant
14430,512,3,1220.9,2010-04-11 15:59:00,2010-07-16 11:35:00,United Kingdom,607,406.9666666666667,4,Achats anciens
14431,303,4,2614.2,2010-01-21 10:49:00,2011-02-10 10:40:00,United Kingdom,688,653.55,4,Achats anciens
14432,10,6,2248.5,2011-09-11 14:09:00,2011-11-30 08:04:00,United Kingdom,89,374.75,2,Actifs à montant élevé
14433,466,1,280.7,2010-08-31 12:35:00,2010-08-31 12:35:00,United Kingdom,466,280.7,1,Achats anciens à faible montant
14434,22,6,1372.8,2011-09-28 15:31:00,2011-11-18 08:56:00,United Kingdom,72,228.79999999999998,2,Actifs à montant élevé
14435,502,1,90.42,2010-07-26 12:33:00,2010-07-26 12:33:00,United Kingdom,502,90.42,1,Achats anciens à faible montant
14436,99,2,271.70000000000005,2010-06-04 11:32:00,2011-09-02 10:13:00,United Kingdom,554,135.85000000000002,1,Achats anciens à faible montant
14437,366,5,936.34,2010-05-05 12:20:00,2010-12-09 09:27:00,United Kingdom,584,187.268,4,Achats anciens
14438,306,1,131.9,2011-02-06 14:56:00,2011-02-06 14:56:00,United Kingdom,306,131.9,1,Achats anciens à faible montant
14439,320,5,9443.04,2010-01-21 14:01:00,2011-01-24 11:39:00,Greece,687,1888.6080000000002,4,Achats anciens
14440,8,13,6638.7300000000005,2009-12-02 12:13:00,2011-12-01 15:42:00,United Kingdom,738,510.6715384615385,0,Champions
14441,1,11,4611.6900000000005,2010-01-18 10:40:00,2011-12-09 09:07:00,United Kingdom,691,419.2445454545455,0,Champions
14442,205,7,5367.0199999999995,2010-01-18 12:59:00,2011-05-19 11:36:00,Channel Islands,690,766.7171428571428,2,Actifs à montant élevé
14443,54,5,2386.47,2010-11-25 14:18:00,2011-10-17 10:10:00,United Kingdom,379,477.294,2,Actifs à montant élevé
14444,456,1,120.44,2010-09-09 18:56:00,2010-09-09 18:56:00,United Kingdom,456,120.44,1,Achats anciens à faible montant
14445,456,1,221.65,2010-09-10 11:09:00,2010-09-10 11:09:00,United Kingdom,456,221.65,1,Achats anciens à faible montant
14446,1,5,1200.28,2010-11-18 12:08:00,2011-12-09 11:34:00,United Kingdom,387,240.05599999999998,3,Achats récents occasionnels
14447,19,6,1711.73,2010-11-04 13:32:00,2011-11-21 08:28:00,United Kingdom,400,285.28833333333336,2,Actifs à montant élevé
14448,9,2,375.35,2010-12-10 17:26:00,2011-11-30 13:50:00,United Kingdom,364,187.675,3,Achats récents occasionnels
14449,19,8,2441.2,2010-09-29 13:15:00,2011-11-21 12:06:00,United Kingdom,436,305.15,2,Actifs à montant élevé
14450,181,7,1128.44,2010-04-08 12:09:00,2011-06-12 10:46:00,United Kingdom,611,161.2057142857143,4,Achats anciens
14451,60,12,3258.68,2010-01-17 10:35:00,2011-10-10 13:38:00,United Kingdom,692,271.5566666666667,2,Actifs à montant élevé
14452,11,4,658.95,2010-07-06 13:13:00,2011-11-29 12:06:00,United Kingdom,521,164.7375,3,Achats récents occasionnels
14453,190,1,119.93,2011-06-02 14:15:00,2011-06-02 14:15:00,United Kingdom,190,119.93,1,Achats anciens à faible montant
14454,376,5,977.3,2009-12-06 12:56:00,2010-11-28 13:26:00,United Kingdom,733,195.45999999999998,4,Achats anciens
14455,432,4,617.72,2010-08-01 13:26:00,2010-10-03 15:48:00,United Kingdom,495,154.43,4,Achats anciens
14456,5,9,3017.28,2011-07-20 13:06:00,2011-12-04 13:59:00,United Kingdom,142,335.25333333333333,2,Actifs à montant élevé
14457,311,1,113.64,2011-02-02 09:39:00,2011-02-02 09:39:00,United Kingdom,311,113.64,1,Achats anciens à faible montant
14458,381,1,228.07,2010-11-24 12:43:00,2010-11-24 12:43:00,United Kingdom,381,228.07,1,Achats anciens à faible montant
14459,155,2,5375.741,2010-02-26 13:26:00,2011-07-07 13:35:00,United Kingdom,651,2687.8705,4,Achats anciens
14460,110,9,1093.5,2009-12-15 19:06:00,2011-08-21 14:19:00,United Kingdom,724,121.5,2,Actifs à montant élevé
14461,148,13,6676.91,2010-01-18 12:48:00,2011-07-14 17:11:00,United Kingdom,691,513.6084615384615,2,Actifs à montant élevé
14462,66,12,2242.81,2010-10-03 14:13:00,2011-10-04 15:55:00,United Kingdom,432,186.90083333333334,2,Actifs à montant élevé
14463,98,4,786.5699999999999,2010-07-28 11:35:00,2011-09-02 15:20:00,United Kingdom,500,196.64249999999998,4,Achats anciens
14464,568,2,111.0,2010-03-22 15:20:00,2010-05-20 18:00:00,United Kingdom,627,55.5,1,Achats anciens à faible montant
14465,247,11,3925.85,2010-01-07 15:03:00,2011-04-07 12:38:00,United Kingdom,701,356.8954545454545,2,Actifs à montant élevé
14466,29,13,4646.9,2009-12-13 15:44:00,2011-11-10 14:07:00,United Kingdom,726,357.45384615384614,2,Actifs à montant élevé
14467,18,12,2203.2400000000002,2009-12-02 12:44:00,2011-11-22 12:48:00,United Kingdom,738,183.60333333333335,2,Actifs à montant élevé
14468,734,1,204.24,2009-12-06 12:21:00,2009-12-06 12:21:00,United Kingdom,734,204.24,1,Achats anciens à faible montant
14469,416,4,2093.46,2010-01-29 11:12:00,2010-10-19 14:30:00,United Kingdom,680,523.365,4,Achats anciens
14470,12,3,712.04,2010-10-05 12:39:00,2011-11-28 10:31:00,United Kingdom,431,237.34666666666666,3,Achats récents occasionnels
14471,591,2,400.95,2009-12-07 12:26:00,2010-04-27 17:12:00,United Kingdom,733,200.475,1,Achats anciens à faible montant
14472,104,9,2118.72,2010-01-19 13:09:00,2011-08-28 11:01:00,United Kingdom,689,235.4133333333333,2,Actifs à montant élevé
14473,74,2,234.34000000000003,2011-03-02 13:56:00,2011-09-26 15:10:00,United Kingdom,282,117.17000000000002,3,Achats récents occasionnels
14474,46,2,1258.8899999999999,2010-05-09 12:12:00,2011-10-24 13:26:00,United Kingdom,580,629.4449999999999,3,Achats récents occasionnels
14475,72,4,1151.15,2010-10-27 09:20:00,2011-09-29 10:46:00,United Kingdom,409,287.7875,4,Achats anciens
14476,257,1,193.0,2011-03-27 15:39:00,2011-03-27 15:39:00,United Kingdom,257,193.0,1,Achats anciens à faible montant
14477,20,7,1969.6,2010-01-04 15:41:00,2011-11-20 11:11:00,United Kingdom,704,281.37142857142857,2,Actifs à montant élevé
14478,382,4,1276.66,2009-12-01 13:20:00,2010-11-22 15:29:00,United Kingdom,738,319.165,4,Achats anciens
14479,254,4,1299.11,2009-12-06 13:48:00,2011-03-31 09:07:00,United Kingdom,733,324.7775,4,Achats anciens
14480,11,4,1299.52,2009-12-21 16:32:00,2011-11-28 16:35:00,United Kingdom,718,324.88,3,Achats récents occasionnels
14481,165,5,2284.69,2010-01-31 12:43:00,2011-06-28 10:38:00,United Kingdom,678,456.938,4,Achats anciens
14482,18,12,4306.72,2010-08-26 14:13:00,2011-11-21 13:14:00,United Kingdom,470,358.8933333333334,2,Actifs à montant élevé
14483,282,2,257.1,2009-12-03 10:16:00,2011-03-03 10:26:00,United Kingdom,737,128.55,1,Achats anciens à faible montant
14484,50,4,1070.98,2009-12-17 10:57:00,2011-10-20 14:11:00,United Kingdom,723,267.745,3,Achats récents occasionnels
14485,39,1,162.8,2011-11-01 12:25:00,2011-11-01 12:25:00,United Kingdom,39,162.8,3,Achats récents occasionnels
14486,512,2,175.5,2010-06-04 10:30:00,2010-07-16 09:42:00,United Kingdom,554,87.75,1,Achats anciens à faible montant
14487,27,7,1391.37,2010-11-25 13:36:00,2011-11-13 12:17:00,United Kingdom,379,198.76714285714283,2,Actifs à montant élevé
14488,68,1,1064.28,2011-10-03 09:30:00,2011-10-03 09:30:00,United Kingdom,68,1064.28,3,Achats récents occasionnels
14489,207,4,1574.93,2010-04-06 09:52:00,2011-05-16 14:51:00,United Kingdom,613,393.7325,4,Achats anciens
14490,406,2,1273.47,2010-10-07 11:36:00,2010-10-29 15:04:00,United Kingdom,429,636.735,4,Achats anciens
14491,175,2,468.13,2010-12-02 12:10:00,2011-06-17 15:22:00,United Kingdom,373,234.065,4,Achats anciens
14492,430,7,1921.91,2010-03-30 14:23:00,2010-10-05 13:21:00,United Kingdom,619,274.55857142857144,4,Achats anciens
14493,7,10,5087.86,2010-03-08 08:33:00,2011-12-02 16:14:00,United Kingdom,642,508.78599999999994,0,Champions
14494,26,3,401.46,2009-12-08 13:25:00,2011-11-14 09:21:00,United Kingdom,731,133.82,3,Achats récents occasionnels
14495,51,3,174.8,2010-02-18 08:49:00,2011-10-20 12:28:00,United Kingdom,660,58.26666666666667,3,Achats récents occasionnels
14496,312,7,2668.23,2010-03-16 13:15:00,2011-02-01 09:01:00,United Kingdom,633,381.17571428571426,4,Achats anciens
14497,309,2,697.0600000000001,2010-02-04 09:59:00,2011-02-03 17:01:00,United Kingdom,674,348.53000000000003,4,Achats anciens
14498,43,10,3900.83,2010-06-07 16:05:00,2011-10-28 12:09:00,United Kingdom,550,390.08299999999997,2,Actifs à montant élevé
14499,26,7,2101.79,2010-08-27 11:57:00,2011-11-13 13:01:00,United Kingdom,470,300.2557142857143,2,Actifs à montant élevé
14500,88,3,356.85,2011-06-03 10:08:00,2011-09-12 16:45:00,United Kingdom,190,118.95,3,Achats récents occasionnels
14501,184,2,251.21,2011-01-24 10:43:00,2011-06-09 12:02:00,United Kingdom,320,125.605,1,Achats anciens à faible montant
14502,20,11,2429.83,2011-01-30 15:52:00,2011-11-20 11:50:00,United Kingdom,313,220.89363636363635,2,Actifs à montant élevé
14503,3,6,3543.26,2011-06-14 10:00:00,2011-12-06 13:30:00,United Kingdom,179,590.5433333333334,2,Actifs à montant élevé
14504,47,4,673.26,2011-03-06 14:38:00,2011-10-23 16:00:00,United Kingdom,278,168.315,3,Achats récents occasionnels
14505,17,19,11879.08,2009-12-09 14:48:00,2011-11-22 15:45:00,United Kingdom,730,625.2147368421053,0,Champions
14506,17,7,3217.25,2010-04-19 08:27:00,2011-11-22 13:02:00,United Kingdom,600,459.60714285714283,2,Actifs à montant élevé
14507,24,11,3216.7400000000002,2009-12-10 17:04:00,2011-11-16 12:21:00,United Kingdom,729,292.4309090909091,2,Actifs à montant élevé
14508,22,5,822.92,2010-06-17 13:02:00,2011-11-17 19:48:00,United Kingdom,540,164.584,3,Achats récents occasionnels
14509,534,1,110.95,2010-06-23 13:21:00,2010-06-23 13:21:00,United Kingdom,534,110.95,1,Achats anciens à faible montant
14510,376,3,979.85,2010-09-29 13:35:00,2010-11-29 12:46:00,United Kingdom,436,326.6166666666667,4,Achats anciens
14511,11,5,1314.81,2011-07-29 12:13:00,2011-11-28 17:05:00,United Kingdom,134,262.962,2,Actifs à montant élevé
14512,188,7,1215.97,2009-12-07 13:49:00,2011-06-05 12:39:00,United Kingdom,732,173.71,4,Achats anciens
14513,101,6,788.01,2010-05-20 17:57:00,2011-08-31 11:25:00,United Kingdom,568,131.335,4,Achats anciens
14514,61,9,4380.04,2009-12-13 13:21:00,2011-10-09 16:05:00,United Kingdom,726,486.6711111111111,2,Actifs à montant élevé
14515,18,12,3724.06,2010-06-07 12:37:00,2011-11-22 11:37:00,United Kingdom,551,310.3383333333333,2,Actifs à montant élevé
14516,516,1,151.17,2010-07-11 14:07:00,2010-07-11 14:07:00,United Kingdom,516,151.17,1,Achats anciens à faible montant
14517,33,2,330.45,2011-07-21 11:42:00,2011-11-06 14:20:00,United Kingdom,142,165.225,3,Achats récents occasionnels
14518,64,1,174.37,2011-10-06 14:43:00,2011-10-06 14:43:00,United Kingdom,64,174.37,1,Achats anciens à faible montant
14519,684,2,203.14,2009-12-11 10:40:00,2010-01-25 11:18:00,United Kingdom,729,101.57,1,Achats anciens à faible montant
14520,2,2,270.6,2011-02-22 09:15:00,2011-12-08 09:46:00,United Kingdom,291,135.3,3,Achats récents occasionnels
14521,491,1,199.45000000000002,2010-08-05 16:35:00,2010-08-05 16:35:00,United Kingdom,491,199.45000000000002,1,Achats anciens à faible montant
14522,24,8,1748.42,2010-01-24 13:55:00,2011-11-15 13:24:00,United Kingdom,684,218.5525,2,Actifs à montant élevé
14523,108,1,241.09,2011-08-23 13:13:00,2011-08-23 13:13:00,United Kingdom,108,241.09,1,Achats anciens à faible montant
14524,32,13,2909.86,2010-10-19 11:44:00,2011-11-08 12:29:00,United Kingdom,417,223.8353846153846,2,Actifs à montant élevé
14525,20,17,8026.54,2009-12-13 14:01:00,2011-11-20 11:37:00,United Kingdom,726,472.14941176470586,0,Champions
14526,389,1,258.65,2010-11-15 13:32:00,2010-11-15 13:32:00,United Kingdom,389,258.65,1,Achats anciens à faible montant
14527,3,122,27764.21,2009-12-02 12:06:00,2011-12-07 12:19:00,United Kingdom,738,227.57549180327868,0,Champions
14528,37,1,364.21999999999997,2011-11-02 17:09:00,2011-11-02 17:09:00,United Kingdom,37,364.21999999999997,3,Achats récents occasionnels
14529,60,3,578.61,2011-08-21 14:10:00,2011-10-10 15:27:00,United Kingdom,110,192.87,3,Achats récents occasionnels
14530,26,16,6088.87,2010-01-21 11:25:00,2011-11-14 10:38:00,United Kingdom,688,380.554375,0,Champions
14531,480,1,376.34,2010-08-17 10:16:00,2010-08-17 10:16:00,United Kingdom,480,376.34,1,Achats anciens à faible montant
14532,236,11,3845.78,2010-01-10 11:47:00,2011-04-17 13:05:00,United Kingdom,699,349.61636363636364,2,Actifs à montant élevé
14533,25,11,3466.37,2010-04-08 12:13:00,2011-11-15 12:05:00,United Kingdom,611,315.12454545454545,2,Actifs à montant élevé
14534,3,26,6187.66,2010-03-15 14:16:00,2011-12-07 12:19:00,United Kingdom,634,237.98692307692306,0,Champions
14535,60,9,5973.2300000000005,2010-02-24 15:03:00,2011-10-10 15:39:00,United Kingdom,653,663.6922222222223,2,Actifs à montant élevé
14536,260,1,170.95,2011-03-25 12:21:00,2011-03-25 12:21:00,United Kingdom,260,170.95,1,Achats anciens à faible montant
14537,58,2,641.4,2010-03-26 13:44:00,2011-10-13 10:54:00,United Kingdom,623,320.7,3,Achats récents occasionnels
14538,65,5,1370.8400000000001,2010-01-25 15:42:00,2011-10-06 10:31:00,United Kingdom,683,274.168,2,Actifs à montant élevé
14539,16,2,537.48,2011-10-26 12:03:00,2011-11-24 09:50:00,United Kingdom,45,268.74,3,Achats récents occasionnels
14540,10,11,3709.64,2009-12-07 13:00:00,2011-11-30 10:15:00,United Kingdom,732,337.24,2,Actifs à montant élevé
14541,59,14,2491.38,2010-01-07 11:59:00,2011-10-12 10:08:00,United Kingdom,702,177.9557142857143,2,Actifs à montant élevé
14542,186,1,103.25,2011-06-07 08:19:00,2011-06-07 08:19:00,United Kingdom,186,103.25,1,Achats anciens à faible montant
14543,29,39,14587.87,2009-12-01 13:47:00,2011-11-11 12:45:00,United Kingdom,738,374.0479487179487,0,Champions
14544,24,3,2938.53,2010-08-26 16:00:00,2011-11-15 15:06:00,United Kingdom,470,979.5100000000001,2,Actifs à montant élevé
14545,674,1,349.25,2010-02-03 15:23:00,2010-02-03 15:23:00,United Kingdom,674,349.25,1,Achats anciens à faible montant
14546,5,11,5184.84,2009-12-06 13:10:00,2011-12-04 13:00:00,United Kingdom,733,471.34909090909093,0,Champions
14547,4,8,3974.75,2011-10-16 14:35:00,2011-12-06 11:06:00,United Kingdom,54,496.84375,2,Actifs à montant élevé
14548,151,9,2541.29,2009-12-06 14:00:00,2011-07-12 12:19:00,United Kingdom,733,282.36555555555555,2,Actifs à montant élevé
14549,311,4,913.6,2009-12-02 14:06:00,2011-02-01 13:47:00,United Kingdom,737,228.4,4,Achats anciens
14550,11,4,1345.06,2010-08-13 12:05:00,2011-11-29 12:12:00,United Kingdom,484,336.265,3,Achats récents occasionnels
14551,18,7,878.09,2010-01-27 12:06:00,2011-11-21 13:36:00,United Kingdom,682,125.44142857142857,2,Actifs à montant élevé
14552,152,3,507.93,2010-04-26 13:44:00,2011-07-11 12:49:00,United Kingdom,592,169.31,4,Achats anciens
14553,19,9,1818.6,2010-07-18 12:07:00,2011-11-20 13:20:00,United Kingdom,510,202.06666666666666,2,Actifs à montant élevé
14554,10,4,2279.4900000000002,2011-10-18 13:04:00,2011-11-29 16:44:00,United Kingdom,52,569.8725000000001,2,Actifs à montant élevé
14555,57,6,2304.03,2009-12-18 11:39:00,2011-10-13 16:24:00,United Kingdom,722,384.00500000000005,2,Actifs à montant élevé
14556,596,3,815.69,2010-01-20 11:49:00,2010-04-22 14:57:00,United Kingdom,689,271.8966666666667,4,Achats anciens
14557,85,1,788.38,2011-09-15 15:48:00,2011-09-15 15:48:00,United Kingdom,85,788.38,3,Achats récents occasionnels
14558,654,3,655.5,2009-12-08 10:41:00,2010-02-23 12:51:00,United Kingdom,732,218.5,4,Achats anciens
14559,390,1,75.6,2010-11-14 16:05:00,2010-11-14 16:05:00,United Kingdom,390,75.6,1,Achats anciens à faible montant
14560,7,44,6114.03,2009-12-02 10:15:00,2011-12-02 15:22:00,United Kingdom,738,138.95522727272726,0,Champions
14561,76,3,1080.76,2011-06-08 13:26:00,2011-09-25 12:39:00,United Kingdom,184,360.25333333333333,4,Achats anciens
14562,4,26,6638.150000000001,2010-02-07 14:10:00,2011-12-06 11:05:00,United Kingdom,670,255.31346153846155,0,Champions
14563,510,2,640.54,2010-04-26 12:51:00,2010-07-18 12:01:00,United Kingdom,592,320.27,4,Achats anciens
14564,435,2,2605.62,2009-12-04 09:27:00,2010-10-01 09:02:00,Channel Islands,736,1302.81,4,Achats anciens
14565,96,5,3859.2200000000003,2010-08-23 09:48:00,2011-09-05 09:07:00,United Kingdom,474,771.844,2,Actifs à montant élevé
14566,111,4,4092.0,2010-06-24 10:34:00,2011-08-21 11:05:00,Channel Islands,534,1023.0,2,Actifs à montant élevé
14567,57,2,1530.3600000000001,2011-08-01 13:48:00,2011-10-14 10:21:00,United Kingdom,130,765.1800000000001,3,Achats récents occasionnels
14568,435,1,919.7,2010-09-30 17:15:00,2010-09-30 17:15:00,Channel Islands,435,919.7,4,Achats anciens
14569,1,4,597.3299999999999,2010-04-15 11:49:00,2011-12-08 14:58:00,United Kingdom,604,149.33249999999998,3,Achats récents occasionnels
14570,281,3,613.75,2010-09-22 13:07:00,2011-03-04 10:58:00,United Kingdom,443,204.58333333333334,4,Achats anciens
14571,425,1,160.0,2010-10-10 15:06:00,2010-10-10 15:06:00,United Kingdom,425,160.0,1,Achats anciens à faible montant
14572,3,11,5526.88,2010-03-28 13:47:00,2011-12-06 14:40:00,United Kingdom,621,502.44363636363636,0,Champions
14573,180,13,2565.12,2010-01-08 16:34:00,2011-06-13 11:15:00,United Kingdom,700,197.31692307692308,2,Actifs à montant élevé
14574,733,1,143.70000000000002,2009-12-07 12:42:00,2009-12-07 12:42:00,United Kingdom,733,143.70000000000002,1,Achats anciens à faible montant
14575,488,1,420.22,2010-08-08 14:51:00,2010-08-08 14:51:00,United Kingdom,488,420.22,1,Achats anciens à faible montant
14576,372,1,70.80000000000001,2010-12-02 17:51:00,2010-12-02 17:51:00,United Kingdom,372,70.80000000000001,1,Achats anciens à faible montant
14577,13,7,1364.15,2009-12-11 12:09:00,2011-11-27 12:47:00,United Kingdom,729,194.87857142857143,2,Actifs à montant élevé
14578,3,1,168.63,2011-12-06 17:18:00,2011-12-06 17:18:00,United Kingdom,3,168.63,3,Achats récents occasionnels
14579,432,1,105.56,2010-10-03 14:36:00,2010-10-03 14:36:00,United Kingdom,432,105.56,1,Achats anciens à faible montant
14580,518,1,14.850000000000001,2010-07-09 15:20:00,2010-07-09 15:20:00,United Kingdom,518,14.850000000000001,1,Achats anciens à faible montant
14581,17,2,409.65,2010-06-13 15:48:00,2011-11-23 12:39:00,United Kingdom,544,204.825,3,Achats récents occasionnels
14582,41,1,114.11,2011-10-30 11:56:00,2011-10-30 11:56:00,United Kingdom,41,114.11,3,Achats récents occasionnels
14583,6,8,1660.29,2010-03-28 15:16:00,2011-12-04 12:32:00,United Kingdom,621,207.53625,2,Actifs à montant élevé
14584,169,8,1738.16,2010-02-17 14:01:00,2011-06-23 18:33:00,United Kingdom,660,217.27,2,Actifs à montant élevé
14585,50,5,1143.27,2010-10-19 12:17:00,2011-10-20 14:33:00,United Kingdom,417,228.654,2,Actifs à montant élevé
14586,277,1,237.36,2011-03-08 10:04:00,2011-03-08 10:04:00,United Kingdom,277,237.36,1,Achats anciens à faible montant
14587,19,9,1580.29,2011-01-12 13:16:00,2011-11-21 11:34:00,United Kingdom,331,175.58777777777777,2,Actifs à montant élevé
14588,578,1,135.39,2010-05-10 15:08:00,2010-05-10 15:08:00,United Kingdom,578,135.39,1,Achats anciens à faible montant
14589,372,1,79.5,2010-12-03 11:42:00,2010-12-03 11:42:00,United Kingdom,372,79.5,1,Achats anciens à faible montant
14590,425,20,2993.37,2009-12-07 14:10:00,2010-10-11 12:06:00,United Kingdom,732,149.6685,2,Actifs à montant élevé
14591,15,4,1320.21,2011-05-10 14:09:00,2011-11-24 13:57:00,United Kingdom,213,330.0525,3,Achats récents occasionnels
14592,35,3,557.94,2011-10-06 18:08:00,2011-11-04 16:35:00,United Kingdom,64,185.98000000000002,3,Achats récents occasionnels
14593,22,12,3665.5299999999997,2009-12-09 12:57:00,2011-11-18 12:48:00,United Kingdom,730,305.4608333333333,2,Actifs à montant élevé
14594,7,2,618.33,2010-12-01 13:54:00,2011-12-02 13:28:00,United Kingdom,373,309.165,3,Achats récents occasionnels
14595,20,8,2164.45,2010-01-20 13:59:00,2011-11-20 12:12:00,United Kingdom,688,270.55625,2,Actifs à montant élevé
14596,627,1,222.22000000000003,2010-03-23 12:13:00,2010-03-23 12:13:00,United Kingdom,627,222.22000000000003,1,Achats anciens à faible montant
14597,11,6,2184.63,2010-09-28 13:17:00,2011-11-28 13:13:00,United Kingdom,437,364.105,2,Actifs à montant élevé
14598,44,2,384.04,2010-05-19 13:07:00,2011-10-26 13:19:00,United Kingdom,569,192.02,3,Achats récents occasionnels
14599,390,2,457.89,2010-07-18 15:54:00,2010-11-14 14:49:00,United Kingdom,509,228.945,1,Achats anciens à faible montant
14600,306,2,865.1700000000001,2010-11-11 15:56:00,2011-02-07 09:48:00,United Kingdom,393,432.58500000000004,4,Achats anciens
14601,11,1,213.96,2011-11-29 09:48:00,2011-11-29 09:48:00,United Kingdom,11,213.96,3,Achats récents occasionnels
14602,656,1,205.35999999999999,2010-02-21 15:47:00,2010-02-21 15:47:00,United Kingdom,656,205.35999999999999,1,Achats anciens à faible montant
14603,275,1,660.0,2011-03-10 10:27:00,2011-03-10 10:27:00,United Kingdom,275,660.0,1,Achats anciens à faible montant
14604,633,1,143.85999999999999,2010-03-16 13:00:00,2010-03-16 13:00:00,United Kingdom,633,143.85999999999999,1,Achats anciens à faible montant
14605,374,4,921.5600000000001,2009-12-08 13:59:00,2010-11-30 14:07:00,United Kingdom,731,230.39000000000001,4,Achats anciens
14606,1,192,30558.25,2009-12-03 12:40:00,2011-12-08 19:28:00,United Kingdom,737,159.15755208333334,0,Champions
14607,16,22,23763.13,2009-12-15 11:25:00,2011-11-24 10:35:00,United Kingdom,725,1080.1422727272727,0,Champions
14608,4,11,3352.94,2009-12-06 12:34:00,2011-12-05 16:52:00,United Kingdom,734,304.8127272727273,0,Champions
14609,72,10,1486.2,2010-02-09 09:48:00,2011-09-28 12:54:00,United Kingdom,669,148.62,2,Actifs à montant élevé
14610,396,2,24.35,2010-07-13 16:06:00,2010-11-09 10:58:00,United Kingdom,514,12.175,1,Achats anciens à faible montant
14611,444,2,604.3299999999999,2010-04-20 10:19:00,2010-09-22 09:19:00,United Kingdom,599,302.16499999999996,4,Achats anciens
14612,415,1,877.7,2010-10-20 16:01:00,2010-10-20 16:01:00,United Kingdom,415,877.7,4,Achats anciens
14613,680,1,76.32000000000001,2010-01-28 13:02:00,2010-01-28 13:02:00,United Kingdom,680,76.32000000000001,1,Achats anciens à faible montant
14614,386,1,295.13,2010-11-18 13:04:00,2010-11-18 13:04:00,United Kingdom,386,295.13,1,Achats anciens à faible montant
14615,394,5,951.76,2010-06-09 13:59:00,2010-11-10 13:36:00,United Kingdom,548,190.352,4,Achats anciens
14616,243,5,527.78,2010-06-09 09:42:00,2011-04-11 09:54:00,United Kingdom,549,105.556,4,Achats anciens
14617,403,2,190.47000000000003,2010-10-20 10:40:00,2010-11-02 11:41:00,United Kingdom,416,95.23500000000001,1,Achats anciens à faible montant
14618,9,7,1342.32,2010-06-11 10:11:00,2011-11-30 13:45:00,United Kingdom,547,191.76,2,Actifs à montant élevé
14619,246,2,1291.24,2010-06-16 14:41:00,2011-04-08 07:37:00,United Kingdom,541,645.62,4,Achats anciens
14620,206,2,412.78000000000003,2011-03-01 08:30:00,2011-05-18 11:58:00,United Kingdom,284,206.39000000000001,1,Achats anciens à faible montant
14621,1,9,3000.57,2010-01-25 09:08:00,2011-12-08 16:22:00,United Kingdom,684,333.3966666666667,0,Champions
14622,185,1,320.58000000000004,2011-06-08 12:42:00,2011-06-08 12:42:00,United Kingdom,185,320.58000000000004,1,Achats anciens à faible montant
14623,32,10,2016.98,2010-04-16 17:12:00,2011-11-07 13:56:00,United Kingdom,602,201.698,2,Actifs à montant élevé
14624,57,6,814.07,2010-04-14 10:44:00,2011-10-13 13:44:00,United Kingdom,605,135.67833333333334,2,Actifs à montant élevé
14625,196,11,4497.88,2009-12-16 13:23:00,2011-05-27 15:32:00,United Kingdom,723,408.89818181818185,2,Actifs à montant élevé
14626,24,11,5410.92,2009-12-10 14:57:00,2011-11-16 10:37:00,United Kingdom,729,491.9018181818182,2,Actifs à montant élevé
14627,379,1,462.75,2010-11-25 16:32:00,2010-11-25 16:32:00,United Kingdom,379,462.75,1,Achats anciens à faible montant
14628,91,5,1998.0,2010-01-25 14:40:00,2011-09-09 14:58:00,United Kingdom,683,399.6,2,Actifs à montant élevé
14629,4,2,955.26,2011-10-23 16:13:00,2011-12-05 16:55:00,United Kingdom,47,477.63,3,Achats récents occasionnels
14630,484,1,338.65,2010-08-12 16:38:00,2010-08-12 16:38:00,United Kingdom,484,338.65,1,Achats anciens à faible montant
14631,51,6,2025.69,2010-08-09 14:45:00,2011-10-20 11:17:00,United Kingdom,487,337.615,2,Actifs à montant élevé
14632,263,1,114.56,2011-03-22 08:49:00,2011-03-22 08:49:00,United Kingdom,263,114.56,1,Achats anciens à faible montant
14633,266,1,344.90000000000003,2011-03-18 17:07:00,2011-03-18 17:07:00,United Kingdom,266,344.90000000000003,1,Achats anciens à faible montant
14634,438,4,2124.46,2010-06-16 09:48:00,2010-09-28 10:40:00,United Kingdom,542,531.115,4,Achats anciens
14635,454,1,215.22,2010-09-12 10:47:00,2010-09-12 10:47:00,United Kingdom,454,215.22,1,Achats anciens à faible montant
14636,36,2,609.85,2011-03-16 09:52:00,2011-11-03 16:12:00,United Kingdom,269,304.925,3,Achats récents occasionnels
14637,677,1,106.67999999999999,2010-01-31 15:52:00,2010-01-31 15:52:00,United Kingdom,677,106.67999999999999,1,Achats anciens à faible montant
14638,51,1,443.6,2011-10-20 10:10:00,2011-10-20 10:10:00,United Kingdom,51,443.6,3,Achats récents occasionnels
14639,52,9,4978.96,2010-02-16 12:35:00,2011-10-18 15:06:00,United Kingdom,662,553.2177777777778,2,Actifs à montant élevé
14640,24,10,3649.36,2010-01-22 15:44:00,2011-11-15 13:07:00,United Kingdom,686,364.93600000000004,2,Actifs à montant élevé
14641,22,1,110.46,2011-11-18 10:42:00,2011-11-18 10:42:00,United Kingdom,22,110.46,3,Achats récents occasionnels
14642,59,1,96.12,2011-10-12 11:08:00,2011-10-12 11:08:00,United Kingdom,59,96.12,1,Achats anciens à faible montant
14643,170,5,1679.89,2009-12-11 11:52:00,2011-06-22 14:41:00,United Kingdom,729,335.978,4,Achats anciens
14644,68,7,2247.72,2009-12-03 16:24:00,2011-10-03 08:30:00,United Kingdom,736,321.1028571428571,2,Actifs à montant élevé
14645,157,3,876.89,2010-03-15 11:33:00,2011-07-06 09:15:00,United Kingdom,635,292.2966666666667,4,Achats anciens
14646,2,151,528602.52,2009-12-02 16:52:00,2011-12-08 12:12:00,Netherlands,737,3500.678940397351,0,Champions
14647,201,2,506.04,2010-07-04 13:27:00,2011-05-22 13:40:00,United Kingdom,523,253.02,4,Achats anciens
14648,416,15,4466.65,2009-12-10 13:59:00,2010-10-19 13:12:00,United Kingdom,729,297.77666666666664,2,Actifs à montant élevé
14649,5,9,3651.19,2010-01-20 13:10:00,2011-12-05 12:30:00,United Kingdom,688,405.6877777777778,2,Actifs à montant élevé
14650,589,1,62.5,2010-04-29 20:27:00,2010-04-29 20:27:00,United Kingdom,589,62.5,1,Achats anciens à faible montant
14651,67,9,2025.52,2010-03-18 11:39:00,2011-10-03 15:52:00,United Kingdom,632,225.05777777777777,2,Actifs à montant élevé
14652,77,1,114.18,2011-09-23 14:21:00,2011-09-23 14:21:00,United Kingdom,77,114.18,1,Achats anciens à faible montant
14653,1,12,3593.06,2009-12-02 11:51:00,2011-12-08 13:45:00,United Kingdom,738,299.4216666666667,0,Champions
14654,738,1,246.86,2009-12-01 12:57:00,2009-12-01 12:57:00,United Kingdom,738,246.86,1,Achats anciens à faible montant
14655,8,7,3878.51,2010-04-22 14:29:00,2011-12-01 16:28:00,United Kingdom,596,554.0728571428572,2,Actifs à montant élevé
14656,169,5,790.0,2010-04-15 12:10:00,2011-06-23 13:51:00,United Kingdom,604,158.0,4,Achats anciens
14657,18,6,1450.19,2010-09-30 19:57:00,2011-11-22 12:47:00,United Kingdom,435,241.69833333333335,2,Actifs à montant élevé
14658,5,2,247.15,2011-08-14 15:42:00,2011-12-04 15:35:00,United Kingdom,117,123.575,3,Achats récents occasionnels
14659,9,9,2529.93,2011-01-28 12:43:00,2011-12-01 12:17:00,United Kingdom,316,281.1033333333333,2,Actifs à montant élevé
14660,87,2,285.74,2011-08-31 10:40:00,2011-09-14 11:34:00,United Kingdom,101,142.87,3,Achats récents occasionnels
14661,27,1,107.95,2011-11-13 11:51:00,2011-11-13 11:51:00,United Kingdom,27,107.95,3,Achats récents occasionnels
14662,29,7,1376.43,2009-12-03 16:47:00,2011-11-11 12:13:00,United Kingdom,736,196.63285714285715,2,Actifs à montant élevé
14663,430,2,490.6,2010-10-05 13:12:00,2010-10-05 13:21:00,United Kingdom,430,245.3,1,Achats anciens à faible montant
14664,20,2,636.24,2011-11-06 14:56:00,2011-11-20 10:59:00,United Kingdom,33,318.12,3,Achats récents occasionnels
14665,61,7,2749.65,2010-04-26 11:17:00,2011-10-10 09:14:00,United Kingdom,593,392.8071428571429,2,Actifs à montant élevé
14666,24,1,195.25,2011-11-15 12:57:00,2011-11-15 12:57:00,United Kingdom,24,195.25,3,Achats récents occasionnels
14667,11,54,21593.05,2009-12-02 12:38:00,2011-11-29 11:30:00,United Kingdom,738,399.8712962962963,0,Champions
14668,445,1,111.63,2010-09-20 15:03:00,2010-09-20 15:03:00,United Kingdom,445,111.63,1,Achats anciens à faible montant
14669,242,7,3216.78,2009-12-02 13:06:00,2011-04-12 11:43:00,United Kingdom,737,459.54,4,Achats anciens
14670,280,3,583.33,2009-12-07 13:59:00,2011-03-04 14:13:00,United Kingdom,732,194.44333333333336,4,Achats anciens
14671,549,2,1127.45,2010-05-20 18:21:00,2010-06-08 13:39:00,United Kingdom,568,563.725,4,Achats anciens
14672,235,4,1113.14,2010-01-28 11:33:00,2011-04-19 10:19:00,United Kingdom,681,278.285,4,Achats anciens
14673,3,7,3410.81,2010-10-26 10:14:00,2011-12-06 14:31:00,United Kingdom,410,487.25857142857143,2,Actifs à montant élevé
14674,509,1,173.66,2010-07-18 14:25:00,2010-07-18 14:25:00,United Kingdom,509,173.66,1,Achats anciens à faible montant
14675,16,2,1015.58,2010-11-16 12:22:00,2011-11-23 12:58:00,United Kingdom,389,507.79,3,Achats récents occasionnels
14676,31,12,8356.79,2010-03-10 09:30:00,2011-11-08 13:29:00,United Kingdom,640,696.3991666666667,2,Actifs à montant élevé
14677,593,1,184.91,2010-04-26 09:48:00,2010-04-26 09:48:00,United Kingdom,593,184.91,1,Achats anciens à faible montant
14678,579,1,403.39,2010-05-09 14:32:00,2010-05-09 14:32:00,United Kingdom,579,403.39,1,Achats anciens à faible montant
14679,382,3,1289.44,2009-12-08 17:13:00,2010-11-23 11:51:00,United Kingdom,731,429.81333333333333,4,Achats anciens
14680,25,58,57369.38,2009-12-04 12:36:00,2011-11-14 16:59:00,United Kingdom,736,989.1272413793102,0,Champions
14681,71,6,875.1500000000001,2010-02-24 08:54:00,2011-09-29 15:52:00,United Kingdom,654,145.85833333333335,2,Actifs à montant élevé
14682,188,6,1514.81,2010-02-05 14:47:00,2011-06-05 12:12:00,United Kingdom,672,252.46833333333333,4,Achats anciens
14683,588,1,146.56,2010-04-30 17:18:00,2010-04-30 17:18:00,United Kingdom,588,146.56,1,Achats anciens à faible montant
14684,26,6,1430.03,2010-11-14 14:07:00,2011-11-14 11:33:00,United Kingdom,390,238.33833333333334,2,Actifs à montant élevé
14685,576,8,4536.64,2009-12-13 11:32:00,2010-05-12 13:08:00,United Kingdom,727,567.08,4,Achats anciens
14686,414,5,852.53,2010-02-18 18:29:00,2010-10-21 18:31:00,United Kingdom,659,170.506,4,Achats anciens
14687,107,3,1402.06,2010-06-06 10:36:00,2011-08-25 11:59:00,United Kingdom,552,467.3533333333333,4,Achats anciens
14688,8,28,7635.4,2010-09-09 12:35:00,2011-12-02 12:26:00,United Kingdom,457,272.6928571428571,0,Champions
14689,209,1,112.8,2011-05-15 11:22:00,2011-05-15 11:22:00,United Kingdom,209,112.8,1,Achats anciens à faible montant
14690,44,4,777.68,2010-10-25 12:20:00,2011-10-26 15:39:00,United Kingdom,411,194.42,3,Achats récents occasionnels
14691,31,5,2114.33,2011-05-11 09:55:00,2011-11-09 12:30:00,United Kingdom,213,422.866,2,Actifs à montant élevé
14692,137,12,1715.1399999999999,2010-04-01 14:04:00,2011-07-25 15:08:00,United Kingdom,617,142.9283333333333,2,Actifs à montant élevé
14693,265,7,1165.36,2010-07-02 08:28:00,2011-03-20 12:50:00,United Kingdom,526,166.48,4,Achats anciens
14694,617,1,244.31,2010-04-01 19:46:00,2010-04-01 19:46:00,United Kingdom,617,244.31,1,Achats anciens à faible montant
14695,519,3,1534.22,2009-12-07 11:05:00,2010-07-08 14:18:00,United Kingdom,733,511.4066666666667,4,Achats anciens
14696,4,8,2767.9,2010-10-14 11:43:00,2011-12-05 13:43:00,United Kingdom,422,345.9875,2,Actifs à montant élevé
14697,218,2,188.60999999999999,2011-05-05 15:29:00,2011-05-05 15:39:00,United Kingdom,218,94.30499999999999,1,Achats anciens à faible montant
14698,2,5,1217.27,2011-10-19 12:54:00,2011-12-08 12:26:00,United Kingdom,51,243.454,3,Achats récents occasionnels
14699,214,4,702.6,2010-07-02 12:04:00,2011-05-09 14:54:00,United Kingdom,526,175.65,4,Achats anciens
14700,32,5,3076.06,2010-08-11 12:19:00,2011-11-07 14:40:00,United Kingdom,486,615.212,2,Actifs à montant élevé
14701,11,15,4487.11,2010-01-24 12:15:00,2011-11-29 12:38:00,United Kingdom,685,299.1406666666666,0,Champions
14702,1,29,6679.2300000000005,2009-12-10 20:22:00,2011-12-08 19:29:00,United Kingdom,729,230.318275862069,0,Champions
14703,15,1,318.17,2011-11-25 09:23:00,2011-11-25 09:23:00,United Kingdom,15,318.17,3,Achats récents occasionnels
14704,11,11,1752.92,2010-03-25 17:21:00,2011-11-28 12:51:00,United Kingdom,624,159.35636363636365,2,Actifs à montant élevé
14705,199,1,179.0,2011-05-25 12:39:00,2011-05-25 12:39:00,United Kingdom,199,179.0,1,Achats anciens à faible montant
14706,619,1,367.54,2010-03-31 11:09:00,2010-03-31 11:09:00,United Kingdom,619,367.54,1,Achats anciens à faible montant
14707,436,2,139.2,2010-05-12 11:07:00,2010-09-30 11:37:00,United Kingdom,577,69.6,1,Achats anciens à faible montant
14708,3,5,2212.2799999999997,2010-09-10 10:26:00,2011-12-07 08:21:00,United Kingdom,456,442.45599999999996,2,Actifs à montant élevé
14709,15,25,8886.33,2009-12-05 15:26:00,2011-11-24 15:41:00,United Kingdom,734,355.4532,0,Champions
14710,14,13,1899.79,2009-12-03 17:12:00,2011-11-25 14:53:00,United Kingdom,736,146.1376923076923,2,Actifs à montant élevé
14711,10,11,2839.62,2011-03-22 13:32:00,2011-11-29 14:58:00,United Kingdom,262,258.1472727272727,2,Actifs à montant élevé
14712,29,4,1328.0700000000002,2010-10-17 14:49:00,2011-11-10 12:59:00,United Kingdom,418,332.01750000000004,3,Achats récents occasionnels
14713,9,21,5414.71,2009-12-03 19:22:00,2011-11-30 16:26:00,United Kingdom,736,257.84333333333336,0,Champions
14714,24,4,906.24,2010-01-21 11:51:00,2011-11-15 13:07:00,United Kingdom,688,226.56,3,Achats récents occasionnels
14715,25,8,1825.45,2010-01-19 12:18:00,2011-11-15 12:10:00,United Kingdom,690,228.18125,2,Actifs à montant élevé
14716,43,3,543.28,2010-09-21 12:07:00,2011-10-27 17:29:00,United Kingdom,445,181.09333333333333,3,Achats récents occasionnels
14717,733,1,81.3,2009-12-06 13:05:00,2009-12-06 13:05:00,United Kingdom,733,81.3,1,Achats anciens à faible montant
14718,410,1,226.42,2010-10-25 13:07:00,2010-10-25 13:07:00,United Kingdom,410,226.42,1,Achats anciens à faible montant
14719,2,5,1581.84,2011-04-04 14:17:00,2011-12-08 12:43:00,United Kingdom,249,316.368,3,Achats récents occasionnels
14720,6,3,663.81,2011-08-05 12:06:00,2011-12-04 12:02:00,United Kingdom,127,221.26999999999998,3,Achats récents occasionnels
14721,379,1,109.07,2010-11-25 13:08:00,2010-11-25 13:08:00,United Kingdom,379,109.07,1,Achats anciens à faible montant
14722,147,3,489.52,2010-08-10 13:28:00,2011-07-15 14:58:00,United Kingdom,486,163.17333333333332,4,Achats anciens
14723,10,11,2050.25,2009-12-04 11:22:00,2011-11-29 15:23:00,United Kingdom,736,186.38636363636363,2,Actifs à montant élevé
14724,590,1,341.9,2010-04-28 13:26:00,2010-04-28 13:26:00,United Kingdom,590,341.9,1,Achats anciens à faible montant
14725,25,4,1252.74,2010-06-23 11:34:00,2011-11-15 12:42:00,United Kingdom,535,313.185,3,Achats récents occasionnels
14726,655,1,116.5,2010-02-23 12:35:00,2010-02-23 12:35:00,United Kingdom,655,116.5,1,Achats anciens à faible montant
14727,274,3,463.72999999999996,2010-06-11 13:23:00,2011-03-10 14:45:00,United Kingdom,546,154.57666666666665,4,Achats anciens
14728,413,1,190.58,2010-10-22 15:57:00,2010-10-22 15:57:00,United Kingdom,413,190.58,1,Achats anciens à faible montant
14729,374,3,899.73,2010-03-24 13:30:00,2010-12-01 12:43:00,United Kingdom,625,299.91,4,Achats anciens
14730,1,8,1897.57,2011-03-08 12:49:00,2011-12-08 14:39:00,United Kingdom,277,237.19625,0,Champions
14731,47,3,380.02,2011-05-11 13:06:00,2011-10-23 15:54:00,United Kingdom,212,126.67333333333333,3,Achats récents occasionnels
14732,8,19,5517.07,2009-12-09 10:48:00,2011-12-01 14:34:00,United Kingdom,731,290.3721052631579,0,Champions
14733,16,15,16165.17,2010-11-02 15:42:00,2011-11-23 15:39:00,United Kingdom,402,1077.678,0,Champions
14734,426,4,1056.42,2010-06-06 15:15:00,2010-10-10 12:04:00,United Kingdom,551,264.105,4,Achats anciens
14735,4,56,12240.16,2009-12-04 11:32:00,2011-12-06 12:09:00,United Kingdom,736,218.5742857142857,0,Champions
14736,485,2,374.05,2010-08-11 15:13:00,2010-08-11 15:21:00,United Kingdom,485,187.025,1,Achats anciens à faible montant
14737,4,4,3554.17,2010-11-04 11:29:00,2011-12-06 10:16:00,United Kingdom,401,888.5425,2,Actifs à montant élevé
14738,43,9,1821.9,2009-12-07 10:21:00,2011-10-28 08:56:00,United Kingdom,733,202.43333333333334,2,Actifs à montant élevé
14739,4,25,12287.5,2009-12-02 13:23:00,2011-12-05 16:54:00,United Kingdom,737,491.5,0,Champions
14740,197,11,4161.06,2010-02-25 11:40:00,2011-05-26 18:17:00,United Kingdom,653,378.27818181818185,2,Actifs à montant élevé
14741,12,7,1897.59,2010-10-18 09:33:00,2011-11-28 08:48:00,United Kingdom,418,271.0842857142857,2,Actifs à montant élevé
14742,435,1,579.85,2010-09-30 14:07:00,2010-09-30 14:07:00,United Kingdom,435,579.85,1,Achats anciens à faible montant
14743,593,1,50.48,2010-04-26 10:26:00,2010-04-26 10:26:00,United Kingdom,593,50.48,1,Achats anciens à faible montant
14744,16,14,3885.08,2010-05-18 14:06:00,2011-11-23 12:51:00,United Kingdom,570,277.5057142857143,2,Actifs à montant élevé
14745,113,12,2551.41,2010-03-12 10:33:00,2011-08-19 10:05:00,United Kingdom,638,212.61749999999998,2,Actifs à montant élevé
14746,406,4,593.5,2010-10-12 11:06:00,2010-10-29 14:44:00,United Kingdom,424,148.375,4,Achats anciens
14747,249,1,328.2,2011-04-04 14:09:00,2011-04-04 14:09:00,United Kingdom,249,328.2,1,Achats anciens à faible montant
14748,29,10,3152.32,2010-03-04 17:08:00,2011-11-10 18:33:00,United Kingdom,645,315.232,2,Actifs à montant élevé
14749,480,1,310.15,2010-08-17 12:36:00,2010-08-17 12:36:00,United Kingdom,480,310.15,1,Achats anciens à faible montant
14750,736,1,112.03,2009-12-03 17:57:00,2009-12-03 17:57:00,United Kingdom,736,112.03,1,Achats anciens à faible montant
14751,684,2,126.45,2009-12-13 14:08:00,2010-01-24 13:37:00,United Kingdom,726,63.225,1,Achats anciens à faible montant
14752,44,1,389.64,2011-10-27 11:55:00,2011-10-27 11:55:00,United Kingdom,44,389.64,3,Achats récents occasionnels
14753,87,2,869.51,2010-09-05 11:04:00,2011-09-13 14:50:00,United Kingdom,461,434.755,4,Achats anciens
14754,45,6,1547.93,2010-01-18 11:04:00,2011-10-26 12:01:00,United Kingdom,691,257.98833333333334,2,Actifs à montant élevé
14755,10,25,9972.550000000001,2009-12-03 16:51:00,2011-11-30 11:24:00,United Kingdom,736,398.90200000000004,0,Champions
14756,15,3,2653.76,2010-10-11 11:50:00,2011-11-24 18:13:00,United Kingdom,425,884.5866666666667,2,Actifs à montant élevé
14757,75,1,420.5,2011-09-25 14:36:00,2011-09-25 14:36:00,United Kingdom,75,420.5,3,Achats récents occasionnels
14758,145,7,2864.97,2010-04-08 08:27:00,2011-07-18 08:21:00,United Kingdom,611,409.28142857142853,2,Actifs à montant élevé
14759,5,3,1625.97,2011-04-21 10:55:00,2011-12-05 12:03:00,United Kingdom,233,541.99,3,Achats récents occasionnels
14760,297,1,89.2,2011-02-15 16:27:00,2011-02-15 16:27:00,United Kingdom,297,89.2,1,Achats anciens à faible montant
14761,59,3,447.92,2010-09-21 14:22:00,2011-10-12 12:10:00,United Kingdom,444,149.30666666666667,3,Achats récents occasionnels
14762,264,2,417.57,2010-03-23 15:36:00,2011-03-21 08:20:00,United Kingdom,626,208.785,1,Achats anciens à faible montant
14764,47,1,278.3,2011-10-24 11:54:00,2011-10-24 11:54:00,United Kingdom,47,278.3,3,Achats récents occasionnels
14765,29,3,254.11,2011-06-16 19:49:00,2011-11-10 19:53:00,United Kingdom,176,84.70333333333333,3,Achats récents occasionnels
14766,8,11,6556.13,2010-06-06 11:11:00,2011-12-01 16:05:00,United Kingdom,552,596.0118181818182,0,Champions
14767,474,1,382.81,2010-08-22 14:54:00,2010-08-22 14:54:00,United Kingdom,474,382.81,1,Achats anciens à faible montant
14768,17,2,192.60000000000002,2011-08-04 13:25:00,2011-11-22 12:54:00,United Kingdom,127,96.30000000000001,3,Achats récents occasionnels
14769,3,17,15514.11,2009-12-16 09:17:00,2011-12-07 10:24:00,United Kingdom,724,912.594705882353,0,Champions
14770,232,8,3637.64,2010-02-25 18:58:00,2011-04-21 14:21:00,United Kingdom,652,454.705,2,Actifs à montant élevé
14771,621,2,594.62,2009-12-03 09:44:00,2010-03-28 12:52:00,United Kingdom,737,297.31,4,Achats anciens
14772,112,1,139.26,2011-08-19 15:04:00,2011-08-19 15:04:00,United Kingdom,112,139.26,1,Achats anciens à faible montant
14773,593,1,140.55,2010-04-26 10:29:00,2010-04-26 10:29:00,United Kingdom,593,140.55,1,Achats anciens à faible montant
14774,529,1,241.45,2010-06-29 12:26:00,2010-06-29 12:26:00,United Kingdom,529,241.45,1,Achats anciens à faible montant
14775,58,3,1418.46,2010-12-02 16:38:00,2011-10-12 15:27:00,United Kingdom,372,472.82,3,Achats récents occasionnels
14776,51,15,3708.3,2010-09-19 14:12:00,2011-10-19 15:34:00,United Kingdom,446,247.22,2,Actifs à montant élevé
14777,404,1,307.56,2010-11-01 12:50:00,2010-11-01 12:50:00,United Kingdom,404,307.56,1,Achats anciens à faible montant
14778,127,2,730.86,2011-02-04 11:43:00,2011-08-04 15:23:00,United Kingdom,309,365.43,4,Achats anciens
14779,281,3,386.15,2011-01-20 12:04:00,2011-03-04 12:42:00,United Kingdom,324,128.71666666666667,4,Achats anciens
14780,55,2,447.68,2011-09-21 15:15:00,2011-10-16 12:46:00,United Kingdom,79,223.84,3,Achats récents occasionnels
14782,320,1,200.10000000000002,2011-01-24 11:12:00,2011-01-24 11:12:00,United Kingdom,320,200.10000000000002,1,Achats anciens à faible montant
14783,659,1,307.3,2010-02-18 16:16:00,2010-02-18 16:16:00,United Kingdom,659,307.3,1,Achats anciens à faible montant
14784,26,3,449.93,2010-11-15 09:49:00,2011-11-13 13:30:00,United Kingdom,390,149.97666666666666,3,Achats récents occasionnels
14785,10,2,77.4,2011-11-24 13:40:00,2011-11-29 13:21:00,United Kingdom,15,38.7,3,Achats récents occasionnels
14786,550,1,90.96,2010-06-07 13:42:00,2010-06-07 13:42:00,United Kingdom,550,90.96,1,Achats anciens à faible montant
14787,471,1,110.65,2010-08-25 14:38:00,2010-08-25 14:38:00,United Kingdom,471,110.65,1,Achats anciens à faible montant
14788,7,3,1156.32,2010-04-22 18:16:00,2011-12-02 17:06:00,United Kingdom,596,385.44,3,Achats récents occasionnels
14789,29,1,197.64,2011-11-11 08:59:00,2011-11-11 08:59:00,United Kingdom,29,197.64,3,Achats récents occasionnels
14790,17,10,2526.62,2009-12-11 14:37:00,2011-11-23 09:28:00,United Kingdom,728,252.66199999999998,2,Actifs à montant élevé
14791,607,1,303.63,2010-04-12 10:24:00,2010-04-12 10:24:00,United Kingdom,607,303.63,1,Achats anciens à faible montant
14792,64,1,6.2,2011-10-07 09:19:00,2011-10-07 09:19:00,United Kingdom,64,6.2,1,Achats anciens à faible montant
14793,21,2,625.9,2010-06-22 16:54:00,2011-11-18 14:50:00,United Kingdom,535,312.95,3,Achats récents occasionnels
14794,3,10,1953.9,2010-08-09 15:44:00,2011-12-07 10:11:00,United Kingdom,487,195.39000000000001,2,Actifs à montant élevé
14795,166,1,131.45000000000002,2011-06-26 13:04:00,2011-06-26 13:04:00,United Kingdom,166,131.45000000000002,1,Achats anciens à faible montant
14796,1,27,10840.54,2009-12-14 15:06:00,2011-12-08 15:31:00,United Kingdom,725,401.5014814814815,0,Champions
14797,507,1,300.31,2010-07-20 14:07:00,2010-07-20 14:07:00,United Kingdom,507,300.31,1,Achats anciens à faible montant
14798,53,8,724.31,2010-03-01 08:38:00,2011-10-18 10:58:00,United Kingdom,649,90.53875,2,Actifs à montant élevé
14799,51,2,338.15,2009-12-02 11:18:00,2011-10-19 16:16:00,United Kingdom,738,169.075,3,Achats récents occasionnels
14800,48,17,7747.17,2010-09-30 14:38:00,2011-10-23 12:46:00,United Kingdom,435,455.7158823529412,0,Champions
14801,61,1,189.34,2011-10-09 15:24:00,2011-10-09 15:24:00,United Kingdom,61,189.34,1,Achats anciens à faible montant
14802,438,2,1502.98,2010-09-27 16:32:00,2010-09-27 16:34:00,United Kingdom,438,751.49,4,Achats anciens
14803,162,3,845.55,2011-02-20 13:21:00,2011-06-30 13:58:00,United Kingdom,292,281.84999999999997,4,Achats anciens
14804,9,1,353.27,2011-12-01 11:20:00,2011-12-01 11:20:00,United Kingdom,9,353.27,3,Achats récents occasionnels
14805,15,7,1082.55,2010-03-28 12:34:00,2011-11-24 16:20:00,United Kingdom,622,154.65,2,Actifs à montant élevé
14806,75,2,303.43,2010-09-26 15:50:00,2011-09-25 15:32:00,United Kingdom,439,151.715,3,Achats récents occasionnels
14807,391,2,504.14,2010-02-28 11:33:00,2010-11-14 12:47:00,United Kingdom,650,252.07,4,Achats anciens
14808,40,8,2718.6,2011-06-20 12:53:00,2011-10-31 12:21:00,United Kingdom,172,339.825,2,Actifs à montant élevé
14809,621,2,686.76,2010-03-28 15:42:00,2010-03-28 15:44:00,United Kingdom,621,343.38,4,Achats anciens
14810,41,13,2531.92,2010-10-06 13:12:00,2011-10-30 11:19:00,United Kingdom,429,194.76307692307694,2,Actifs à montant élevé
14811,387,1,170.5,2010-11-17 13:09:00,2010-11-17 13:09:00,United Kingdom,387,170.5,1,Achats anciens à faible montant
14812,599,1,178.85,2010-04-20 12:13:00,2010-04-20 12:13:00,United Kingdom,599,178.85,1,Achats anciens à faible montant
14813,370,4,1041.79,2010-04-08 11:49:00,2010-12-05 11:57:00,United Kingdom,611,260.4475,4,Achats anciens
14814,581,1,154.21,2010-05-07 14:10:00,2010-05-07 14:10:00,United Kingdom,581,154.21,1,Achats anciens à faible montant
14815,37,2,778.5,2011-10-03 11:36:00,2011-11-03 11:36:00,United Kingdom,68,389.25,3,Achats récents occasionnels
14816,197,1,271.85,2011-05-26 13:16:00,2011-05-26 13:16:00,United Kingdom,197,271.85,1,Achats anciens à faible montant
14817,200,7,3959.86,2010-03-22 12:10:00,2011-05-23 13:35:00,United Kingdom,628,565.6942857142857,2,Actifs à montant élevé
14818,74,6,1153.56,2010-03-02 12:48:00,2011-09-27 11:01:00,United Kingdom,648,192.26,2,Actifs à montant élevé
14819,64,4,456.41,2009-12-21 15:54:00,2011-10-06 13:41:00,United Kingdom,718,114.1025,3,Achats récents occasionnels
14820,21,9,1274.76,2010-01-31 12:49:00,2011-11-18 15:41:00,United Kingdom,678,141.64,2,Actifs à montant élevé
14821,367,7,1278.95,2010-02-01 13:33:00,2010-12-08 08:43:00,United Kingdom,676,182.70714285714286,4,Achats anciens
14822,485,1,157.70000000000002,2010-08-11 12:52:00,2010-08-11 12:52:00,United Kingdom,485,157.70000000000002,1,Achats anciens à faible montant
14823,180,3,321.43,2011-05-29 12:48:00,2011-06-12 13:12:00,United Kingdom,195,107.14333333333333,4,Achats anciens
14824,10,10,4022.9100000000003,2010-03-12 13:07:00,2011-11-29 14:20:00,United Kingdom,637,402.29100000000005,2,Actifs à montant élevé
14825,4,24,4919.18,2010-04-06 14:14:00,2011-12-06 11:38:00,United Kingdom,612,204.96583333333334,0,Champions
14826,582,2,385.2,2010-01-13 13:08:00,2010-05-07 09:00:00,United Kingdom,695,192.6,1,Achats anciens à faible montant
14828,197,13,9839.460000000001,2009-12-07 11:19:00,2011-05-27 10:16:00,United Kingdom,733,756.8815384615385,2,Actifs à montant élevé
14829,29,7,1692.84,2010-09-29 13:14:00,2011-11-10 16:16:00,United Kingdom,436,241.8342857142857,2,Actifs à montant élevé
14830,53,1,188.88,2011-10-17 14:29:00,2011-10-17 14:29:00,United Kingdom,53,188.88,3,Achats récents occasionnels
14831,680,3,1676.57,2009-12-02 09:21:00,2010-01-28 14:31:00,United Kingdom,738,558.8566666666667,4,Achats anciens
14832,630,1,322.69,2010-03-19 15:14:00,2010-03-19 15:14:00,United Kingdom,630,322.69,1,Achats anciens à faible montant
14833,499,1,94.8,2010-07-29 10:06:00,2010-07-29 10:06:00,United Kingdom,499,94.8,1,Achats anciens à faible montant
14834,18,7,2206.16,2010-10-28 17:37:00,2011-11-22 10:30:00,United Kingdom,407,315.1657142857143,2,Actifs à montant élevé
14835,529,2,297.0,2010-04-01 19:34:00,2010-06-29 10:08:00,United Kingdom,617,148.5,1,Achats anciens à faible montant
14836,10,3,102.44999999999999,2011-11-09 13:26:00,2011-11-29 16:45:00,United Kingdom,30,34.15,3,Achats récents occasionnels
14837,90,9,3460.32,2010-01-24 10:20:00,2011-09-11 10:58:00,United Kingdom,685,384.48,2,Actifs à montant élevé
14838,423,2,769.9200000000001,2009-12-03 09:52:00,2010-10-12 15:46:00,United Kingdom,737,384.96000000000004,4,Achats anciens
14839,418,3,915.28,2010-01-04 16:29:00,2010-10-17 13:01:00,United Kingdom,704,305.0933333333333,4,Achats anciens
14840,268,2,362.71,2010-06-18 15:42:00,2011-03-17 12:00:00,United Kingdom,539,181.355,1,Achats anciens à faible montant
14841,53,14,7163.0,2009-12-02 16:49:00,2011-10-17 15:03:00,United Kingdom,737,511.64285714285717,2,Actifs à montant élevé
14842,44,4,2824.69,2011-02-04 15:32:00,2011-10-27 12:37:00,United Kingdom,308,706.1725,2,Actifs à montant élevé
14843,437,1,211.79999999999998,2010-09-29 12:39:00,2010-09-29 12:39:00,United Kingdom,437,211.79999999999998,1,Achats anciens à faible montant
14844,64,10,6702.43,2010-04-12 12:50:00,2011-10-07 10:41:00,United Kingdom,607,670.243,2,Actifs à montant élevé
14845,600,1,150.0,2010-04-19 10:19:00,2010-04-19 10:19:00,United Kingdom,600,150.0,1,Achats anciens à faible montant
14846,427,1,437.4,2010-10-08 17:07:00,2010-10-08 17:07:00,United Kingdom,427,437.4,1,Achats anciens à faible montant
14847,149,3,1348.95,2010-05-24 12:29:00,2011-07-14 10:52:00,United Kingdom,565,449.65000000000003,4,Achats anciens
14848,405,1,310.56,2010-10-31 12:22:00,2010-10-31 12:22:00,United Kingdom,405,310.56,1,Achats anciens à faible montant
14849,22,43,15763.45,2010-01-10 11:40:00,2011-11-18 10:58:00,United Kingdom,699,366.59186046511627,0,Champions
14850,312,7,1770.96,2010-05-20 13:28:00,2011-02-01 11:21:00,United Kingdom,568,252.99428571428572,4,Achats anciens
14851,23,3,829.4100000000001,2010-03-19 11:52:00,2011-11-16 14:20:00,United Kingdom,631,276.47,3,Achats récents occasionnels
14852,58,18,6132.43,2010-03-05 14:51:00,2011-10-12 13:20:00,United Kingdom,644,340.6905555555556,2,Actifs à montant élevé
14853,24,5,1376.87,2010-04-13 09:26:00,2011-11-15 16:56:00,United Kingdom,606,275.37399999999997,2,Actifs à montant élevé
14854,78,11,4303.06,2010-01-22 09:48:00,2011-09-22 17:00:00,United Kingdom,687,391.1872727272728,2,Actifs à montant élevé
14855,119,7,6520.3,2010-04-08 10:30:00,2011-08-12 14:02:00,United Kingdom,611,931.4714285714286,2,Actifs à montant élevé
14856,36,3,1290.53,2011-10-14 09:35:00,2011-11-03 14:53:00,United Kingdom,57,430.1766666666667,3,Achats récents occasionnels
14857,60,7,3651.851,2010-03-15 11:00:00,2011-10-11 09:23:00,United Kingdom,635,521.693,2,Actifs à montant élevé
14858,506,1,180.75,2010-07-22 10:51:00,2010-07-22 10:51:00,United Kingdom,506,180.75,1,Achats anciens à faible montant
14859,13,5,1705.64,2010-06-03 10:26:00,2011-11-27 11:18:00,United Kingdom,555,341.12800000000004,2,Actifs à montant élevé
14860,19,1,170.32,2011-11-20 14:17:00,2011-11-20 14:17:00,United Kingdom,19,170.32,3,Achats récents occasionnels
14861,52,10,1380.73,2009-12-08 12:12:00,2011-10-18 12:54:00,United Kingdom,732,138.073,2,Actifs à montant élevé
14862,26,2,841.1999999999999,2011-07-14 11:20:00,2011-11-14 10:01:00,United Kingdom,149,420.59999999999997,3,Achats récents occasionnels
14863,29,1,266.76,2011-11-10 15:04:00,2011-11-10 15:04:00,United Kingdom,29,266.76,3,Achats récents occasionnels
14865,7,4,129.72,2009-12-01 16:05:00,2011-12-02 16:25:00,United Kingdom,738,32.43,3,Achats récents occasionnels
14866,11,19,20850.22,2010-08-26 11:54:00,2011-11-29 11:45:00,United Kingdom,471,1097.38,0,Champions
14867,186,16,2952.06,2009-12-05 15:47:00,2011-06-07 11:39:00,United Kingdom,734,184.50375,2,Actifs à montant élevé
14868,3,12,4184.01,2010-10-15 14:52:00,2011-12-06 14:49:00,United Kingdom,420,348.6675,0,Champions
14869,9,6,2778.14,2009-12-16 11:43:00,2011-12-01 12:36:00,United Kingdom,724,463.0233333333333,2,Actifs à montant élevé
14870,262,6,1838.95,2010-01-25 09:05:00,2011-03-23 10:51:00,United Kingdom,684,306.4916666666667,4,Achats anciens
14871,3,9,1228.17,2009-12-01 11:57:00,2011-12-06 13:42:00,United Kingdom,739,136.46333333333334,2,Actifs à montant élevé
14872,484,3,816.6,2010-03-16 14:41:00,2010-08-13 12:34:00,United Kingdom,633,272.2,4,Achats anciens
14873,210,2,854.13,2010-03-16 10:51:00,2011-05-13 13:52:00,United Kingdom,634,427.065,4,Achats anciens
14874,535,1,116.18,2010-06-22 14:58:00,2010-06-22 14:58:00,United Kingdom,535,116.18,1,Achats anciens à faible montant
14875,108,3,2862.4,2010-09-24 10:28:00,2011-08-24 12:20:00,United Kingdom,442,954.1333333333333,4,Achats anciens
14876,521,2,256.7,2010-05-27 13:49:00,2010-07-06 14:57:00,United Kingdom,561,128.35,1,Achats anciens à faible montant
14877,418,2,425.85,2010-03-07 12:25:00,2010-10-17 13:09:00,United Kingdom,643,212.925,1,Achats anciens à faible montant
14878,13,25,4076.5,2010-02-21 11:14:00,2011-11-27 11:15:00,United Kingdom,657,163.06,0,Champions
14879,685,1,185.06,2010-01-24 11:35:00,2010-01-24 11:35:00,United Kingdom,685,185.06,1,Achats anciens à faible montant
14880,77,3,690.59,2011-02-24 12:27:00,2011-09-23 13:42:00,United Kingdom,289,230.1966666666667,3,Achats récents occasionnels
14881,20,1,255.4,2011-11-20 11:06:00,2011-11-20 11:06:00,United Kingdom,20,255.4,3,Achats récents occasionnels
14882,27,14,3546.65,2010-03-30 15:02:00,2011-11-13 12:47:00,United Kingdom,619,253.33214285714286,2,Actifs à montant élevé
14883,19,6,761.59,2011-05-12 09:49:00,2011-11-21 10:23:00,United Kingdom,212,126.93166666666667,3,Achats récents occasionnels
14884,669,1,120.6,2010-02-08 12:56:00,2010-02-08 12:56:00,United Kingdom,669,120.6,1,Achats anciens à faible montant
14885,132,3,1598.12,2010-08-31 10:11:00,2011-07-31 12:05:00,United Kingdom,466,532.7066666666666,4,Achats anciens
14886,253,1,364.8,2011-04-01 08:56:00,2011-04-01 08:56:00,United Kingdom,253,364.8,1,Achats anciens à faible montant
14887,79,1,1862.0,2011-09-21 15:32:00,2011-09-21 15:32:00,United Kingdom,79,1862.0,4,Achats anciens
14888,207,1,369.2,2011-05-16 14:58:00,2011-05-16 14:58:00,United Kingdom,207,369.2,1,Achats anciens à faible montant
14889,336,1,135.9,2011-01-07 15:19:00,2011-01-07 15:19:00,United Kingdom,336,135.9,1,Achats anciens à faible montant
14890,254,3,817.25,2010-02-18 09:00:00,2011-03-31 11:57:00,United Kingdom,660,272.4166666666667,4,Achats anciens
14891,148,4,1106.73,2010-09-29 12:41:00,2011-07-14 18:08:00,United Kingdom,437,276.6825,4,Achats anciens
14892,691,1,202.35000000000002,2010-01-18 08:58:00,2010-01-18 08:58:00,United Kingdom,691,202.35000000000002,1,Achats anciens à faible montant
14893,10,3,1809.6100000000001,2010-04-01 09:03:00,2011-11-30 12:31:00,United Kingdom,618,603.2033333333334,3,Achats récents occasionnels
14894,85,3,1492.81,2009-12-02 10:42:00,2011-09-15 13:51:00,United Kingdom,738,497.6033333333333,4,Achats anciens
14895,8,38,25119.54,2009-12-10 14:22:00,2011-12-02 09:23:00,United Kingdom,729,661.0405263157895,0,Champions
14896,205,8,2083.2200000000003,2009-12-06 12:42:00,2011-05-19 10:20:00,United Kingdom,734,260.40250000000003,4,Achats anciens
14897,8,8,3140.54,2009-12-15 17:05:00,2011-12-02 10:32:00,United Kingdom,724,392.5675,2,Actifs à montant élevé
14898,23,14,3464.45,2009-12-03 16:40:00,2011-11-16 14:54:00,United Kingdom,736,247.46071428571426,2,Actifs à montant élevé
14899,395,1,1331.38,2010-11-09 15:20:00,2010-11-09 15:20:00,United Kingdom,395,1331.38,4,Achats anciens
14900,522,1,13.919999999999998,2010-07-05 15:09:00,2010-07-05 15:09:00,United Kingdom,522,13.919999999999998,1,Achats anciens à faible montant
14901,11,12,2281.4,2010-07-29 11:11:00,2011-11-28 17:09:00,United Kingdom,499,190.11666666666667,2,Actifs à montant élevé
14902,26,3,1035.6200000000001,2010-06-04 12:35:00,2011-11-14 10:34:00,United Kingdom,554,345.2066666666667,3,Achats récents occasionnels
14903,21,5,2795.33,2011-03-06 11:50:00,2011-11-18 16:07:00,United Kingdom,279,559.066,2,Actifs à montant élevé
14904,2,4,1630.49,2010-10-08 12:48:00,2011-12-07 12:55:00,United Kingdom,428,407.6225,3,Achats récents occasionnels
14905,158,8,1971.39,2009-12-03 14:36:00,2011-07-05 12:41:00,United Kingdom,736,246.42375,2,Actifs à montant élevé
14906,445,1,68.44,2010-09-20 16:30:00,2010-09-20 16:30:00,United Kingdom,445,68.44,1,Achats anciens à faible montant
14907,3,16,6165.79,2010-04-16 13:40:00,2011-12-06 14:14:00,United Kingdom,602,385.361875,0,Champions
14908,74,2,381.9,2010-09-02 16:39:00,2011-09-26 12:56:00,United Kingdom,463,190.95,3,Achats récents occasionnels
14909,437,3,1404.68,2010-02-14 15:47:00,2010-09-28 16:56:00,United Kingdom,663,468.2266666666667,4,Achats anciens
14910,3,4,434.35,2011-10-16 11:06:00,2011-12-07 10:06:00,United Kingdom,55,108.5875,3,Achats récents occasionnels
14911,1,398,295832.39,2009-12-01 11:41:00,2011-12-08 15:54:00,EIRE,739,743.2974623115579,0,Champions
14912,17,6,1889.25,2010-01-26 16:29:00,2011-11-23 09:20:00,Italy,682,314.875,2,Actifs à montant élevé
14913,36,8,4073.13,2010-08-11 08:40:00,2011-11-04 08:29:00,United Kingdom,486,509.14125,2,Actifs à montant élevé
14915,91,11,1811.25,2009-12-03 10:17:00,2011-09-09 13:34:00,United Kingdom,737,164.6590909090909,2,Actifs à montant élevé
14916,71,8,3042.95,2010-04-01 10:57:00,2011-09-30 09:20:00,United Kingdom,618,380.36875,2,Actifs à montant élevé
14917,597,2,1123.75,2010-04-22 09:44:00,2010-04-22 11:28:00,United Kingdom,597,561.875,4,Achats anciens
14918,116,9,5955.81,2010-04-08 11:18:00,2011-08-16 11:50:00,United Kingdom,611,661.7566666666667,2,Actifs à montant élevé
14919,539,1,359.35,2010-06-18 13:06:00,2010-06-18 13:06:00,United Kingdom,539,359.35,1,Achats anciens à faible montant
14920,213,3,1607.17,2010-05-23 15:25:00,2011-05-11 10:32:00,United Kingdom,565,535.7233333333334,4,Achats anciens
14921,30,2,1316.07,2011-05-22 12:51:00,2011-11-09 13:17:00,United Kingdom,201,658.035,3,Achats récents occasionnels
14922,394,2,843.74,2010-07-20 09:45:00,2010-11-11 11:14:00,United Kingdom,508,421.87,4,Achats anciens
14923,51,1,749.1,2011-10-20 11:51:00,2011-10-20 11:51:00,United Kingdom,51,749.1,3,Achats récents occasionnels
14924,246,3,931.01,2010-03-10 12:51:00,2011-04-08 09:25:00,United Kingdom,639,310.33666666666664,4,Achats anciens
14926,382,2,359.4,2010-04-20 09:59:00,2010-11-23 07:13:00,United Kingdom,599,179.7,1,Achats anciens à faible montant
14927,397,1,308.2,2010-11-08 12:30:00,2010-11-08 12:30:00,United Kingdom,397,308.2,1,Achats anciens à faible montant
14928,628,1,223.91000000000003,2010-03-22 09:14:00,2010-03-22 09:14:00,United Kingdom,628,223.91000000000003,1,Achats anciens à faible montant
14929,32,2,836.69,2010-10-14 12:22:00,2011-11-07 17:21:00,United Kingdom,422,418.345,3,Achats récents occasionnels
14930,109,6,5236.7300000000005,2010-04-12 11:22:00,2011-08-23 10:31:00,Channel Islands,607,872.7883333333334,2,Actifs à montant élevé
14931,5,5,1257.68,2011-04-13 09:32:00,2011-12-05 10:19:00,Channel Islands,241,251.536,3,Achats récents occasionnels
14932,366,2,1029.66,2010-11-19 09:16:00,2010-12-09 11:48:00,Channel Islands,386,514.83,4,Achats anciens
14933,444,4,1770.0,2010-09-21 17:29:00,2010-09-22 10:47:00,Channel Islands,444,442.5,4,Achats anciens
14934,82,5,3503.5,2010-09-24 12:08:00,2011-09-19 10:10:00,Channel Islands,442,700.7,2,Actifs à montant élevé
14935,297,2,2849.83,2010-03-30 11:48:00,2011-02-15 14:44:00,Channel Islands,620,1424.915,4,Achats anciens
14936,34,12,12410.81,2010-05-05 12:26:00,2011-11-06 10:30:00,Channel Islands,584,1034.2341666666666,0,Champions
14937,57,3,1621.88,2011-08-01 14:16:00,2011-10-14 12:29:00,Channel Islands,130,540.6266666666667,3,Achats récents occasionnels
14938,562,2,2322.43,2010-05-26 13:35:00,2010-05-26 13:38:00,Channel Islands,562,1161.215,4,Achats anciens
14940,418,2,531.49,2009-12-06 15:46:00,2010-10-18 10:47:00,United Kingdom,733,265.745,4,Achats anciens
14941,579,1,182.1,2010-05-10 11:30:00,2010-05-10 11:30:00,United Kingdom,579,182.1,1,Achats anciens à faible montant
14942,402,4,746.56,2009-12-10 10:32:00,2010-11-03 10:51:00,United Kingdom,730,186.64,4,Achats anciens
14943,663,1,107.62,2010-02-14 16:04:00,2010-02-14 16:04:00,United Kingdom,663,107.62,1,Achats anciens à faible montant
14944,30,19,9784.67,2010-02-17 08:47:00,2011-11-10 09:10:00,United Kingdom,661,514.9826315789473,0,Champions
14945,414,1,179.4,2010-10-22 11:26:00,2010-10-22 11:26:00,United Kingdom,414,179.4,1,Achats anciens à faible montant
14946,14,1,100.9,2011-11-25 13:33:00,2011-11-25 13:33:00,United Kingdom,14,100.9,3,Achats récents occasionnels
14947,72,6,1049.79,2010-03-25 11:29:00,2011-09-28 15:48:00,United Kingdom,625,174.965,2,Actifs à montant élevé
14948,23,6,1101.97,2011-05-04 14:52:00,2011-11-16 17:16:00,United Kingdom,219,183.66166666666666,2,Actifs à montant élevé
14949,469,4,515.0,2009-12-18 15:28:00,2010-08-27 15:38:00,United Kingdom,721,128.75,4,Achats anciens
14950,19,1,371.2,2011-11-20 13:48:00,2011-11-20 13:48:00,United Kingdom,19,371.2,3,Achats récents occasionnels
14951,79,1,311.69,2011-09-21 15:15:00,2011-09-21 15:15:00,United Kingdom,79,311.69,1,Achats anciens à faible montant
14952,60,32,17629.35,2009-12-03 15:34:00,2011-10-11 10:33:00,United Kingdom,736,550.9171875,0,Champions
14953,25,4,971.32,2010-09-30 12:16:00,2011-11-14 14:59:00,United Kingdom,436,242.83,3,Achats récents occasionnels
14954,12,2,462.12,2010-01-05 16:38:00,2011-11-27 14:30:00,United Kingdom,703,231.06,3,Achats récents occasionnels
14955,733,1,163.77,2009-12-07 11:35:00,2009-12-07 11:35:00,United Kingdom,733,163.77,1,Achats anciens à faible montant
14956,421,1,1325.0,2010-10-14 16:40:00,2010-10-14 16:40:00,United Kingdom,421,1325.0,4,Achats anciens
14957,253,2,261.69,2010-03-05 10:50:00,2011-03-31 17:59:00,United Kingdom,645,130.845,1,Achats anciens à faible montant
14958,147,6,941.99,2009-12-03 16:02:00,2011-07-15 14:20:00,United Kingdom,736,156.99833333333333,4,Achats anciens
14959,64,4,695.42,2011-02-16 13:00:00,2011-10-06 18:23:00,United Kingdom,296,173.855,3,Achats récents occasionnels
14960,8,2,221.27,2011-06-21 13:38:00,2011-12-01 12:54:00,United Kingdom,171,110.635,3,Achats récents occasionnels
14961,11,22,16410.15,2009-12-04 11:32:00,2011-11-29 09:42:00,United Kingdom,736,745.9159090909092,0,Champions
14962,271,4,366.91,2010-05-04 14:57:00,2011-03-14 09:42:00,United Kingdom,584,91.7275,4,Achats anciens
14963,10,12,3123.57,2010-07-02 12:43:00,2011-11-30 12:16:00,United Kingdom,526,260.2975,2,Actifs à montant élevé
14964,247,1,206.21,2011-04-06 14:13:00,2011-04-06 14:13:00,United Kingdom,247,206.21,1,Achats anciens à faible montant
14965,96,2,596.09,2011-09-04 13:15:00,2011-09-04 13:20:00,United Kingdom,96,298.045,4,Achats anciens
14966,15,6,1064.26,2009-12-15 13:48:00,2011-11-25 12:20:00,United Kingdom,724,177.37666666666667,2,Actifs à montant élevé
14967,50,6,1982.6100000000001,2009-12-03 14:07:00,2011-10-21 11:06:00,United Kingdom,736,330.435,2,Actifs à montant élevé
14968,30,2,501.24,2010-09-07 13:28:00,2011-11-09 13:58:00,United Kingdom,458,250.62,3,Achats récents occasionnels
14969,704,1,906.23,2010-01-05 12:43:00,2010-01-05 12:43:00,United Kingdom,704,906.23,4,Achats anciens
14970,68,12,4919.35,2010-02-14 13:37:00,2011-10-02 13:44:00,United Kingdom,663,409.9458333333334,2,Actifs à montant élevé
14971,35,3,1097.98,2011-10-27 13:33:00,2011-11-04 17:07:00,United Kingdom,43,365.99333333333334,3,Achats récents occasionnels
14972,128,2,145.07,2010-11-23 16:17:00,2011-08-03 14:54:00,United Kingdom,381,72.535,1,Achats anciens à faible montant
14973,107,3,1314.45,2011-04-28 12:22:00,2011-08-24 15:51:00,United Kingdom,226,438.15000000000003,4,Achats anciens
14974,37,1,89.94,2011-11-02 13:01:00,2011-11-02 13:01:00,United Kingdom,37,89.94,3,Achats récents occasionnels
14975,57,2,472.39,2010-10-14 14:11:00,2011-10-13 14:08:00,United Kingdom,421,236.195,3,Achats récents occasionnels
14976,57,7,790.86,2011-01-17 11:09:00,2011-10-13 16:37:00,United Kingdom,327,112.98,2,Actifs à montant élevé
14977,726,1,31.929999999999996,2009-12-14 10:37:00,2009-12-14 10:37:00,United Kingdom,726,31.929999999999996,1,Achats anciens à faible montant
14978,72,10,3112.19,2010-04-28 10:50:00,2011-09-28 13:07:00,United Kingdom,591,311.219,2,Actifs à montant élevé
14979,735,1,429.66,2009-12-04 12:54:00,2009-12-04 12:54:00,United Kingdom,735,429.66,1,Achats anciens à faible montant
14980,737,1,150.68,2009-12-02 14:09:00,2009-12-02 14:09:00,United Kingdom,737,150.68,1,Achats anciens à faible montant
14981,246,2,372.92,2010-10-12 11:04:00,2011-04-07 13:45:00,United Kingdom,424,186.46,1,Achats anciens à faible montant
14982,572,1,237.78,2010-05-16 15:52:00,2010-05-16 15:52:00,United Kingdom,572,237.78,1,Achats anciens à faible montant
14983,689,1,183.20000000000002,2010-01-19 17:32:00,2010-01-19 17:32:00,United Kingdom,689,183.20000000000002,1,Achats anciens à faible montant
14984,19,6,1260.51,2010-01-11 13:22:00,2011-11-20 14:28:00,United Kingdom,697,210.085,2,Actifs à montant élevé
14985,198,2,292.01,2010-12-16 19:51:00,2011-05-25 14:29:00,United Kingdom,358,146.005,1,Achats anciens à faible montant
14986,376,2,563.1,2010-01-24 15:54:00,2010-11-28 15:25:00,United Kingdom,684,281.55,4,Achats anciens
14987,16,8,1713.85,2009-12-02 14:56:00,2011-11-24 09:59:00,United Kingdom,737,214.23125,2,Actifs à montant élevé
14988,212,7,2038.65,2010-04-16 13:34:00,2011-05-12 12:05:00,United Kingdom,602,291.2357142857143,4,Achats anciens
14989,662,1,342.4,2010-02-16 10:40:00,2010-02-16 10:40:00,United Kingdom,662,342.4,1,Achats anciens à faible montant
14990,612,2,304.17,2009-12-09 13:31:00,2010-04-06 13:54:00,United Kingdom,730,152.085,1,Achats anciens à faible montant
14991,430,1,314.67,2010-10-05 13:01:00,2010-10-05 13:01:00,United Kingdom,430,314.67,1,Achats anciens à faible montant
14992,442,1,210.5,2010-09-23 17:48:00,2010-09-23 17:48:00,United Kingdom,442,210.5,1,Achats anciens à faible montant
14993,564,1,36.13,2010-05-25 12:47:00,2010-05-25 12:47:00,United Kingdom,564,36.13,1,Achats anciens à faible montant
14994,382,5,946.72,2010-03-26 14:16:00,2010-11-22 12:59:00,United Kingdom,623,189.344,4,Achats anciens
14995,39,2,231.98000000000002,2011-03-04 13:14:00,2011-11-01 11:39:00,United Kingdom,280,115.99000000000001,3,Achats récents occasionnels
14996,481,2,442.28999999999996,2010-08-15 13:41:00,2010-08-15 13:44:00,United Kingdom,481,221.14499999999998,1,Achats anciens à faible montant
14997,46,4,776.5999999999999,2010-02-22 12:11:00,2011-10-24 13:28:00,United Kingdom,656,194.14999999999998,3,Achats récents occasionnels
14998,170,4,753.18,2010-04-13 16:07:00,2011-06-22 17:30:00,United Kingdom,605,188.295,4,Achats anciens
14999,593,1,129.48000000000002,2010-04-26 10:47:00,2010-04-26 10:47:00,United Kingdom,593,129.48000000000002,1,Achats anciens à faible montant
15000,48,1,490.52,2011-10-23 11:42:00,2011-10-23 11:42:00,United Kingdom,48,490.52,3,Achats récents occasionnels
15001,394,2,199.10999999999999,2010-11-10 13:31:00,2010-11-10 13:51:00,United Kingdom,394,99.55499999999999,1,Achats anciens à faible montant
15002,116,9,4769.7300000000005,2010-01-12 11:40:00,2011-08-16 10:44:00,United Kingdom,697,529.97,2,Actifs à montant élevé
15003,473,6,1027.03,2010-01-26 13:04:00,2010-08-23 15:44:00,United Kingdom,682,171.17166666666665,4,Achats anciens
15004,147,1,1220.77,2011-07-15 14:05:00,2011-07-15 14:05:00,United Kingdom,147,1220.77,4,Achats anciens
15005,16,56,13977.08,2009-12-01 14:19:00,2011-11-24 12:25:00,United Kingdom,738,249.59071428571428,0,Champions
15006,51,2,757.78,2010-09-12 13:03:00,2011-10-19 15:08:00,United Kingdom,453,378.89,3,Achats récents occasionnels
15007,159,1,156.91,2011-07-03 16:00:00,2011-07-03 16:00:00,United Kingdom,159,156.91,1,Achats anciens à faible montant
15008,480,2,360.0,2010-03-12 11:13:00,2010-08-16 13:09:00,United Kingdom,638,180.0,1,Achats anciens à faible montant
15009,12,3,1259.43,2011-11-14 17:40:00,2011-11-27 13:35:00,United Kingdom,25,419.81,3,Achats récents occasionnels
15010,36,1,308.94,2011-11-04 12:42:00,2011-11-04 12:42:00,United Kingdom,36,308.94,3,Achats récents occasionnels
15011,396,2,416.6,2010-10-19 12:05:00,2010-11-09 11:10:00,United Kingdom,417,208.3,1,Achats anciens à faible montant
15012,54,3,834.82,2010-05-12 11:49:00,2011-10-17 12:22:00,United Kingdom,577,278.27333333333337,3,Achats récents occasionnels
15013,488,10,1610.82,2010-01-31 12:15:00,2010-08-09 12:05:00,United Kingdom,678,161.082,4,Achats anciens
15014,43,2,257.67,2011-06-16 19:40:00,2011-10-27 20:07:00,United Kingdom,176,128.835,3,Achats récents occasionnels
15015,501,13,2354.97,2009-12-14 14:46:00,2010-07-26 13:50:00,United Kingdom,725,181.15153846153845,4,Achats anciens
15016,173,5,620.89,2010-06-14 13:06:00,2011-06-20 12:06:00,United Kingdom,543,124.178,4,Achats anciens
15017,34,1,125.58,2011-11-06 10:33:00,2011-11-06 10:33:00,United Kingdom,34,125.58,3,Achats récents occasionnels
15018,39,3,607.46,2010-12-07 10:47:00,2011-11-01 12:47:00,United Kingdom,368,202.48666666666668,3,Achats récents occasionnels
15019,267,1,252.81,2011-03-18 12:35:00,2011-03-18 12:35:00,United Kingdom,267,252.81,1,Achats anciens à faible montant
15020,379,1,198.47,2010-11-25 13:29:00,2010-11-25 13:29:00,United Kingdom,379,198.47,1,Achats anciens à faible montant
15021,9,12,2698.68,2010-07-29 16:35:00,2011-12-01 11:53:00,United Kingdom,498,224.89,2,Actifs à montant élevé
15022,12,5,1133.44,2010-01-31 16:02:00,2011-11-28 12:35:00,United Kingdom,677,226.68800000000002,3,Achats récents occasionnels
15023,3,20,12008.05,2010-02-03 15:45:00,2011-12-06 17:23:00,United Kingdom,674,600.4024999999999,0,Champions
15024,10,16,4050.61,2010-10-11 16:14:00,2011-11-30 12:06:00,United Kingdom,424,253.163125,0,Champions
15025,33,2,979.79,2010-05-20 13:28:00,2011-11-06 15:20:00,United Kingdom,568,489.895,3,Achats récents occasionnels
15026,80,5,1048.8899999999999,2010-09-17 13:52:00,2011-09-20 13:52:00,United Kingdom,448,209.77799999999996,4,Achats anciens
15027,31,10,3195.6,2010-03-25 14:39:00,2011-11-09 10:16:00,United Kingdom,624,319.56,2,Actifs à montant élevé
15028,8,6,1148.91,2010-11-10 14:32:00,2011-12-01 14:06:00,United Kingdom,394,191.485,2,Actifs à montant élevé
15029,620,1,365.1,2010-03-30 12:16:00,2010-03-30 12:16:00,United Kingdom,620,365.1,1,Achats anciens à faible montant
15030,72,8,1979.91,2010-03-04 17:10:00,2011-09-29 10:50:00,United Kingdom,645,247.48875,2,Actifs à montant élevé
15031,4,14,3102.94,2009-12-08 13:38:00,2011-12-05 14:19:00,United Kingdom,731,221.63857142857142,0,Champions
15032,256,8,13780.65,2009-12-10 15:27:00,2011-03-28 15:03:00,United Kingdom,729,1722.58125,2,Actifs à montant élevé
15033,5,10,2557.18,2011-01-14 13:28:00,2011-12-05 12:40:00,United Kingdom,329,255.718,2,Actifs à montant élevé
15034,16,14,8231.2,2010-05-11 13:30:00,2011-11-24 12:11:00,United Kingdom,577,587.9428571428572,0,Champions
15035,90,1,252.73000000000002,2011-09-11 11:08:00,2011-09-11 11:08:00,United Kingdom,90,252.73000000000002,1,Achats anciens à faible montant
15036,72,3,429.56,2011-06-13 12:19:00,2011-09-28 15:42:00,United Kingdom,180,143.18666666666667,3,Achats récents occasionnels
15037,376,2,397.76,2010-11-28 12:14:00,2010-11-28 13:05:00,United Kingdom,377,198.88,1,Achats anciens à faible montant
15038,59,9,1265.41,2010-10-10 14:35:00,2011-10-12 11:33:00,United Kingdom,425,140.60111111111112,2,Actifs à montant élevé
15039,10,93,39726.89,2009-12-10 11:39:00,2011-11-30 11:31:00,United Kingdom,730,427.1708602150538,0,Champions
15040,542,1,7.49,2010-06-16 11:40:00,2010-06-16 11:40:00,United Kingdom,542,7.49,1,Achats anciens à faible montant
15041,170,2,289.4,2010-09-21 13:16:00,2011-06-22 16:16:00,United Kingdom,444,144.7,1,Achats anciens à faible montant
15042,199,2,315.45,2010-04-23 14:01:00,2011-05-24 16:25:00,United Kingdom,595,157.725,1,Achats anciens à faible montant
15043,31,6,2870.3199999999997,2010-06-24 15:50:00,2011-11-08 14:26:00,United Kingdom,533,478.3866666666666,2,Actifs à montant élevé
15044,19,35,16024.15,2009-12-16 15:13:00,2011-11-20 13:20:00,United Kingdom,723,457.8328571428571,0,Champions
15045,152,2,735.66,2011-03-27 11:44:00,2011-07-11 11:33:00,United Kingdom,258,367.83,4,Achats anciens
15046,9,25,7623.79,2010-01-14 14:29:00,2011-11-30 15:50:00,United Kingdom,694,304.9516,0,Champions
15047,270,1,343.62,2011-03-15 10:49:00,2011-03-15 10:49:00,United Kingdom,270,343.62,1,Achats anciens à faible montant
15048,65,4,479.7,2010-12-06 12:15:00,2011-10-05 14:55:00,United Kingdom,369,119.925,3,Achats récents occasionnels
15049,274,1,121.17000000000002,2011-03-11 12:13:00,2011-03-11 12:13:00,United Kingdom,274,121.17000000000002,1,Achats anciens à faible montant
15050,25,5,4087.19,2010-08-16 12:00:00,2011-11-14 16:17:00,United Kingdom,481,817.438,2,Actifs à montant élevé
15051,23,9,3926.91,2009-12-01 13:29:00,2011-11-16 15:38:00,United Kingdom,738,436.3233333333333,2,Actifs à montant élevé
15052,319,1,207.73000000000002,2011-01-24 15:52:00,2011-01-24 15:52:00,United Kingdom,319,207.73000000000002,1,Achats anciens à faible montant
15053,5,3,693.95,2011-03-03 12:06:00,2011-12-05 12:08:00,United Kingdom,282,231.3166666666667,3,Achats récents occasionnels
15054,12,2,302.1,2011-10-30 14:33:00,2011-11-27 15:02:00,United Kingdom,40,151.05,3,Achats récents occasionnels
15055,475,3,549.12,2009-12-16 15:48:00,2010-08-22 11:06:00,United Kingdom,723,183.04,4,Achats anciens
15056,520,1,113.64999999999999,2010-07-07 15:58:00,2010-07-07 15:58:00,United Kingdom,520,113.64999999999999,1,Achats anciens à faible montant
15057,275,5,3255.96,2009-12-05 15:27:00,2011-03-09 15:17:00,United Kingdom,734,651.192,4,Achats anciens
15058,25,16,3387.58,2010-02-24 14:07:00,2011-11-14 14:57:00,United Kingdom,653,211.72375,2,Actifs à montant élevé
15059,41,19,3491.2,2009-12-06 12:17:00,2011-10-30 11:35:00,United Kingdom,734,183.7473684210526,2,Actifs à montant élevé
15060,8,4,294.25,2011-11-30 14:03:00,2011-12-01 13:47:00,United Kingdom,9,73.5625,3,Achats récents occasionnels
15061,4,127,137818.52,2009-12-01 12:18:00,2011-12-06 12:06:00,United Kingdom,739,1085.1851968503936,0,Champions
15062,71,8,2585.62,2010-04-08 15:41:00,2011-09-29 16:51:00,United Kingdom,610,323.2025,2,Actifs à montant élevé
15063,213,1,370.79999999999995,2011-05-10 13:25:00,2011-05-10 13:25:00,United Kingdom,213,370.79999999999995,1,Achats anciens à faible montant
15064,410,4,1254.41,2009-12-22 16:17:00,2010-10-25 14:32:00,United Kingdom,717,313.6025,4,Achats anciens
15065,38,5,3326.86,2010-10-25 09:13:00,2011-11-02 09:45:00,United Kingdom,411,665.3720000000001,2,Actifs à montant élevé
15066,53,1,893.59,2011-10-17 13:25:00,2011-10-17 13:25:00,United Kingdom,53,893.59,3,Achats récents occasionnels
15067,78,5,3862.88,2010-04-11 15:54:00,2011-09-22 13:20:00,United Kingdom,607,772.576,2,Actifs à montant élevé
15068,46,4,1174.9,2010-03-28 13:18:00,2011-10-24 14:47:00,United Kingdom,621,293.725,3,Achats récents occasionnels
15069,179,1,1109.53,2011-06-13 14:16:00,2011-06-13 14:16:00,United Kingdom,179,1109.53,4,Achats anciens
15070,373,3,843.25,2009-12-15 13:49:00,2010-12-02 11:23:00,United Kingdom,724,281.0833333333333,4,Achats anciens
15071,94,4,1455.56,2010-05-18 12:45:00,2011-09-07 11:43:00,United Kingdom,571,363.89,4,Achats anciens
15072,479,1,187.51999999999998,2010-08-17 15:46:00,2010-08-17 15:46:00,United Kingdom,479,187.51999999999998,1,Achats anciens à faible montant
15073,10,8,2788.02,2010-01-27 08:48:00,2011-11-30 10:44:00,United Kingdom,682,348.5025,2,Actifs à montant élevé
15074,105,3,1553.1299999999999,2010-08-29 11:47:00,2011-08-26 14:45:00,United Kingdom,468,517.7099999999999,4,Achats anciens
15075,78,1,773.03,2011-09-23 12:27:00,2011-09-23 12:27:00,United Kingdom,78,773.03,3,Achats récents occasionnels
15076,173,3,1447.74,2010-07-05 14:11:00,2011-06-20 08:23:00,United Kingdom,522,482.58,4,Achats anciens
15077,495,2,2428.08,2009-12-09 17:10:00,2010-08-02 11:13:00,United Kingdom,730,1214.04,4,Achats anciens
15078,7,53,17761.88,2009-12-04 12:03:00,2011-12-02 15:41:00,United Kingdom,736,335.12981132075475,0,Champions
15079,213,11,3767.35,2009-12-08 11:22:00,2011-05-11 12:45:00,United Kingdom,732,342.48636363636365,2,Actifs à montant élevé
15080,428,2,546.25,2010-07-26 10:03:00,2010-10-08 11:52:00,United Kingdom,502,273.125,4,Achats anciens
15081,22,12,1965.72,2010-06-22 10:25:00,2011-11-17 17:08:00,United Kingdom,536,163.81,2,Actifs à montant élevé
15082,669,1,93.35000000000001,2010-02-09 10:23:00,2010-02-09 10:23:00,United Kingdom,669,93.35000000000001,1,Achats anciens à faible montant
15083,257,1,88.2,2011-03-28 12:18:00,2011-03-28 12:18:00,United Kingdom,257,88.2,1,Achats anciens à faible montant
15084,380,2,965.2,2010-03-04 10:45:00,2010-11-25 11:58:00,United Kingdom,646,482.6,4,Achats anciens
15085,730,1,347.54,2009-12-10 11:47:00,2009-12-10 11:47:00,United Kingdom,730,347.54,1,Achats anciens à faible montant
15086,565,2,218.53,2010-03-24 13:56:00,2010-05-24 12:27:00,United Kingdom,625,109.265,1,Achats anciens à faible montant
15087,282,1,306.94,2011-03-03 10:34:00,2011-03-03 10:34:00,United Kingdom,282,306.94,1,Achats anciens à faible montant
15088,21,2,1160.07,2011-10-03 14:05:00,2011-11-18 13:14:00,United Kingdom,67,580.035,3,Achats récents occasionnels
15089,10,6,2420.84,2011-08-03 14:14:00,2011-11-29 16:31:00,United Kingdom,128,403.47333333333336,2,Actifs à montant élevé
15090,308,1,381.32,2011-02-04 14:03:00,2011-02-04 14:03:00,United Kingdom,308,381.32,1,Achats anciens à faible montant
15091,68,3,1046.6100000000001,2010-02-03 11:46:00,2011-10-03 12:47:00,United Kingdom,675,348.87000000000006,3,Achats récents occasionnels
15092,215,3,776.46,2010-09-03 12:33:00,2011-05-08 14:10:00,United Kingdom,463,258.82,4,Achats anciens
15093,18,23,14326.11,2009-12-08 12:46:00,2011-11-21 13:09:00,United Kingdom,732,622.8743478260869,0,Champions
15094,463,2,83.0,2010-03-05 12:56:00,2010-09-02 16:55:00,United Kingdom,644,41.5,1,Achats anciens à faible montant
15095,104,10,3141.64,2010-01-21 09:37:00,2011-08-28 12:01:00,United Kingdom,688,314.164,2,Actifs à montant élevé
15096,43,1,219.39000000000001,2011-10-28 10:27:00,2011-10-28 10:27:00,United Kingdom,43,219.39000000000001,3,Achats récents occasionnels
15097,4,3,908.35,2010-05-05 14:22:00,2011-12-05 14:03:00,United Kingdom,583,302.78333333333336,3,Achats récents occasionnels
15098,182,3,39916.5,2011-06-10 15:22:00,2011-06-10 15:33:00,United Kingdom,182,13305.5,2,Actifs à montant élevé
15099,84,1,410.48,2011-09-16 13:13:00,2011-09-16 13:13:00,United Kingdom,84,410.48,3,Achats récents occasionnels
15100,334,7,2894.7,2010-01-07 14:33:00,2011-01-10 10:35:00,United Kingdom,701,413.5285714285714,4,Achats anciens
15101,9,6,1477.94,2010-04-28 15:00:00,2011-12-01 10:18:00,United Kingdom,590,246.32333333333335,2,Actifs à montant élevé
15102,531,2,554.67,2010-06-11 10:16:00,2010-06-27 12:16:00,United Kingdom,547,277.335,4,Achats anciens
15103,31,2,703.36,2011-09-14 13:54:00,2011-11-08 14:53:00,United Kingdom,86,351.68,3,Achats récents occasionnels
15104,197,2,993.54,2011-03-02 14:16:00,2011-05-27 12:29:00,United Kingdom,282,496.77,4,Achats anciens
15105,18,9,3094.91,2010-03-23 12:18:00,2011-11-21 16:54:00,United Kingdom,627,343.87888888888887,2,Actifs à montant élevé
15106,18,5,1422.52,2011-03-15 12:52:00,2011-11-22 09:16:00,United Kingdom,269,284.504,2,Actifs à montant élevé
15107,311,9,940.35,2010-09-14 10:47:00,2011-02-01 14:46:00,United Kingdom,452,104.48333333333333,4,Achats anciens
15108,142,4,1300.25,2011-04-26 10:54:00,2011-07-21 10:24:00,European Community,228,325.0625,4,Achats anciens
15109,246,3,983.1,2009-12-04 12:33:00,2011-04-08 09:58:00,United Kingdom,736,327.7,4,Achats anciens
15110,24,6,1505.8500000000001,2010-08-11 15:49:00,2011-11-16 11:16:00,United Kingdom,485,250.97500000000002,2,Actifs à montant élevé
15111,29,5,2730.87,2010-04-26 13:12:00,2011-11-10 16:58:00,United Kingdom,592,546.174,2,Actifs à montant élevé
15112,611,1,209.4,2010-04-07 14:17:00,2010-04-07 14:17:00,United Kingdom,611,209.4,1,Achats anciens à faible montant
15113,10,3,3509.43,2011-10-16 15:27:00,2011-11-30 08:23:00,United Kingdom,54,1169.81,2,Actifs à montant élevé
15114,30,12,3400.12,2010-10-14 16:44:00,2011-11-09 15:05:00,United Kingdom,421,283.3433333333333,2,Actifs à montant élevé
15115,18,2,531.85,2009-12-07 11:20:00,2011-11-21 14:59:00,United Kingdom,733,265.925,3,Achats récents occasionnels
15116,18,4,1352.75,2011-05-19 08:50:00,2011-11-22 12:25:00,United Kingdom,205,338.1875,3,Achats récents occasionnels
15117,15,8,2485.9700000000003,2010-03-15 13:39:00,2011-11-25 08:12:00,United Kingdom,634,310.74625000000003,2,Actifs à montant élevé
15118,134,1,244.8,2011-07-28 14:54:00,2011-07-28 14:54:00,United Kingdom,134,244.8,1,Achats anciens à faible montant
15119,246,1,266.4,2011-04-08 09:08:00,2011-04-08 09:08:00,United Kingdom,246,266.4,1,Achats anciens à faible montant
15120,134,1,358.82,2011-07-29 09:48:00,2011-07-29 09:48:00,United Kingdom,134,358.82,1,Achats anciens à faible montant
15121,50,2,457.72,2011-02-24 12:41:00,2011-10-20 14:51:00,United Kingdom,289,228.86,3,Achats récents occasionnels
15122,114,11,4487.27,2010-03-30 14:05:00,2011-08-17 16:48:00,United Kingdom,619,407.9336363636364,2,Actifs à montant élevé
15123,7,5,4656.17,2010-03-16 09:49:00,2011-12-02 13:12:00,United Kingdom,634,931.234,2,Actifs à montant élevé
15124,23,4,450.82,2010-02-26 10:49:00,2011-11-17 10:09:00,United Kingdom,652,112.705,3,Achats récents occasionnels
15125,25,24,17024.87,2010-03-31 13:29:00,2011-11-14 13:57:00,United Kingdom,618,709.3695833333333,0,Champions
15126,537,2,449.49,2010-01-21 17:09:00,2010-06-21 12:31:00,United Kingdom,687,224.745,1,Achats anciens à faible montant
15127,66,2,711.5,2010-07-08 10:07:00,2011-10-05 10:30:00,United Kingdom,520,355.75,3,Achats récents occasionnels
15128,60,5,1783.68,2010-10-05 16:46:00,2011-10-10 13:54:00,United Kingdom,430,356.736,2,Actifs à montant élevé
15129,50,23,6860.18,2010-04-08 17:15:00,2011-10-20 14:40:00,United Kingdom,610,298.2686956521739,0,Champions
15130,170,1,330.11,2011-06-23 10:15:00,2011-06-23 10:15:00,United Kingdom,170,330.11,1,Achats anciens à faible montant
15131,395,1,80.28,2010-11-10 12:07:00,2010-11-10 12:07:00,United Kingdom,395,80.28,1,Achats anciens à faible montant
15132,18,5,977.9300000000001,2011-03-22 12:02:00,2011-11-21 17:10:00,United Kingdom,263,195.586,3,Achats récents occasionnels
15133,128,5,1806.9,2010-07-07 12:31:00,2011-08-04 10:44:00,United Kingdom,521,361.38,4,Achats anciens
15134,15,10,1596.29,2010-10-13 12:44:00,2011-11-25 08:55:00,United Kingdom,423,159.629,2,Actifs à montant élevé
15135,239,2,305.68,2010-06-01 13:33:00,2011-04-14 19:16:00,United Kingdom,556,152.84,1,Achats anciens à faible montant
15136,3,4,1286.7,2011-09-04 16:05:00,2011-12-07 12:26:00,United Kingdom,96,321.675,3,Achats récents occasionnels
15137,521,2,823.4,2010-01-28 15:45:00,2010-07-07 09:41:00,United Kingdom,680,411.7,4,Achats anciens
15138,394,1,502.52,2010-11-11 09:16:00,2010-11-11 09:16:00,United Kingdom,394,502.52,1,Achats anciens à faible montant
15139,240,2,178.96,2011-01-07 12:44:00,2011-04-14 11:39:00,United Kingdom,337,89.48,1,Achats anciens à faible montant
15140,52,8,3243.69,2010-09-23 13:07:00,2011-10-18 14:07:00,United Kingdom,442,405.46125,2,Actifs à montant élevé
15141,458,7,1388.47,2010-03-28 15:58:00,2010-09-08 11:33:00,United Kingdom,621,198.35285714285715,4,Achats anciens
15142,46,6,2619.92,2010-07-27 09:05:00,2011-10-24 12:51:00,United Kingdom,501,436.65333333333336,2,Actifs à montant élevé
15143,226,2,563.63,2010-10-03 13:58:00,2011-04-28 12:03:00,United Kingdom,432,281.815,4,Achats anciens
15144,8,29,12160.31,2009-12-13 11:35:00,2011-12-01 15:12:00,United Kingdom,727,419.3210344827586,0,Champions
15145,4,4,1194.73,2011-04-05 15:20:00,2011-12-05 17:21:00,United Kingdom,248,298.6825,3,Achats récents occasionnels
15146,165,2,1327.16,2011-02-21 13:07:00,2011-06-28 12:09:00,United Kingdom,291,663.58,4,Achats anciens
15147,240,1,623.5,2011-04-13 15:57:00,2011-04-13 15:57:00,United Kingdom,240,623.5,1,Achats anciens à faible montant
15148,11,1,301.29,2011-11-29 08:21:00,2011-11-29 08:21:00,United Kingdom,11,301.29,3,Achats récents occasionnels
15149,134,5,1554.6100000000001,2010-02-28 11:13:00,2011-07-29 10:58:00,United Kingdom,650,310.922,4,Achats anciens
15150,17,13,8977.94,2010-06-14 12:01:00,2011-11-22 12:52:00,United Kingdom,544,690.6107692307693,0,Champions
15151,423,2,2085.61,2010-07-18 12:19:00,2010-10-12 16:37:00,United Kingdom,510,1042.805,4,Achats anciens
15152,10,14,5263.83,2010-01-07 15:15:00,2011-11-30 12:32:00,United Kingdom,701,375.98785714285714,0,Champions
15153,31,1,329.25,2011-11-08 17:09:00,2011-11-08 17:09:00,United Kingdom,31,329.25,3,Achats récents occasionnels
15154,75,3,1343.72,2010-08-18 17:41:00,2011-09-25 16:05:00,United Kingdom,478,447.9066666666667,4,Achats anciens
15155,383,1,383.96999999999997,2010-11-21 12:59:00,2010-11-21 12:59:00,United Kingdom,383,383.96999999999997,1,Achats anciens à faible montant
15156,1,3,961.49,2011-11-06 12:41:00,2011-12-08 18:22:00,United Kingdom,34,320.49666666666667,3,Achats récents occasionnels
15157,4,5,2654.11,2009-12-10 14:44:00,2011-12-06 11:28:00,United Kingdom,729,530.822,2,Actifs à montant élevé
15158,45,2,606.02,2010-11-03 13:46:00,2011-10-25 13:53:00,United Kingdom,401,303.01,3,Achats récents occasionnels
15159,2,34,22116.73,2010-10-04 09:31:00,2011-12-08 12:05:00,United Kingdom,432,650.4920588235294,0,Champions
15160,357,4,589.27,2010-10-14 15:26:00,2010-12-17 14:15:00,United Kingdom,421,147.3175,4,Achats anciens
15161,388,1,119.92,2010-11-16 16:08:00,2010-11-16 16:08:00,United Kingdom,388,119.92,1,Achats anciens à faible montant
15162,731,1,312.9,2009-12-08 13:14:00,2009-12-08 13:14:00,United Kingdom,731,312.9,1,Achats anciens à faible montant
15163,18,2,304.47,2011-05-31 15:22:00,2011-11-21 13:10:00,United Kingdom,192,152.235,3,Achats récents occasionnels
15164,69,9,2028.1100000000001,2010-01-18 13:34:00,2011-10-02 12:05:00,United Kingdom,690,225.34555555555556,2,Actifs à montant élevé
15165,373,1,975.5,2010-12-01 14:03:00,2010-12-01 14:03:00,United Kingdom,373,975.5,4,Achats anciens
15166,468,1,167.16,2010-08-29 12:31:00,2010-08-29 12:31:00,United Kingdom,468,167.16,1,Achats anciens à faible montant
15167,321,5,1627.62,2010-02-04 14:13:00,2011-01-23 12:41:00,United Kingdom,673,325.524,4,Achats anciens
15168,26,1,106.56,2011-11-14 11:26:00,2011-11-14 11:26:00,United Kingdom,26,106.56,3,Achats récents occasionnels
15169,382,2,569.22,2009-12-13 11:16:00,2010-11-22 13:04:00,United Kingdom,727,284.61,4,Achats anciens
15170,407,1,81.15,2010-10-29 10:34:00,2010-10-29 10:34:00,United Kingdom,407,81.15,1,Achats anciens à faible montant
15171,331,1,1289.5,2011-01-12 15:36:00,2011-01-12 15:36:00,United Kingdom,331,1289.5,4,Achats anciens
15172,9,5,1624.05,2011-04-17 11:56:00,2011-12-01 11:51:00,United Kingdom,237,324.81,2,Actifs à montant élevé
15173,381,7,1494.6,2010-04-01 12:26:00,2010-11-24 10:21:00,United Kingdom,618,213.5142857142857,4,Achats anciens
15174,323,2,481.46,2010-10-25 09:40:00,2011-01-21 09:06:00,United Kingdom,411,240.73,1,Achats anciens à faible montant
15175,72,1,224.14,2011-09-29 11:31:00,2011-09-29 11:31:00,United Kingdom,72,224.14,1,Achats anciens à faible montant
15176,668,1,988.04,2010-02-10 10:36:00,2010-02-10 10:36:00,United Kingdom,668,988.04,4,Achats anciens
15177,426,1,948.93,2010-10-10 12:48:00,2010-10-10 12:48:00,United Kingdom,426,948.93,4,Achats anciens
15178,260,1,40.5,2011-03-24 15:12:00,2011-03-24 15:12:00,United Kingdom,260,40.5,1,Achats anciens à faible montant
15179,18,13,7491.92,2009-12-03 12:27:00,2011-11-21 12:53:00,United Kingdom,737,576.3015384615385,0,Champions
15180,367,3,904.4300000000001,2010-04-29 15:27:00,2010-12-07 14:57:00,United Kingdom,589,301.4766666666667,4,Achats anciens
15181,66,5,1200.2,2009-12-08 19:02:00,2011-10-04 13:58:00,United Kingdom,731,240.04000000000002,2,Actifs à montant élevé
15182,154,11,2998.952,2010-02-21 12:03:00,2011-07-08 13:37:00,United Kingdom,657,272.632,2,Actifs à montant élevé
15183,548,3,639.93,2010-05-04 11:31:00,2010-06-10 10:43:00,United Kingdom,585,213.30999999999997,4,Achats anciens
15184,29,4,685.39,2009-12-16 12:06:00,2011-11-10 13:41:00,United Kingdom,724,171.3475,3,Achats récents occasionnels
15185,70,1,310.62,2011-09-30 14:06:00,2011-09-30 14:06:00,United Kingdom,70,310.62,3,Achats récents occasionnels
15186,14,5,1403.2,2010-01-12 10:14:00,2011-11-25 14:58:00,United Kingdom,697,280.64,2,Actifs à montant élevé
15187,2,16,4777.18,2011-05-11 13:49:00,2011-12-08 11:56:00,United Kingdom,212,298.57375,0,Champions
15188,725,1,310.43,2009-12-14 13:30:00,2009-12-14 13:30:00,United Kingdom,725,310.43,1,Achats anciens à faible montant
15189,1,46,17524.38,2010-07-18 13:37:00,2011-12-08 13:22:00,United Kingdom,509,380.96478260869566,0,Champions
15190,434,1,834.4399999999999,2010-10-01 13:09:00,2010-10-01 13:09:00,United Kingdom,434,834.4399999999999,4,Achats anciens
15191,463,3,588.05,2010-01-20 12:35:00,2010-09-02 15:37:00,United Kingdom,689,196.01666666666665,4,Achats anciens
15192,120,5,1981.39,2010-01-29 10:13:00,2011-08-12 11:41:00,United Kingdom,680,396.278,4,Achats anciens
15193,61,1,499.32,2011-10-10 08:23:00,2011-10-10 08:23:00,United Kingdom,61,499.32,3,Achats récents occasionnels
15194,3,28,12427.69,2009-12-03 10:37:00,2011-12-06 15:10:00,United Kingdom,737,443.84607142857146,0,Champions
15195,3,1,3861.0,2011-12-07 12:20:00,2011-12-07 12:20:00,United Kingdom,3,3861.0,3,Achats récents occasionnels
15196,433,2,313.7,2009-12-13 11:14:00,2010-10-03 10:50:00,United Kingdom,727,156.85,1,Achats anciens à faible montant
15197,11,6,1877.51,2009-12-11 12:56:00,2011-11-29 10:00:00,United Kingdom,728,312.91833333333335,2,Actifs à montant élevé
15198,92,5,571.35,2010-01-19 10:01:00,2011-09-08 14:42:00,United Kingdom,690,114.27000000000001,4,Achats anciens
15199,59,10,3122.4,2010-05-13 10:14:00,2011-10-11 15:12:00,United Kingdom,576,312.24,2,Actifs à montant élevé
15200,495,1,549.05,2010-08-02 09:38:00,2010-08-02 09:38:00,United Kingdom,495,549.05,1,Achats anciens à faible montant
15201,87,7,1842.95,2010-04-07 14:50:00,2011-09-13 14:53:00,United Kingdom,611,263.2785714285714,2,Actifs à montant élevé
15202,420,3,6001.49,2010-10-15 12:39:00,2010-10-15 13:05:00,United Kingdom,421,2000.4966666666667,4,Achats anciens
15203,26,15,4400.18,2009-12-08 18:06:00,2011-11-14 08:16:00,United Kingdom,731,293.3453333333334,2,Actifs à montant élevé
15204,357,1,316.58,2010-12-17 13:49:00,2010-12-17 13:49:00,United Kingdom,357,316.58,1,Achats anciens à faible montant
15205,85,2,653.24,2011-08-04 16:07:00,2011-09-15 19:36:00,United Kingdom,127,326.62,3,Achats récents occasionnels
15206,10,4,420.29999999999995,2011-03-09 08:59:00,2011-11-29 13:41:00,United Kingdom,276,105.07499999999999,3,Achats récents occasionnels
15207,416,3,683.9200000000001,2010-06-10 17:29:00,2010-10-19 13:29:00,United Kingdom,547,227.97333333333336,4,Achats anciens
15208,1,6,970.52,2010-10-12 12:17:00,2011-12-08 17:24:00,United Kingdom,424,161.75333333333333,3,Achats récents occasionnels
15209,730,1,178.98000000000002,2009-12-09 17:26:00,2009-12-09 17:26:00,United Kingdom,730,178.98000000000002,1,Achats anciens à faible montant
15210,225,3,1176.19,2010-05-13 14:42:00,2011-04-28 16:11:00,United Kingdom,575,392.06333333333333,4,Achats anciens
15211,60,2,1277.48,2010-12-09 16:08:00,2011-10-10 13:31:00,United Kingdom,365,638.74,3,Achats récents occasionnels
15212,241,2,208.28,2010-11-28 10:45:00,2011-04-12 13:45:00,United Kingdom,377,104.14,1,Achats anciens à faible montant
15213,319,2,328.35,2011-01-14 11:05:00,2011-01-25 12:21:00,United Kingdom,330,164.175,1,Achats anciens à faible montant
15214,2,8,1661.44,2011-04-11 09:46:00,2011-12-08 12:07:00,United Kingdom,243,207.68,2,Actifs à montant élevé
15215,47,7,2422.43,2010-04-06 11:21:00,2011-10-24 11:41:00,United Kingdom,613,346.06142857142856,2,Actifs à montant élevé
15216,88,2,486.09,2010-03-31 09:52:00,2011-09-13 11:41:00,United Kingdom,619,243.045,3,Achats récents occasionnels
15217,563,1,426.24,2010-05-25 13:51:00,2010-05-25 13:51:00,United Kingdom,563,426.24,1,Achats anciens à faible montant
15218,11,22,11468.83,2010-01-26 11:33:00,2011-11-29 11:48:00,United Kingdom,683,521.3104545454545,0,Champions
15219,176,2,685.45,2010-03-01 11:33:00,2011-06-16 16:57:00,United Kingdom,649,342.725,4,Achats anciens
15220,52,6,1778.96,2011-03-04 10:24:00,2011-10-19 12:39:00,United Kingdom,281,296.49333333333334,2,Actifs à montant élevé
15221,366,4,2465.4500000000003,2010-03-12 10:40:00,2010-12-08 13:08:00,United Kingdom,638,616.3625000000001,4,Achats anciens
15222,319,11,3550.91,2009-12-16 13:49:00,2011-01-25 08:03:00,United Kingdom,723,322.81,2,Actifs à montant élevé
15223,226,5,1417.95,2009-12-05 11:19:00,2011-04-28 11:31:00,United Kingdom,735,283.59000000000003,4,Achats anciens
15224,358,5,871.36,2010-01-15 16:14:00,2010-12-16 15:02:00,United Kingdom,693,174.272,4,Achats anciens
15225,234,1,409.40000000000003,2011-04-19 14:51:00,2011-04-19 14:51:00,United Kingdom,234,409.40000000000003,1,Achats anciens à faible montant
15226,311,1,154.41,2011-02-02 11:41:00,2011-02-02 11:41:00,United Kingdom,311,154.41,1,Achats anciens à faible montant
15227,37,9,2488.4900000000002,2010-03-16 08:23:00,2011-11-03 11:59:00,United Kingdom,634,276.4988888888889,2,Actifs à montant élevé
15228,66,6,5580.2699999999995,2010-07-28 10:21:00,2011-10-04 13:56:00,United Kingdom,500,930.045,2,Actifs à montant élevé
15229,586,1,160.5,2010-05-02 13:50:00,2010-05-02 13:50:00,United Kingdom,586,160.5,1,Achats anciens à faible montant
15230,239,2,429.6,2011-04-13 11:04:00,2011-04-14 14:39:00,United Kingdom,241,214.8,1,Achats anciens à faible montant
15231,621,1,250.26,2010-03-28 15:12:00,2010-03-28 15:12:00,United Kingdom,621,250.26,1,Achats anciens à faible montant
15232,113,2,612.06,2011-07-22 12:21:00,2011-08-18 16:27:00,United Kingdom,141,306.03,4,Achats anciens
15233,401,1,59.400000000000006,2010-11-03 13:36:00,2010-11-03 13:36:00,United Kingdom,401,59.400000000000006,1,Achats anciens à faible montant
15234,277,1,197.0,2011-03-08 08:53:00,2011-03-08 08:53:00,United Kingdom,277,197.0,1,Achats anciens à faible montant
15235,218,16,2937.81,2010-11-16 12:48:00,2011-05-06 09:44:00,United Kingdom,389,183.613125,2,Actifs à montant élevé
15236,299,1,321.05,2011-02-14 10:52:00,2011-02-14 10:52:00,United Kingdom,299,321.05,1,Achats anciens à faible montant
15237,2,4,1412.32,2011-04-26 15:04:00,2011-12-08 09:46:00,United Kingdom,227,353.08,3,Achats récents occasionnels
15238,29,3,1071.99,2011-06-08 16:00:00,2011-11-10 14:28:00,United Kingdom,184,357.33,3,Achats récents occasionnels
15239,10,2,780.59,2011-09-22 09:53:00,2011-11-29 14:14:00,United Kingdom,79,390.295,3,Achats récents occasionnels
15240,45,12,4459.98,2009-12-05 14:57:00,2011-10-26 09:50:00,United Kingdom,734,371.66499999999996,2,Actifs à montant élevé
15241,67,11,3050.16,2010-02-23 13:59:00,2011-10-04 09:05:00,United Kingdom,654,277.2872727272727,2,Actifs à montant élevé
15242,422,1,302.04,2010-10-13 15:33:00,2010-10-13 15:33:00,United Kingdom,422,302.04,1,Achats anciens à faible montant
15243,74,2,927.2800000000001,2010-09-30 17:28:00,2011-09-26 14:12:00,United Kingdom,435,463.64000000000004,3,Achats récents occasionnels
15244,65,3,912.08,2010-02-11 14:48:00,2011-10-05 13:19:00,United Kingdom,666,304.0266666666667,3,Achats récents occasionnels
15245,134,8,4610.84,2010-04-23 14:23:00,2011-07-28 18:56:00,United Kingdom,595,576.355,2,Actifs à montant élevé
15246,238,3,780.4,2010-06-02 11:28:00,2011-04-15 14:45:00,United Kingdom,556,260.1333333333333,4,Achats anciens
15247,122,3,976.06,2010-06-20 14:08:00,2011-08-09 12:52:00,United Kingdom,537,325.3533333333333,4,Achats anciens
15248,411,3,1893.93,2010-06-23 14:34:00,2010-10-24 13:09:00,United Kingdom,534,631.3100000000001,4,Achats anciens
15249,32,18,9266.0,2010-03-26 14:51:00,2011-11-08 11:45:00,United Kingdom,623,514.7777777777778,0,Champions
15250,641,1,60.0,2010-03-09 07:35:00,2010-03-09 07:35:00,United Kingdom,641,60.0,1,Achats anciens à faible montant
15251,9,21,20324.54,2010-01-29 12:42:00,2011-11-30 15:02:00,United Kingdom,680,967.8352380952381,0,Champions
15252,36,5,2103.41,2010-04-07 10:24:00,2011-11-03 13:30:00,United Kingdom,612,420.68199999999996,2,Actifs à montant élevé
15253,16,8,2055.09,2010-05-02 11:17:00,2011-11-23 16:22:00,United Kingdom,587,256.88625,2,Actifs à montant élevé
15254,127,3,1088.35,2010-05-28 10:08:00,2011-08-04 15:04:00,United Kingdom,561,362.7833333333333,4,Achats anciens
15255,67,9,3706.02,2009-12-03 09:10:00,2011-10-04 12:43:00,United Kingdom,737,411.78,2,Actifs à montant élevé
15256,149,2,170.4,2010-05-27 11:41:00,2011-07-14 11:47:00,United Kingdom,562,85.2,1,Achats anciens à faible montant
15257,283,2,685.9,2010-10-21 14:03:00,2011-03-01 12:58:00,United Kingdom,414,342.95,4,Achats anciens
15258,169,2,623.16,2011-05-06 14:16:00,2011-06-24 12:30:00,United Kingdom,217,311.58,4,Achats anciens
15259,513,4,1182.3799999999999,2010-01-26 09:41:00,2010-07-15 08:47:00,United Kingdom,683,295.59499999999997,4,Achats anciens
15260,100,25,9188.23,2009-12-06 11:45:00,2011-08-31 13:55:00,United Kingdom,734,367.5292,0,Champions
15261,135,4,1508.0,2010-10-01 11:59:00,2011-07-27 15:20:00,United Kingdom,435,377.0,4,Achats anciens
15262,324,3,418.82,2010-08-08 15:55:00,2011-01-20 12:16:00,United Kingdom,488,139.60666666666665,4,Achats anciens
15263,107,1,156.51,2011-08-25 10:26:00,2011-08-25 10:26:00,United Kingdom,107,156.51,1,Achats anciens à faible montant
15264,64,2,848.4,2010-06-27 13:29:00,2011-10-06 13:49:00,United Kingdom,530,424.2,3,Achats récents occasionnels
15265,151,4,3345.64,2009-12-01 17:08:00,2011-07-11 14:46:00,United Kingdom,738,836.41,4,Achats anciens
15266,338,5,852.21,2010-01-07 12:19:00,2011-01-05 13:40:00,United Kingdom,702,170.442,4,Achats anciens
15267,22,5,1717.36,2011-06-10 10:24:00,2011-11-17 15:59:00,United Kingdom,183,343.472,2,Actifs à montant élevé
15268,479,3,961.9000000000001,2010-04-13 11:27:00,2010-08-18 10:33:00,United Kingdom,606,320.6333333333334,4,Achats anciens
15269,24,3,1225.3600000000001,2010-11-14 12:58:00,2011-11-16 09:32:00,United Kingdom,390,408.4533333333334,3,Achats récents occasionnels
15270,16,21,8524.86,2009-12-17 15:02:00,2011-11-24 09:24:00,United Kingdom,722,405.9457142857143,0,Champions
15271,7,24,4640.29,2010-08-05 14:57:00,2011-12-02 14:11:00,United Kingdom,491,193.34541666666667,0,Champions
15272,57,6,2030.95,2010-02-14 13:39:00,2011-10-13 12:59:00,United Kingdom,663,338.4916666666667,2,Actifs à montant élevé
15273,600,1,228.96,2010-04-19 11:31:00,2010-04-19 11:31:00,United Kingdom,600,228.96,1,Achats anciens à faible montant
15274,4,2,716.57,2011-11-21 14:17:00,2011-12-05 16:57:00,United Kingdom,18,358.285,3,Achats récents occasionnels
15275,38,1,615.14,2011-11-02 11:20:00,2011-11-02 11:20:00,United Kingdom,38,615.14,3,Achats récents occasionnels
15276,66,4,619.8,2010-10-01 12:24:00,2011-10-04 16:39:00,United Kingdom,435,154.95,3,Achats récents occasionnels
15277,47,2,476.34,2010-10-10 16:02:00,2011-10-24 10:08:00,United Kingdom,425,238.17,3,Achats récents occasionnels
15278,562,4,496.15999999999997,2010-02-12 14:53:00,2010-05-27 10:03:00,United Kingdom,665,124.03999999999999,4,Achats anciens
15279,355,5,1580.54,2010-02-02 10:15:00,2010-12-20 10:48:00,United Kingdom,676,316.108,4,Achats anciens
15280,172,3,397.52,2010-05-17 14:17:00,2011-06-20 17:14:00,United Kingdom,571,132.50666666666666,4,Achats anciens
15281,59,16,8543.57,2010-10-08 12:14:00,2011-10-12 09:10:00,United Kingdom,428,533.973125,2,Actifs à montant élevé
15282,570,1,348.59,2010-05-18 16:27:00,2010-05-18 16:27:00,United Kingdom,570,348.59,1,Achats anciens à faible montant
15283,390,3,148.33,2010-07-09 15:46:00,2010-11-14 14:54:00,United Kingdom,518,49.443333333333335,1,Achats anciens à faible montant
15284,500,1,24.75,2010-07-27 13:25:00,2010-07-27 13:25:00,United Kingdom,500,24.75,1,Achats anciens à faible montant
15285,408,1,94.92,2010-10-28 09:46:00,2010-10-28 09:46:00,United Kingdom,408,94.92,1,Achats anciens à faible montant
15286,50,1,240.55,2011-10-21 11:08:00,2011-10-21 11:08:00,United Kingdom,50,240.55,3,Achats récents occasionnels
15287,22,5,856.03,2009-12-02 12:13:00,2011-11-17 15:34:00,United Kingdom,738,171.206,3,Achats récents occasionnels
15288,43,10,3881.03,2010-02-12 15:27:00,2011-10-27 16:58:00,United Kingdom,665,388.103,2,Actifs à montant élevé
15289,29,5,1593.09,2010-03-28 11:45:00,2011-11-10 13:49:00,United Kingdom,622,318.618,2,Actifs à montant élevé
15290,5,26,10496.28,2010-02-24 10:15:00,2011-12-05 11:39:00,United Kingdom,654,403.70307692307694,0,Champions
15291,26,40,13846.56,2009-12-03 11:09:00,2011-11-14 11:02:00,United Kingdom,737,346.164,0,Champions
15292,201,1,178.39,2011-05-22 15:00:00,2011-05-22 15:00:00,United Kingdom,201,178.39,1,Achats anciens à faible montant
15293,666,1,247.5,2010-02-12 11:54:00,2010-02-12 11:54:00,United Kingdom,666,247.5,1,Achats anciens à faible montant
15294,411,1,233.35,2010-10-25 11:45:00,2010-10-25 11:45:00,United Kingdom,411,233.35,1,Achats anciens à faible montant
15295,654,1,207.04,2010-02-23 13:03:00,2010-02-23 13:03:00,United Kingdom,654,207.04,1,Achats anciens à faible montant
15296,51,12,10323.03,2010-01-21 13:48:00,2011-10-20 11:47:00,United Kingdom,687,860.2525,2,Actifs à montant élevé
15297,10,3,641.94,2011-10-07 09:42:00,2011-11-29 16:32:00,United Kingdom,64,213.98000000000002,3,Achats récents occasionnels
15298,2,23,9459.37,2009-12-08 17:04:00,2011-12-07 17:17:00,United Kingdom,731,411.2769565217392,0,Champions
15299,67,10,7991.54,2010-01-12 11:34:00,2011-10-03 14:19:00,United Kingdom,697,799.154,2,Actifs à montant élevé
15300,64,1,496.44,2011-10-06 17:08:00,2011-10-06 17:08:00,United Kingdom,64,496.44,3,Achats récents occasionnels
15301,51,17,7583.04,2010-09-15 15:41:00,2011-10-20 09:57:00,United Kingdom,450,446.06117647058824,0,Champions
15302,730,1,308.0,2009-12-09 13:11:00,2009-12-09 13:11:00,United Kingdom,730,308.0,1,Achats anciens à faible montant
15303,290,3,1224.18,2010-01-25 09:42:00,2011-02-22 13:59:00,United Kingdom,684,408.06,4,Achats anciens
15304,61,9,919.5500000000001,2010-10-14 10:24:00,2011-10-10 10:23:00,United Kingdom,422,102.17222222222223,2,Actifs à montant élevé
15305,555,1,93.6,2010-06-02 13:50:00,2010-06-02 13:50:00,United Kingdom,555,93.6,1,Achats anciens à faible montant
15306,64,9,3484.73,2010-02-18 17:12:00,2011-10-06 12:56:00,United Kingdom,659,387.1922222222222,2,Actifs à montant élevé
15307,96,1,205.3,2011-09-05 11:38:00,2011-09-05 11:38:00,United Kingdom,96,205.3,1,Achats anciens à faible montant
15308,274,1,310.47,2011-03-10 13:08:00,2011-03-10 13:08:00,United Kingdom,274,310.47,1,Achats anciens à faible montant
15309,611,4,797.96,2009-12-04 13:01:00,2010-04-08 11:11:00,United Kingdom,735,199.49,4,Achats anciens
15310,479,1,1634.64,2010-08-18 11:38:00,2010-08-18 11:38:00,United Kingdom,479,1634.64,4,Achats anciens
15311,1,208,116575.49,2009-12-01 11:21:00,2011-12-09 12:00:00,United Kingdom,739,560.4590865384615,0,Champions
15312,75,12,2930.19,2009-12-16 09:23:00,2011-09-25 13:10:00,United Kingdom,724,244.1825,2,Actifs à montant élevé
15313,110,1,52.0,2011-08-21 16:02:00,2011-08-21 16:02:00,United Kingdom,110,52.0,1,Achats anciens à faible montant
15314,199,3,820.4499999999999,2010-10-07 15:41:00,2011-05-24 14:39:00,United Kingdom,428,273.4833333333333,4,Achats anciens
15315,64,2,570.5,2011-08-15 15:17:00,2011-10-06 12:51:00,United Kingdom,116,285.25,3,Achats récents occasionnels
15316,327,1,165.0,2011-01-17 11:34:00,2011-01-17 11:34:00,United Kingdom,327,165.0,1,Achats anciens à faible montant
15317,677,1,129.75,2010-01-31 15:55:00,2010-01-31 15:55:00,United Kingdom,677,129.75,1,Achats anciens à faible montant
15318,4,1,312.62,2011-12-06 11:30:00,2011-12-06 11:30:00,United Kingdom,4,312.62,3,Achats récents occasionnels
15319,284,1,204.5,2011-03-01 12:48:00,2011-03-01 12:48:00,United Kingdom,284,204.5,1,Achats anciens à faible montant
15320,44,1,267.13,2011-10-26 13:27:00,2011-10-26 13:27:00,United Kingdom,44,267.13,3,Achats récents occasionnels
15321,71,12,6709.7300000000005,2010-02-03 09:47:00,2011-09-30 09:40:00,United Kingdom,675,559.1441666666667,2,Actifs à montant élevé
15322,86,2,1390.86,2010-08-20 13:10:00,2011-09-15 09:34:00,United Kingdom,476,695.43,4,Achats anciens
15323,563,3,434.6,2010-02-16 09:21:00,2010-05-26 10:01:00,United Kingdom,662,144.86666666666667,4,Achats anciens
15324,701,1,140.22000000000003,2010-01-07 14:37:00,2010-01-07 14:37:00,United Kingdom,701,140.22000000000003,1,Achats anciens à faible montant
15325,104,8,1601.46,2010-02-16 13:30:00,2011-08-28 11:55:00,United Kingdom,661,200.1825,2,Actifs à montant élevé
15326,334,5,1700.52,2009-12-01 13:19:00,2011-01-10 11:38:00,United Kingdom,738,340.104,4,Achats anciens
15327,53,1,208.75,2011-10-18 11:55:00,2011-10-18 11:55:00,United Kingdom,53,208.75,3,Achats récents occasionnels
15328,408,1,107.24,2010-10-28 09:05:00,2010-10-28 09:05:00,United Kingdom,408,107.24,1,Achats anciens à faible montant
15329,39,11,2958.83,2009-12-14 12:18:00,2011-10-31 15:36:00,United Kingdom,726,268.98454545454547,2,Actifs à montant élevé
15330,32,2,714.96,2011-10-10 12:30:00,2011-11-07 17:50:00,United Kingdom,61,357.48,3,Achats récents occasionnels
15331,500,3,767.91,2010-04-09 14:26:00,2010-07-28 09:42:00,United Kingdom,609,255.97,4,Achats anciens
15332,366,6,6553.74,2010-07-14 13:01:00,2010-12-08 14:43:00,Lithuania,513,1092.29,4,Achats anciens
15333,208,1,1028.56,2011-05-15 13:27:00,2011-05-15 13:27:00,United Kingdom,208,1028.56,4,Achats anciens
15334,157,3,350.82,2011-06-19 13:51:00,2011-07-06 11:22:00,United Kingdom,173,116.94,4,Achats anciens
15335,54,1,170.22,2011-10-17 12:50:00,2011-10-17 12:50:00,United Kingdom,54,170.22,3,Achats récents occasionnels
15336,402,1,240.5,2010-11-03 12:39:00,2010-11-03 12:39:00,United Kingdom,402,240.5,1,Achats anciens à faible montant
15337,411,1,373.02,2010-10-24 15:29:00,2010-10-24 15:29:00,United Kingdom,411,373.02,1,Achats anciens à faible montant
15338,677,1,277.93,2010-01-31 14:25:00,2010-01-31 14:25:00,United Kingdom,677,277.93,1,Achats anciens à faible montant
15339,66,7,1821.02,2010-02-08 13:38:00,2011-10-04 12:51:00,United Kingdom,669,260.1457142857143,2,Actifs à montant élevé
15340,562,1,105.5,2010-05-27 10:27:00,2010-05-27 10:27:00,United Kingdom,562,105.5,1,Achats anciens à faible montant
15341,81,2,2402.7200000000003,2010-09-16 16:41:00,2011-09-20 09:40:00,United Kingdom,449,1201.3600000000001,4,Achats anciens
15342,130,1,406.09,2011-08-02 10:19:00,2011-08-02 10:19:00,United Kingdom,130,406.09,1,Achats anciens à faible montant
15343,87,1,364.5,2011-09-13 13:55:00,2011-09-13 13:55:00,United Kingdom,87,364.5,1,Achats anciens à faible montant
15344,1,3,563.94,2011-09-26 14:48:00,2011-12-09 10:45:00,United Kingdom,74,187.98000000000002,3,Achats récents occasionnels
15345,46,1,393.54,2011-10-25 11:28:00,2011-10-25 11:28:00,United Kingdom,46,393.54,3,Achats récents occasionnels
15346,333,3,596.12,2010-10-04 15:11:00,2011-01-11 11:18:00,United Kingdom,431,198.70666666666668,4,Achats anciens
15347,366,4,1363.6,2010-09-28 12:50:00,2010-12-08 15:25:00,United Kingdom,438,340.9,4,Achats anciens
15348,72,1,158.04,2011-09-28 13:17:00,2011-09-28 13:17:00,United Kingdom,72,158.04,1,Achats anciens à faible montant
15349,158,2,463.90999999999997,2011-06-05 15:46:00,2011-07-04 16:06:00,United Kingdom,187,231.95499999999998,4,Achats anciens
15350,373,2,663.25,2010-11-21 15:14:00,2010-12-01 13:33:00,United Kingdom,383,331.625,4,Achats anciens
15351,12,10,3704.89,2010-10-03 12:18:00,2011-11-27 12:52:00,United Kingdom,433,370.489,2,Actifs à montant élevé
15352,549,1,111.15,2010-06-09 11:28:00,2010-06-09 11:28:00,United Kingdom,549,111.15,1,Achats anciens à faible montant
15353,255,7,3106.12,2009-12-02 11:33:00,2011-03-30 12:15:00,United Kingdom,738,443.7314285714286,4,Achats anciens
15354,603,3,284.4,2010-04-15 16:17:00,2010-04-15 16:24:00,United Kingdom,603,94.8,1,Achats anciens à faible montant
15355,29,2,277.05,2011-10-17 15:22:00,2011-11-10 13:44:00,United Kingdom,53,138.525,3,Achats récents occasionnels
15356,31,13,3382.69,2010-10-13 13:12:00,2011-11-08 13:11:00,United Kingdom,422,260.2069230769231,2,Actifs à montant élevé
15358,5,42,17050.41,2009-12-07 12:19:00,2011-12-05 09:04:00,United Kingdom,733,405.96214285714285,0,Champions
15359,663,8,181.35,2010-01-15 11:30:00,2010-02-15 10:47:00,United Kingdom,694,22.66875,4,Achats anciens
15360,40,1,427.93,2011-10-31 09:35:00,2011-10-31 09:35:00,United Kingdom,40,427.93,3,Achats récents occasionnels
15361,362,4,689.07,2010-06-14 13:27:00,2010-12-13 09:52:00,United Kingdom,543,172.2675,4,Achats anciens
15362,449,2,613.08,2009-12-01 09:08:00,2010-09-17 10:37:00,United Kingdom,739,306.54,4,Achats anciens
15363,373,2,1004.11,2010-08-04 08:41:00,2010-12-02 12:28:00,United Kingdom,493,502.055,4,Achats anciens
15364,96,2,913.19,2011-03-30 13:39:00,2011-09-05 09:46:00,United Kingdom,254,456.595,4,Achats anciens
15365,26,13,4557.13,2010-02-04 16:43:00,2011-11-14 08:29:00,United Kingdom,673,350.54846153846154,2,Actifs à montant élevé
15366,75,7,2389.08,2010-02-26 10:10:00,2011-09-25 15:01:00,United Kingdom,652,341.29714285714283,2,Actifs à montant élevé
15367,57,11,5081.33,2009-12-10 14:20:00,2011-10-13 14:13:00,United Kingdom,729,461.9390909090909,2,Actifs à montant élevé
15368,21,2,722.74,2010-11-10 15:52:00,2011-11-18 14:42:00,United Kingdom,394,361.37,3,Achats récents occasionnels
15369,492,11,6251.26,2009-12-08 07:43:00,2010-08-04 13:54:00,United Kingdom,732,568.2963636363637,2,Actifs à montant élevé
15370,41,8,3739.01,2010-10-25 12:08:00,2011-10-30 10:58:00,United Kingdom,411,467.37625,2,Actifs à montant élevé
15371,662,1,59.400000000000006,2010-02-15 13:14:00,2010-02-15 13:14:00,United Kingdom,662,59.400000000000006,1,Achats anciens à faible montant
15372,137,8,6017.06,2010-02-14 11:24:00,2011-07-25 16:39:00,United Kingdom,664,752.1325,2,Actifs à montant élevé
15373,8,17,3418.84,2010-05-02 11:57:00,2011-12-01 15:05:00,United Kingdom,587,201.10823529411766,0,Champions
15374,129,2,307.32,2010-03-25 12:03:00,2011-08-03 09:59:00,United Kingdom,625,153.66,1,Achats anciens à faible montant
15375,690,1,60.959999999999994,2010-01-18 15:38:00,2010-01-18 15:38:00,United Kingdom,690,60.959999999999994,1,Achats anciens à faible montant
15376,40,3,1221.56,2011-05-01 13:45:00,2011-10-30 15:04:00,United Kingdom,222,407.18666666666667,3,Achats récents occasionnels
15377,383,4,1211.75,2010-10-20 11:42:00,2010-11-22 08:55:00,United Kingdom,416,302.9375,4,Achats anciens
15378,463,2,246.5,2010-07-26 08:47:00,2010-09-03 11:30:00,United Kingdom,502,123.25,1,Achats anciens à faible montant
15379,169,8,4877.84,2010-11-04 11:59:00,2011-06-23 13:13:00,United Kingdom,401,609.73,2,Actifs à montant élevé
15380,9,11,3479.0600000000004,2009-12-01 13:50:00,2011-12-01 12:13:00,United Kingdom,738,316.27818181818185,2,Actifs à montant élevé
15381,214,5,1890.5700000000002,2010-05-05 14:35:00,2011-05-10 11:55:00,United Kingdom,583,378.11400000000003,4,Achats anciens
15382,15,12,13733.550000000001,2009-12-04 14:13:00,2011-11-25 10:58:00,United Kingdom,735,1144.4625,0,Champions
15384,170,4,2027.79,2010-04-26 12:38:00,2011-06-23 10:57:00,United Kingdom,593,506.9475,4,Achats anciens
15385,40,3,942.08,2010-01-31 13:02:00,2011-10-30 15:11:00,United Kingdom,677,314.0266666666667,3,Achats récents occasionnels
15386,186,1,394.14,2011-06-06 13:47:00,2011-06-06 13:47:00,United Kingdom,186,394.14,1,Achats anciens à faible montant
15387,492,1,468.65,2010-08-04 16:05:00,2010-08-04 16:05:00,United Kingdom,492,468.65,1,Achats anciens à faible montant
15388,270,1,140.54,2011-03-14 13:53:00,2011-03-14 13:53:00,Canada,270,140.54,1,Achats anciens à faible montant
15389,172,5,2733.8,2010-01-27 12:44:00,2011-06-20 16:18:00,United Kingdom,682,546.76,4,Achats anciens
15390,396,2,1216.66,2010-10-26 17:23:00,2010-11-08 15:19:00,Canada,409,608.33,4,Achats anciens
15391,584,1,289.87,2010-05-04 15:04:00,2010-05-04 15:04:00,United Kingdom,584,289.87,1,Achats anciens à faible montant
15392,5,7,2911.62,2010-10-04 12:50:00,2011-12-05 11:01:00,United Kingdom,432,415.94571428571425,2,Actifs à montant élevé
15393,16,5,891.34,2009-12-15 17:56:00,2011-11-23 16:48:00,United Kingdom,724,178.268,3,Achats récents occasionnels
15394,10,11,5286.8,2009-12-15 19:05:00,2011-11-30 11:49:00,United Kingdom,724,480.6181818181818,0,Champions
15395,326,1,107.45,2011-01-18 12:40:00,2011-01-18 12:40:00,United Kingdom,326,107.45,1,Achats anciens à faible montant
15396,113,2,796.38,2010-05-05 09:04:00,2011-08-19 10:56:00,United Kingdom,584,398.19,4,Achats anciens
15397,290,1,94.0,2011-02-23 09:25:00,2011-02-23 09:25:00,United Kingdom,290,94.0,1,Achats anciens à faible montant
15398,16,2,1345.53,2011-09-22 14:56:00,2011-11-23 16:47:00,United Kingdom,78,672.765,3,Achats récents occasionnels
15399,1,3,815.77,2011-09-21 15:57:00,2011-12-08 13:04:00,United Kingdom,79,271.92333333333335,3,Achats récents occasionnels
15400,92,8,1302.3,2010-05-28 08:33:00,2011-09-08 13:57:00,United Kingdom,561,162.7875,2,Actifs à montant élevé
15401,452,2,216.95000000000002,2010-05-20 10:56:00,2010-09-13 13:42:00,United Kingdom,569,108.47500000000001,1,Achats anciens à faible montant
15402,149,6,1830.54,2010-04-27 12:12:00,2011-07-14 12:17:00,United Kingdom,592,305.09,4,Achats anciens
15403,492,2,170.88,2009-12-09 12:45:00,2010-08-05 12:21:00,United Kingdom,731,85.44,1,Achats anciens à faible montant
15404,376,1,257.06,2010-11-29 11:03:00,2010-11-29 11:03:00,United Kingdom,376,257.06,1,Achats anciens à faible montant
15405,189,2,659.84,2010-05-12 15:56:00,2011-06-03 14:44:00,United Kingdom,576,329.92,4,Achats anciens
15406,31,4,975.87,2010-09-12 13:06:00,2011-11-08 13:22:00,United Kingdom,453,243.9675,3,Achats récents occasionnels
15407,34,4,1046.74,2011-02-07 13:18:00,2011-11-06 11:55:00,United Kingdom,305,261.685,3,Achats récents occasionnels
15408,264,1,267.18,2011-03-20 15:02:00,2011-03-20 15:02:00,United Kingdom,264,267.18,1,Achats anciens à faible montant
15409,721,1,131.25,2009-12-18 15:35:00,2009-12-18 15:35:00,United Kingdom,721,131.25,1,Achats anciens à faible montant
15410,84,10,4685.72,2010-04-19 08:57:00,2011-09-16 14:47:00,United Kingdom,600,468.572,2,Actifs à montant élevé
15411,26,4,1348.93,2011-06-10 12:30:00,2011-11-13 15:19:00,United Kingdom,183,337.2325,3,Achats récents occasionnels
15412,171,1,190.53,2011-06-21 15:24:00,2011-06-21 15:24:00,United Kingdom,171,190.53,1,Achats anciens à faible montant
15413,692,5,6798.72,2009-12-01 10:18:00,2010-01-17 11:33:00,United Kingdom,739,1359.7440000000001,4,Achats anciens
15414,10,3,774.9000000000001,2011-04-11 13:45:00,2011-11-30 09:50:00,United Kingdom,242,258.3,3,Achats récents occasionnels
15415,313,1,559.61,2011-01-30 14:13:00,2011-01-30 14:13:00,United Kingdom,313,559.61,1,Achats anciens à faible montant
15416,65,7,4572.82,2010-02-01 11:55:00,2011-10-06 09:38:00,United Kingdom,677,653.26,2,Actifs à montant élevé
15417,85,1,508.8,2011-09-15 15:26:00,2011-09-15 15:26:00,United Kingdom,85,508.8,3,Achats récents occasionnels
15418,425,2,449.42,2010-05-02 11:31:00,2010-10-10 13:38:00,United Kingdom,587,224.71,1,Achats anciens à faible montant
15419,25,1,135.86,2011-11-15 09:23:00,2011-11-15 09:23:00,United Kingdom,25,135.86,3,Achats récents occasionnels
15420,434,6,743.0,2009-12-05 13:29:00,2010-10-01 15:46:00,United Kingdom,734,123.83333333333333,4,Achats anciens
15421,59,10,3805.34,2009-12-07 15:10:00,2011-10-12 09:20:00,United Kingdom,732,380.534,2,Actifs à montant élevé
15422,323,7,1619.97,2010-02-07 11:52:00,2011-01-20 16:17:00,United Kingdom,671,231.42428571428573,4,Achats anciens
15423,38,3,266.89,2010-03-28 13:42:00,2011-11-01 14:01:00,United Kingdom,621,88.96333333333332,3,Achats récents occasionnels
15424,254,3,597.78,2010-09-02 17:17:00,2011-03-30 13:02:00,United Kingdom,463,199.26,4,Achats anciens
15425,400,4,1941.1200000000001,2010-02-14 12:36:00,2010-11-04 18:13:00,United Kingdom,664,485.28000000000003,4,Achats anciens
15426,19,9,2538.92,2010-05-02 15:10:00,2011-11-20 15:36:00,United Kingdom,586,282.1022222222222,2,Actifs à montant élevé
15427,33,3,1430.54,2011-10-23 14:47:00,2011-11-06 14:29:00,United Kingdom,47,476.84666666666664,3,Achats récents occasionnels
15428,15,4,762.75,2009-12-17 17:46:00,2011-11-24 16:54:00,United Kingdom,722,190.6875,3,Achats récents occasionnels
15429,27,2,397.35,2011-09-25 13:42:00,2011-11-13 12:28:00,United Kingdom,75,198.675,3,Achats récents occasionnels
15430,468,2,954.75,2010-06-29 15:04:00,2010-08-29 10:42:00,United Kingdom,528,477.375,4,Achats anciens
15431,503,1,153.24,2010-07-25 12:44:00,2010-07-25 12:44:00,United Kingdom,503,153.24,1,Achats anciens à faible montant
15432,23,2,320.76,2010-06-16 14:34:00,2011-11-16 16:30:00,United Kingdom,541,160.38,3,Achats récents occasionnels
15433,214,2,533.3,2011-03-17 14:12:00,2011-05-10 10:45:00,United Kingdom,267,266.65,4,Achats anciens
15434,8,11,2567.06,2010-01-24 15:35:00,2011-12-01 13:33:00,United Kingdom,684,233.36909090909091,2,Actifs à montant élevé
15435,22,1,149.29,2011-11-17 16:39:00,2011-11-17 16:39:00,United Kingdom,22,149.29,3,Achats récents occasionnels
15436,12,3,1067.75,2011-04-19 16:52:00,2011-11-27 16:05:00,United Kingdom,234,355.9166666666667,3,Achats récents occasionnels
15437,262,2,393.45,2010-03-09 10:45:00,2011-03-22 13:11:00,United Kingdom,641,196.725,1,Achats anciens à faible montant
15438,131,1,156.57999999999998,2011-07-31 14:19:00,2011-07-31 14:19:00,United Kingdom,131,156.57999999999998,1,Achats anciens à faible montant
15439,405,4,1269.05,2010-02-24 12:05:00,2010-10-31 10:38:00,United Kingdom,654,317.2625,4,Achats anciens
15440,55,3,383.68,2011-05-15 11:30:00,2011-10-16 12:16:00,United Kingdom,209,127.89333333333333,3,Achats récents occasionnels
15441,396,3,1254.21,2009-12-09 14:55:00,2010-11-08 15:50:00,United Kingdom,730,418.07,4,Achats anciens
15442,249,1,594.0,2011-04-05 12:24:00,2011-04-05 12:24:00,United Kingdom,249,594.0,1,Achats anciens à faible montant
15443,2,14,5114.23,2010-03-07 12:10:00,2011-12-08 10:40:00,United Kingdom,643,365.3021428571428,0,Champions
15444,9,2,1411.21,2011-10-30 16:12:00,2011-11-30 17:37:00,United Kingdom,40,705.605,3,Achats récents occasionnels
15445,264,2,284.5,2010-04-28 15:00:00,2011-03-20 15:06:00,United Kingdom,590,142.25,1,Achats anciens à faible montant
15446,377,3,399.75,2009-12-13 13:53:00,2010-11-28 11:59:00,United Kingdom,726,133.25,4,Achats anciens
15447,331,5,492.88,2010-03-24 14:40:00,2011-01-13 11:26:00,United Kingdom,625,98.576,4,Achats anciens
15448,313,2,788.81,2010-02-03 13:29:00,2011-01-31 10:42:00,United Kingdom,674,394.405,4,Achats anciens
15449,26,3,974.52,2011-03-23 10:43:00,2011-11-13 15:02:00,United Kingdom,262,324.84,3,Achats récents occasionnels
15450,30,1,429.84,2011-11-09 17:11:00,2011-11-09 17:11:00,United Kingdom,30,429.84,3,Achats récents occasionnels
15451,434,2,226.86,2010-04-19 14:08:00,2010-10-01 13:40:00,United Kingdom,599,113.43,1,Achats anciens à faible montant
15452,30,6,1785.1100000000001,2010-07-16 14:23:00,2011-11-10 12:13:00,United Kingdom,511,297.5183333333334,2,Actifs à montant élevé
15453,2,7,1371.77,2011-06-05 12:37:00,2011-12-08 10:59:00,United Kingdom,188,195.96714285714285,2,Actifs à montant élevé
15454,362,2,305.99,2010-03-31 13:15:00,2010-12-12 14:21:00,United Kingdom,618,152.995,1,Achats anciens à faible montant
15455,598,1,38.25,2010-04-21 12:43:00,2010-04-21 12:43:00,United Kingdom,598,38.25,1,Achats anciens à faible montant
15456,283,10,2091.52,2009-12-08 12:54:00,2011-03-01 13:51:00,United Kingdom,731,209.152,4,Achats anciens
15457,262,1,237.07,2011-03-22 15:31:00,2011-03-22 15:31:00,United Kingdom,262,237.07,1,Achats anciens à faible montant
15458,25,2,370.43999999999994,2010-11-02 19:50:00,2011-11-14 13:08:00,United Kingdom,402,185.21999999999997,3,Achats récents occasionnels
15459,417,2,202.82999999999998,2010-07-30 14:31:00,2010-10-18 15:25:00,United Kingdom,497,101.41499999999999,1,Achats anciens à faible montant
15460,354,1,214.26,2010-12-20 16:08:00,2010-12-20 16:08:00,United Kingdom,354,214.26,1,Achats anciens à faible montant
15461,461,2,429.7,2010-03-18 12:40:00,2010-09-05 12:31:00,United Kingdom,632,214.85,1,Achats anciens à faible montant
15462,94,4,737.05,2010-09-20 10:23:00,2011-09-06 13:11:00,United Kingdom,446,184.2625,4,Achats anciens
15463,29,1,126.14,2011-11-10 12:57:00,2011-11-10 12:57:00,United Kingdom,29,126.14,3,Achats récents occasionnels
15464,338,1,1044.65,2011-01-05 15:56:00,2011-01-05 15:56:00,United Kingdom,338,1044.65,4,Achats anciens
15465,20,32,12636.15,2009-12-10 09:42:00,2011-11-20 10:11:00,United Kingdom,730,394.8796875,0,Champions
15466,85,4,1560.46,2009-12-03 12:28:00,2011-09-15 14:08:00,United Kingdom,737,390.115,4,Achats anciens
15467,9,3,524.88,2011-07-10 14:42:00,2011-11-30 14:17:00,United Kingdom,152,174.96,3,Achats récents occasionnels
15468,51,3,1430.48,2010-11-12 09:39:00,2011-10-19 13:49:00,United Kingdom,393,476.82666666666665,3,Achats récents occasionnels
15469,50,3,874.25,2010-09-27 10:09:00,2011-10-20 16:21:00,United Kingdom,439,291.4166666666667,3,Achats récents occasionnels
15470,576,1,63.419999999999995,2010-05-13 09:35:00,2010-05-13 09:35:00,United Kingdom,576,63.419999999999995,1,Achats anciens à faible montant
15471,2,3,1292.01,2010-06-07 12:17:00,2011-12-07 14:12:00,United Kingdom,551,430.67,3,Achats récents occasionnels
15472,113,1,371.56,2011-08-18 15:17:00,2011-08-18 15:17:00,United Kingdom,113,371.56,1,Achats anciens à faible montant
15473,14,8,2046.0,2010-09-21 09:14:00,2011-11-25 15:15:00,United Kingdom,445,255.75,2,Actifs à montant élevé
15474,596,1,150.35,2010-04-23 11:14:00,2010-04-23 11:14:00,United Kingdom,596,150.35,1,Achats anciens à faible montant
15475,77,1,454.10999999999996,2011-09-23 15:20:00,2011-09-23 15:20:00,United Kingdom,77,454.10999999999996,3,Achats récents occasionnels
15476,380,4,2209.98,2010-09-23 14:00:00,2010-11-24 15:17:00,United Kingdom,442,552.495,4,Achats anciens
15477,650,1,368.4,2010-02-28 10:37:00,2010-02-28 10:37:00,United Kingdom,650,368.4,1,Achats anciens à faible montant
15478,40,3,1983.48,2010-05-13 18:49:00,2011-10-30 14:19:00,United Kingdom,575,661.16,3,Achats récents occasionnels
15479,733,1,147.4,2009-12-06 15:08:00,2009-12-06 15:08:00,United Kingdom,733,147.4,1,Achats anciens à faible montant
15480,116,5,6279.0,2010-02-01 14:52:00,2011-08-15 14:32:00,Malta,676,1255.8,2,Actifs à montant élevé
15481,401,1,1993.34,2010-11-03 14:52:00,2010-11-03 14:52:00,Norway,401,1993.34,4,Achats anciens
15482,16,19,14417.36,2009-12-02 16:59:00,2011-11-24 10:46:00,United Kingdom,737,758.8084210526316,0,Champions
15483,161,10,817.8199999999999,2010-01-24 15:42:00,2011-07-01 13:07:00,United Kingdom,684,81.782,4,Achats anciens
15484,1,6,4652.1,2009-12-05 15:18:00,2011-12-08 15:03:00,United Kingdom,734,775.35,0,Champions
15485,30,7,5750.51,2009-12-01 17:31:00,2011-11-09 14:31:00,United Kingdom,738,821.5014285714286,2,Actifs à montant élevé
15486,527,1,102.0,2010-06-30 13:15:00,2010-06-30 13:15:00,United Kingdom,527,102.0,1,Achats anciens à faible montant
15487,680,1,231.32,2010-01-29 12:07:00,2010-01-29 12:07:00,United Kingdom,680,231.32,1,Achats anciens à faible montant
15488,93,5,431.92,2010-05-05 13:03:00,2011-09-08 10:11:00,United Kingdom,583,86.384,4,Achats anciens
15489,23,8,2419.61,2010-01-15 16:58:00,2011-11-17 08:53:00,United Kingdom,693,302.45125,2,Actifs à montant élevé
15490,430,1,210.85,2010-10-05 13:11:00,2010-10-05 13:11:00,United Kingdom,430,210.85,1,Achats anciens à faible montant
15491,95,6,3100.09,2011-04-18 10:04:00,2011-09-05 15:56:00,United Kingdom,236,516.6816666666667,2,Actifs à montant élevé
15492,28,2,659.4599999999999,2011-09-26 14:02:00,2011-11-11 14:53:00,United Kingdom,74,329.72999999999996,3,Achats récents occasionnels
15493,33,9,4121.68,2010-02-23 11:14:00,2011-11-07 12:04:00,United Kingdom,655,457.9644444444445,2,Actifs à montant élevé
15494,21,5,3702.6,2009-12-10 20:16:00,2011-11-18 14:51:00,United Kingdom,729,740.52,2,Actifs à montant élevé
15495,379,1,246.5,2010-11-25 13:46:00,2010-11-25 13:46:00,United Kingdom,379,246.5,1,Achats anciens à faible montant
15496,631,1,146.14000000000001,2010-03-18 13:16:00,2010-03-18 13:16:00,United Kingdom,631,146.14000000000001,1,Achats anciens à faible montant
15497,18,9,8657.39,2009-12-18 15:08:00,2011-11-22 11:51:00,United Kingdom,721,961.9322222222222,2,Actifs à montant élevé
15498,3,44,25949.58,2009-12-16 17:27:00,2011-12-07 12:48:00,United Kingdom,723,589.7631818181818,0,Champions
15499,724,1,158.65,2009-12-16 12:17:00,2009-12-16 12:17:00,United Kingdom,724,158.65,1,Achats anciens à faible montant
15500,8,4,1131.56,2011-09-19 13:47:00,2011-12-01 13:47:00,United Kingdom,81,282.89,3,Achats récents occasionnels
15501,405,2,399.95,2010-10-20 12:47:00,2010-10-31 11:15:00,United Kingdom,416,199.975,1,Achats anciens à faible montant
15502,16,14,13933.27,2010-06-03 11:12:00,2011-11-24 12:48:00,United Kingdom,555,995.2335714285715,0,Champions
15503,363,2,257.3,2009-12-13 11:34:00,2010-12-12 10:57:00,United Kingdom,727,128.65,1,Achats anciens à faible montant
15504,81,4,402.7,2010-02-12 12:34:00,2011-09-19 13:45:00,United Kingdom,666,100.675,3,Achats récents occasionnels
15505,53,5,3610.96,2011-07-07 13:33:00,2011-10-18 07:56:00,United Kingdom,155,722.192,2,Actifs à montant élevé
15506,23,6,2030.33,2010-08-19 12:38:00,2011-11-17 12:11:00,United Kingdom,478,338.3883333333333,2,Actifs à montant élevé
15507,172,1,475.86,2011-06-21 11:19:00,2011-06-21 11:19:00,United Kingdom,172,475.86,1,Achats anciens à faible montant
15508,189,6,1000.27,2011-04-18 15:31:00,2011-06-03 15:43:00,United Kingdom,235,166.71166666666667,4,Achats anciens
15509,380,1,152.41,2010-11-24 14:48:00,2010-11-24 14:48:00,United Kingdom,380,152.41,1,Achats anciens à faible montant
15510,331,1,250.0,2011-01-13 12:10:00,2011-01-13 12:10:00,United Kingdom,331,250.0,1,Achats anciens à faible montant
15511,12,5,900.53,2011-09-15 15:05:00,2011-11-28 09:43:00,United Kingdom,85,180.106,3,Achats récents occasionnels
15512,156,4,331.58,2010-02-01 13:23:00,2011-07-07 10:20:00,United Kingdom,676,82.895,4,Achats anciens
15513,33,35,27750.55,2010-01-13 14:59:00,2011-11-06 14:36:00,United Kingdom,695,792.8728571428571,0,Champions
15514,12,18,6392.06,2009-12-04 16:37:00,2011-11-27 14:40:00,United Kingdom,735,355.1144444444445,0,Champions
15515,387,1,171.81,2010-11-17 13:39:00,2010-11-17 13:39:00,United Kingdom,387,171.81,1,Achats anciens à faible montant
15516,45,3,62.43,2011-10-24 11:33:00,2011-10-26 10:51:00,United Kingdom,47,20.81,3,Achats récents occasionnels
15517,233,1,267.03,2011-04-20 14:02:00,2011-04-20 14:02:00,United Kingdom,233,267.03,1,Achats anciens à faible montant
15518,64,15,4189.99,2009-12-20 12:21:00,2011-10-06 13:05:00,United Kingdom,720,279.3326666666666,2,Actifs à montant élevé
15519,383,2,344.61,2010-09-19 13:57:00,2010-11-21 14:35:00,United Kingdom,446,172.305,1,Achats anciens à faible montant
15520,2,1,343.5,2011-12-08 10:58:00,2011-12-08 10:58:00,United Kingdom,2,343.5,3,Achats récents occasionnels
15521,40,16,7098.24,2010-01-05 10:19:00,2011-10-30 13:42:00,United Kingdom,704,443.64,0,Champions
15522,33,2,397.99,2011-09-13 12:26:00,2011-11-07 11:26:00,United Kingdom,88,198.995,3,Achats récents occasionnels
15523,84,16,17259.19,2009-12-02 15:16:00,2011-09-16 16:29:00,United Kingdom,737,1078.699375,0,Champions
15524,25,2,591.4,2010-04-12 09:19:00,2011-11-15 12:09:00,United Kingdom,607,295.7,3,Achats récents occasionnels
15525,2,4,1165.15,2010-11-22 12:10:00,2011-12-07 14:43:00,United Kingdom,383,291.2875,3,Achats récents occasionnels
15526,33,2,148.44,2011-11-06 15:01:00,2011-11-06 15:04:00,United Kingdom,33,74.22,3,Achats récents occasionnels
15527,19,23,5554.89,2009-12-15 17:31:00,2011-11-21 12:17:00,United Kingdom,724,241.51695652173913,0,Champions
15528,254,1,229.33,2011-03-30 16:14:00,2011-03-30 16:14:00,United Kingdom,254,229.33,1,Achats anciens à faible montant
15529,23,12,5079.32,2010-11-10 14:26:00,2011-11-17 11:29:00,United Kingdom,394,423.27666666666664,2,Actifs à montant élevé
15530,22,5,1808.68,2010-07-15 11:10:00,2011-11-18 12:25:00,United Kingdom,513,361.736,2,Actifs à montant élevé
15531,8,2,1972.39,2011-11-09 17:47:00,2011-12-01 18:43:00,United Kingdom,30,986.195,3,Achats récents occasionnels
15532,25,10,3738.85,2010-06-08 14:52:00,2011-11-14 14:51:00,United Kingdom,549,373.885,2,Actifs à montant élevé
15533,19,3,807.57,2011-09-11 15:41:00,2011-11-20 15:35:00,United Kingdom,89,269.19,3,Achats récents occasionnels
15534,726,1,162.25,2009-12-14 12:48:00,2009-12-14 12:48:00,United Kingdom,726,162.25,1,Achats anciens à faible montant
15535,173,6,1044.3700000000001,2010-09-16 20:04:00,2011-06-19 16:02:00,United Kingdom,449,174.0616666666667,4,Achats anciens
15536,409,1,259.09,2010-10-26 16:31:00,2010-10-26 16:31:00,United Kingdom,409,259.09,1,Achats anciens à faible montant
15537,163,1,110.92,2011-06-29 13:10:00,2011-06-29 13:10:00,United Kingdom,163,110.92,1,Achats anciens à faible montant
15538,538,6,3358.3999999999996,2010-02-14 12:38:00,2010-06-20 10:49:00,United Kingdom,664,559.7333333333332,4,Achats anciens
15539,7,1,538.46,2011-12-02 13:36:00,2011-12-02 13:36:00,United Kingdom,7,538.46,3,Achats récents occasionnels
15540,11,2,460.68,2010-11-29 11:10:00,2011-11-28 13:51:00,United Kingdom,376,230.34,3,Achats récents occasionnels
15541,114,1,85.13000000000001,2011-08-17 14:58:00,2011-08-17 14:58:00,United Kingdom,114,85.13000000000001,1,Achats anciens à faible montant
15542,512,3,855.71,2009-12-02 11:53:00,2010-07-15 13:32:00,United Kingdom,738,285.2366666666667,4,Achats anciens
15543,288,2,242.26,2010-09-06 11:28:00,2011-02-24 15:26:00,United Kingdom,460,121.13,1,Achats anciens à faible montant
15544,9,20,8162.43,2010-01-28 14:39:00,2011-11-30 16:43:00,United Kingdom,680,408.1215,0,Champions
15545,54,2,424.3,2010-12-03 17:28:00,2011-10-16 13:24:00,United Kingdom,371,212.15,3,Achats récents occasionnels
15546,607,2,1079.1000000000001,2010-04-12 11:45:00,2010-04-12 11:51:00,United Kingdom,607,539.5500000000001,4,Achats anciens
15547,7,26,10057.05,2009-12-06 13:40:00,2011-12-02 12:52:00,United Kingdom,733,386.80961538461537,0,Champions
15548,596,1,158.09,2010-04-23 12:20:00,2010-04-23 12:20:00,United Kingdom,596,158.09,1,Achats anciens à faible montant
15549,77,8,2334.16,2010-01-11 13:16:00,2011-09-23 16:22:00,United Kingdom,697,291.77,2,Actifs à montant élevé
15550,4,12,2211.05,2009-12-03 15:15:00,2011-12-05 15:38:00,United Kingdom,736,184.2541666666667,0,Champions
15551,37,7,1679.81,2010-06-07 15:05:00,2011-11-03 12:37:00,United Kingdom,550,239.97285714285712,2,Actifs à montant élevé
15552,217,2,252.52,2010-03-26 16:17:00,2011-05-06 14:47:00,United Kingdom,623,126.26,1,Achats anciens à faible montant
15553,60,1,428.93,2011-10-10 14:02:00,2011-10-10 14:02:00,United Kingdom,60,428.93,3,Achats récents occasionnels
15554,278,1,217.2,2011-03-07 09:00:00,2011-03-07 09:00:00,United Kingdom,278,217.2,1,Achats anciens à faible montant
15555,12,36,12062.69,2009-12-06 11:58:00,2011-11-27 16:19:00,United Kingdom,734,335.07472222222225,0,Champions
15556,24,1,279.77,2011-11-15 16:08:00,2011-11-15 16:08:00,United Kingdom,24,279.77,3,Achats récents occasionnels
15557,29,1,468.91,2011-11-11 12:46:00,2011-11-11 12:46:00,United Kingdom,29,468.91,3,Achats récents occasionnels
15558,639,1,202.68,2010-03-10 15:25:00,2010-03-10 15:25:00,United Kingdom,639,202.68,1,Achats anciens à faible montant
15559,568,1,1109.4,2010-05-20 14:06:00,2010-05-20 14:06:00,United Kingdom,568,1109.4,4,Achats anciens
15560,398,2,153.52,2010-11-07 10:14:00,2010-11-07 10:15:00,United Kingdom,398,76.76,1,Achats anciens à faible montant
15561,12,8,1934.3899999999999,2010-02-14 12:22:00,2011-11-28 11:07:00,United Kingdom,664,241.79874999999998,2,Actifs à montant élevé
15562,352,3,671.4300000000001,2009-12-13 15:17:00,2010-12-23 09:55:00,United Kingdom,726,223.81000000000003,4,Achats anciens
15563,22,7,2859.46,2010-01-28 11:36:00,2011-11-17 14:50:00,United Kingdom,681,408.4942857142857,2,Actifs à montant élevé
15564,463,2,70.74000000000001,2010-02-01 15:58:00,2010-09-02 15:52:00,United Kingdom,676,35.370000000000005,1,Achats anciens à faible montant
15565,50,2,173.16,2011-09-30 10:44:00,2011-10-20 14:33:00,United Kingdom,71,86.58,3,Achats récents occasionnels
15566,393,2,227.87,2009-12-15 14:53:00,2010-11-12 12:11:00,United Kingdom,724,113.935,1,Achats anciens à faible montant
15567,19,1,186.01,2011-11-21 10:48:00,2011-11-21 10:48:00,United Kingdom,19,186.01,3,Achats récents occasionnels
15568,3,3,758.29,2011-09-27 14:37:00,2011-12-07 11:27:00,United Kingdom,73,252.76333333333332,3,Achats récents occasionnels
15569,104,10,3583.45,2010-02-28 10:55:00,2011-08-28 10:15:00,United Kingdom,650,358.34499999999997,2,Actifs à montant élevé
15570,7,25,9254.14,2010-03-28 14:04:00,2011-12-02 14:47:00,United Kingdom,621,370.1656,0,Champions
15571,12,14,3892.35,2009-12-06 12:10:00,2011-11-28 10:02:00,United Kingdom,734,278.025,0,Champions
15572,5,10,3965.2,2010-04-14 14:38:00,2011-12-05 10:09:00,United Kingdom,604,396.52,0,Champions
15573,32,5,1188.42,2009-12-10 14:19:00,2011-11-08 11:38:00,United Kingdom,729,237.68400000000003,2,Actifs à montant élevé
15574,178,6,1450.48,2010-09-01 14:37:00,2011-06-15 12:01:00,United Kingdom,464,241.74666666666667,4,Achats anciens
15575,620,1,30.1,2010-03-30 12:50:00,2010-03-30 12:50:00,United Kingdom,620,30.1,1,Achats anciens à faible montant
15576,38,1,921.37,2011-11-02 12:03:00,2011-11-02 12:03:00,United Kingdom,38,921.37,3,Achats récents occasionnels
15577,151,5,396.03000000000003,2009-12-13 16:17:00,2011-07-11 17:03:00,United Kingdom,726,79.206,4,Achats anciens
15578,162,1,127.1,2011-06-30 13:03:00,2011-06-30 13:03:00,United Kingdom,162,127.1,1,Achats anciens à faible montant
15579,69,5,1250.63,2010-10-03 14:37:00,2011-10-02 12:45:00,United Kingdom,432,250.12600000000003,2,Actifs à montant élevé
15580,377,8,1375.39,2010-02-07 11:21:00,2010-11-28 11:00:00,United Kingdom,671,171.92375,4,Achats anciens
15581,121,38,7752.74,2009-12-02 12:19:00,2011-08-11 09:38:00,United Kingdom,738,204.0194736842105,0,Champions
15582,25,3,682.9100000000001,2011-05-03 13:36:00,2011-11-15 09:55:00,United Kingdom,220,227.63666666666668,3,Achats récents occasionnels
15583,376,1,95.96,2010-11-28 15:04:00,2010-11-28 15:04:00,United Kingdom,376,95.96,1,Achats anciens à faible montant
15584,24,6,1268.2,2010-02-07 12:16:00,2011-11-16 10:55:00,United Kingdom,671,211.36666666666667,2,Actifs à montant élevé
15585,177,1,455.3,2011-06-16 08:38:00,2011-06-16 08:38:00,United Kingdom,177,455.3,1,Achats anciens à faible montant
15586,593,3,1139.1,2010-01-08 10:02:00,2010-04-26 11:00:00,United Kingdom,701,379.7,4,Achats anciens
15587,50,7,1522.0800000000002,2010-08-05 08:44:00,2011-10-20 13:37:00,United Kingdom,492,217.44000000000003,2,Actifs à montant élevé
15588,678,1,579.6,2010-01-31 12:19:00,2010-01-31 12:19:00,United Kingdom,678,579.6,1,Achats anciens à faible montant
15589,256,3,478.53000000000003,2011-02-02 10:46:00,2011-03-29 09:54:00,United Kingdom,311,159.51000000000002,4,Achats anciens
15590,382,5,1496.6,2010-04-12 10:09:00,2010-11-22 14:49:00,United Kingdom,607,299.32,4,Achats anciens
15591,583,3,217.9,2010-02-04 09:20:00,2010-05-06 09:23:00,United Kingdom,674,72.63333333333334,1,Achats anciens à faible montant
15592,47,1,388.58,2011-10-24 08:59:00,2011-10-24 08:59:00,United Kingdom,47,388.58,3,Achats récents occasionnels
15593,71,1,199.8,2011-09-30 11:46:00,2011-09-30 11:46:00,United Kingdom,71,199.8,1,Achats anciens à faible montant
15594,16,5,1771.78,2011-04-19 10:08:00,2011-11-24 08:53:00,United Kingdom,235,354.356,2,Actifs à montant élevé
15595,488,1,357.6,2010-08-09 12:27:00,2010-08-09 12:27:00,United Kingdom,488,357.6,1,Achats anciens à faible montant
15596,101,9,3130.04,2010-07-28 11:46:00,2011-08-31 10:55:00,United Kingdom,500,347.78222222222223,2,Actifs à montant élevé
15597,35,2,563.37,2010-05-13 13:10:00,2011-11-04 13:26:00,United Kingdom,575,281.685,3,Achats récents occasionnels
15598,53,2,548.02,2010-10-08 09:20:00,2011-10-17 16:04:00,United Kingdom,428,274.01,3,Achats récents occasionnels
15599,27,3,1250.06,2010-09-20 10:15:00,2011-11-13 11:44:00,United Kingdom,446,416.68666666666667,3,Achats récents occasionnels
15600,428,4,1199.31,2010-04-25 11:50:00,2010-10-07 14:30:00,United Kingdom,594,299.8275,4,Achats anciens
15601,11,30,14960.12,2009-12-01 14:53:00,2011-11-28 15:15:00,United Kingdom,738,498.6706666666667,0,Champions
15602,8,16,3230.51,2009-12-02 09:35:00,2011-12-01 14:14:00,United Kingdom,738,201.906875,0,Champions
15603,79,2,88.48,2010-03-01 16:02:00,2011-09-22 10:04:00,United Kingdom,648,44.24,1,Achats anciens à faible montant
15604,52,1,216.39,2011-10-18 14:47:00,2011-10-18 14:47:00,United Kingdom,52,216.39,3,Achats récents occasionnels
15605,36,9,1936.8,2010-01-14 14:03:00,2011-11-03 14:17:00,United Kingdom,694,215.2,2,Actifs à montant élevé
15606,61,17,5230.99,2010-03-02 14:48:00,2011-10-09 15:47:00,United Kingdom,647,307.70529411764704,2,Actifs à montant élevé
15607,337,9,1708.97,2010-01-08 12:16:00,2011-01-07 12:44:00,United Kingdom,701,189.88555555555556,4,Achats anciens
15608,28,5,1785.98,2010-10-20 10:10:00,2011-11-11 13:20:00,United Kingdom,416,357.196,2,Actifs à montant élevé
15609,184,1,298.48,2011-06-08 13:00:00,2011-06-08 13:00:00,United Kingdom,184,298.48,1,Achats anciens à faible montant
15610,52,1,112.46000000000001,2011-10-19 10:36:00,2011-10-19 10:36:00,United Kingdom,52,112.46000000000001,1,Achats anciens à faible montant
15611,10,26,2997.28,2010-01-25 14:50:00,2011-11-30 12:36:00,United Kingdom,683,115.28,0,Champions
15612,36,2,195.15,2011-10-09 12:49:00,2011-11-03 14:52:00,United Kingdom,62,97.575,3,Achats récents occasionnels
15613,610,1,433.71999999999997,2010-04-08 12:51:00,2010-04-08 12:51:00,United Kingdom,610,433.71999999999997,1,Achats anciens à faible montant
15614,438,4,3147.36,2010-03-23 11:13:00,2010-09-28 10:46:00,United Kingdom,627,786.84,4,Achats anciens
15615,10,47,21373.97,2009-12-02 15:28:00,2011-11-29 14:42:00,United Kingdom,737,454.7653191489362,0,Champions
15616,438,1,317.11,2010-09-27 13:10:00,2010-09-27 13:10:00,United Kingdom,438,317.11,1,Achats anciens à faible montant
15617,396,3,828.5500000000001,2010-07-20 13:16:00,2010-11-08 16:07:00,United Kingdom,507,276.18333333333334,4,Achats anciens
15618,33,4,776.851,2011-07-26 10:13:00,2011-11-07 08:34:00,United Kingdom,137,194.21275,3,Achats récents occasionnels
15619,11,1,336.40000000000003,2011-11-29 08:14:00,2011-11-29 08:14:00,United Kingdom,11,336.40000000000003,3,Achats récents occasionnels
15620,57,4,1942.36,2010-10-26 11:32:00,2011-10-14 12:41:00,United Kingdom,410,485.59,2,Actifs à montant élevé
15621,4,4,1293.03,2011-11-18 11:49:00,2011-12-05 14:01:00,United Kingdom,22,323.2575,3,Achats récents occasionnels
15622,43,17,7852.61,2010-03-04 10:29:00,2011-10-27 16:44:00,United Kingdom,646,461.9182352941176,0,Champions
15623,141,8,2437.05,2009-12-10 14:46:00,2011-07-21 17:26:00,United Kingdom,729,304.63125,2,Actifs à montant élevé
15624,117,4,588.13,2011-03-28 13:32:00,2011-08-15 11:38:00,United Kingdom,256,147.0325,4,Achats anciens
15625,104,9,3236.4,2010-06-15 15:23:00,2011-08-28 10:21:00,United Kingdom,542,359.6,2,Actifs à montant élevé
15626,75,3,1067.52,2010-10-14 17:16:00,2011-09-26 10:03:00,United Kingdom,421,355.84,4,Achats anciens
15627,457,2,566.9,2010-07-05 11:56:00,2010-09-08 14:14:00,United Kingdom,523,283.45,4,Achats anciens
15628,5,17,5652.26,2009-12-13 13:39:00,2011-12-05 10:24:00,United Kingdom,726,332.4858823529412,0,Champions
15629,450,4,2240.9,2010-06-25 11:39:00,2010-09-15 13:46:00,United Kingdom,533,560.225,4,Achats anciens
15630,45,3,1481.4,2010-03-05 14:30:00,2011-10-25 15:36:00,United Kingdom,644,493.8,3,Achats récents occasionnels
15631,642,1,596.67,2010-03-07 14:52:00,2010-03-07 14:52:00,United Kingdom,642,596.67,1,Achats anciens à faible montant
15632,16,8,3285.31,2011-03-10 08:29:00,2011-11-24 09:51:00,United Kingdom,275,410.66375,2,Actifs à montant élevé
15633,509,13,4335.96,2009-12-08 17:51:00,2010-07-18 13:54:00,United Kingdom,731,333.5353846153846,2,Actifs à montant élevé
15634,17,2,554.65,2010-11-21 15:30:00,2011-11-22 16:28:00,United Kingdom,383,277.325,3,Achats récents occasionnels
15635,396,1,100.35,2010-11-09 08:58:00,2010-11-09 08:58:00,United Kingdom,396,100.35,1,Achats anciens à faible montant
15636,90,4,1444.58,2010-05-19 11:37:00,2011-09-11 11:17:00,United Kingdom,570,361.145,4,Achats anciens
15637,53,5,797.59,2009-12-15 17:54:00,2011-10-18 08:28:00,United Kingdom,724,159.518,3,Achats récents occasionnels
15638,379,6,2265.2,2010-04-08 14:37:00,2010-11-26 11:52:00,United Kingdom,610,377.5333333333333,4,Achats anciens
15639,134,3,1065.08,2010-04-13 13:11:00,2011-07-28 14:30:00,United Kingdom,605,355.02666666666664,4,Achats anciens
15640,4,29,23828.03,2009-12-14 16:36:00,2011-12-05 14:35:00,United Kingdom,725,821.6562068965517,0,Champions
15641,105,12,5345.55,2009-12-06 15:31:00,2011-08-26 14:04:00,United Kingdom,733,445.46250000000003,2,Actifs à montant élevé
15642,730,1,105.78000000000002,2009-12-10 11:51:00,2009-12-10 11:51:00,United Kingdom,730,105.78000000000002,1,Achats anciens à faible montant
15643,192,3,664.0,2011-03-02 14:34:00,2011-06-01 07:38:00,United Kingdom,282,221.33333333333334,4,Achats anciens
15644,166,4,803.54,2011-03-23 15:37:00,2011-06-26 14:54:00,United Kingdom,261,200.885,4,Achats anciens
15645,19,3,1055.17,2010-10-10 12:51:00,2011-11-21 11:55:00,United Kingdom,425,351.72333333333336,3,Achats récents occasionnels
15646,158,5,974.61,2010-10-25 13:06:00,2011-07-05 09:53:00,United Kingdom,410,194.922,4,Achats anciens
15647,415,1,169.0,2010-10-20 15:09:00,2010-10-20 15:09:00,United Kingdom,415,169.0,1,Achats anciens à faible montant
15648,204,2,639.5,2011-03-17 18:59:00,2011-05-19 15:53:00,United Kingdom,267,319.75,4,Achats anciens
15649,336,4,2170.35,2010-11-17 16:22:00,2011-01-07 13:34:00,United Kingdom,387,542.5875,4,Achats anciens
15650,522,2,553.88,2010-03-21 11:46:00,2010-07-06 10:41:00,United Kingdom,629,276.94,4,Achats anciens
15651,37,5,1259.06,2010-04-22 13:26:00,2011-11-03 08:41:00,United Kingdom,596,251.81199999999998,2,Actifs à montant élevé
15652,91,5,1405.94,2010-08-11 16:58:00,2011-09-09 14:22:00,United Kingdom,485,281.188,4,Achats anciens
15653,93,2,877.4399999999999,2011-08-16 09:50:00,2011-09-08 10:49:00,United Kingdom,116,438.71999999999997,4,Achats anciens
15654,9,2,922.53,2011-11-13 15:15:00,2011-11-30 13:08:00,United Kingdom,26,461.265,3,Achats récents occasionnels
15655,243,1,560.67,2011-04-10 15:25:00,2011-04-10 15:25:00,United Kingdom,243,560.67,1,Achats anciens à faible montant
15656,45,4,748.5,2011-02-28 15:32:00,2011-10-25 14:56:00,United Kingdom,284,187.125,3,Achats récents occasionnels
15657,23,1,30.0,2011-11-17 12:19:00,2011-11-17 12:19:00,United Kingdom,23,30.0,3,Achats récents occasionnels
15658,190,8,2423.4700000000003,2009-12-03 11:19:00,2011-06-02 15:22:00,United Kingdom,737,302.93375000000003,2,Actifs à montant élevé
15659,44,3,532.49,2010-02-24 13:32:00,2011-10-27 09:23:00,United Kingdom,653,177.49666666666667,3,Achats récents occasionnels
15660,25,15,2812.99,2010-02-05 16:01:00,2011-11-14 16:58:00,United Kingdom,672,187.53266666666664,2,Actifs à montant élevé
15661,317,8,1215.95,2010-05-10 07:59:00,2011-01-26 13:56:00,United Kingdom,579,151.99375,4,Achats anciens
15662,661,2,283.73,2009-12-01 13:49:00,2010-02-16 16:47:00,United Kingdom,738,141.865,1,Achats anciens à faible montant
15663,106,1,138.14,2011-08-25 15:50:00,2011-08-25 15:50:00,United Kingdom,106,138.14,1,Achats anciens à faible montant
15664,51,4,1254.03,2010-02-28 12:50:00,2011-10-20 10:57:00,United Kingdom,650,313.5075,3,Achats récents occasionnels
15665,168,5,3987.07,2010-03-14 15:07:00,2011-06-24 14:57:00,United Kingdom,635,797.414,4,Achats anciens
15666,472,2,632.9399999999999,2010-08-01 15:41:00,2010-08-24 16:14:00,United Kingdom,495,316.46999999999997,4,Achats anciens
15667,40,1,301.32,2011-10-31 10:56:00,2011-10-31 10:56:00,United Kingdom,40,301.32,3,Achats récents occasionnels
15668,218,1,76.32000000000001,2011-05-06 10:39:00,2011-05-06 10:39:00,United Kingdom,218,76.32000000000001,1,Achats anciens à faible montant
15669,40,4,684.34,2011-03-21 09:13:00,2011-10-30 16:03:00,United Kingdom,264,171.085,3,Achats récents occasionnels
15670,297,2,325.2,2010-06-01 15:34:00,2011-02-16 10:50:00,United Kingdom,556,162.6,1,Achats anciens à faible montant
15671,19,7,2657.13,2011-03-14 09:37:00,2011-11-21 12:43:00,United Kingdom,271,379.59000000000003,2,Actifs à montant élevé
15672,725,1,45.300000000000004,2009-12-14 16:52:00,2009-12-14 16:52:00,United Kingdom,725,45.300000000000004,1,Achats anciens à faible montant
15673,88,9,6204.32,2010-02-22 14:28:00,2011-09-12 16:12:00,United Kingdom,655,689.3688888888888,2,Actifs à montant élevé
15674,73,13,6948.2300000000005,2009-12-08 17:08:00,2011-09-27 15:17:00,United Kingdom,731,534.4792307692308,2,Actifs à montant élevé
15675,81,4,542.04,2010-10-31 14:14:00,2011-09-19 13:48:00,United Kingdom,404,135.51,4,Achats anciens
15676,19,3,3435.76,2011-03-01 10:19:00,2011-11-21 12:40:00,United Kingdom,284,1145.2533333333333,2,Actifs à montant élevé
15677,49,3,1305.63,2010-09-02 12:08:00,2011-10-21 15:36:00,United Kingdom,464,435.21000000000004,3,Achats récents occasionnels
15678,53,3,1825.94,2010-07-05 12:49:00,2011-10-18 09:25:00,United Kingdom,523,608.6466666666666,3,Achats récents occasionnels
15679,24,4,781.28,2011-06-10 08:24:00,2011-11-15 16:19:00,United Kingdom,183,195.32,3,Achats récents occasionnels
15680,9,10,4507.58,2009-12-02 12:15:00,2011-11-30 13:46:00,United Kingdom,738,450.758,2,Actifs à montant élevé
15681,25,14,2989.7,2010-05-24 14:18:00,2011-11-14 16:30:00,United Kingdom,564,213.54999999999998,2,Actifs à montant élevé
15682,599,2,318.24,2010-01-21 14:37:00,2010-04-19 15:30:00,United Kingdom,687,159.12,1,Achats anciens à faible montant
15683,117,2,524.54,2010-08-23 12:01:00,2011-08-14 12:56:00,United Kingdom,474,262.27,4,Achats anciens
15684,547,3,173.95,2009-12-04 16:13:00,2010-06-10 18:51:00,United Kingdom,735,57.98333333333333,1,Achats anciens à faible montant
15685,450,1,55.980000000000004,2010-09-15 13:43:00,2010-09-15 13:43:00,United Kingdom,450,55.980000000000004,1,Achats anciens à faible montant
15686,420,1,90.0,2010-10-15 13:50:00,2010-10-15 13:50:00,United Kingdom,420,90.0,1,Achats anciens à faible montant
15687,9,9,2993.1,2011-01-13 15:13:00,2011-12-01 08:33:00,United Kingdom,330,332.56666666666666,2,Actifs à montant élevé
15688,419,1,190.57,2010-10-17 12:06:00,2010-10-17 12:06:00,United Kingdom,419,190.57,1,Achats anciens à faible montant
15689,120,3,521.03,2010-04-01 09:53:00,2011-08-12 09:37:00,United Kingdom,618,173.67666666666665,4,Achats anciens
15690,4,2,239.76,2011-08-31 11:40:00,2011-12-05 15:59:00,United Kingdom,101,119.88,3,Achats récents occasionnels
15691,252,4,571.3,2009-12-06 16:01:00,2011-04-01 15:13:00,United Kingdom,733,142.825,4,Achats anciens
15692,28,1,191.04,2011-11-11 14:12:00,2011-11-11 14:12:00,United Kingdom,28,191.04,3,Achats récents occasionnels
15693,659,1,37.5,2010-02-18 14:37:00,2010-02-18 14:37:00,United Kingdom,659,37.5,1,Achats anciens à faible montant
15694,1,24,10810.81,2009-12-07 15:43:00,2011-12-09 09:44:00,United Kingdom,732,450.4504166666666,0,Champions
15695,267,4,1131.04,2010-01-27 10:56:00,2011-03-18 08:32:00,United Kingdom,682,282.76,4,Achats anciens
15696,33,13,3881.2200000000003,2010-01-24 14:36:00,2011-11-06 14:02:00,United Kingdom,684,298.55538461538464,2,Actifs à montant élevé
15697,690,1,246.75,2010-01-19 09:10:00,2010-01-19 09:10:00,United Kingdom,690,246.75,1,Achats anciens à faible montant
15698,624,1,46.2,2010-03-25 17:38:00,2010-03-25 17:38:00,United Kingdom,624,46.2,1,Achats anciens à faible montant
15699,18,1,309.65,2011-11-22 08:26:00,2011-11-22 08:26:00,United Kingdom,18,309.65,3,Achats récents occasionnels
15700,172,2,696.68,2011-06-19 15:36:00,2011-06-20 16:53:00,United Kingdom,173,348.34,4,Achats anciens
15701,2,4,1529.0,2011-08-21 12:36:00,2011-12-07 14:39:00,United Kingdom,111,382.25,3,Achats récents occasionnels
15702,476,2,140.39000000000001,2010-01-26 17:23:00,2010-08-20 14:50:00,Nigeria,682,70.19500000000001,1,Achats anciens à faible montant
15703,265,1,211.5,2011-03-20 10:51:00,2011-03-20 10:51:00,United Kingdom,265,211.5,1,Achats anciens à faible montant
15704,140,6,3734.6600000000003,2010-05-05 14:51:00,2011-07-22 13:35:00,United Kingdom,583,622.4433333333334,2,Actifs à montant élevé
15705,201,1,143.1,2011-05-22 15:37:00,2011-05-22 15:37:00,United Kingdom,201,143.1,1,Achats anciens à faible montant
15706,64,4,1060.56,2011-08-15 14:32:00,2011-10-07 10:09:00,United Kingdom,116,265.14,4,Achats anciens
15707,35,4,916.98,2011-09-14 14:19:00,2011-11-04 14:35:00,United Kingdom,86,229.245,3,Achats récents occasionnels
15708,41,9,4204.4400000000005,2010-10-10 11:33:00,2011-10-30 10:54:00,United Kingdom,426,467.1600000000001,2,Actifs à montant élevé
15709,284,2,327.85,2010-04-29 18:31:00,2011-03-01 10:38:00,United Kingdom,589,163.925,1,Achats anciens à faible montant
15710,417,1,898.87,2010-10-18 17:05:00,2010-10-18 17:05:00,United Kingdom,417,898.87,4,Achats anciens
15711,557,2,420.25,2010-01-24 12:13:00,2010-06-01 12:14:00,United Kingdom,685,210.125,1,Achats anciens à faible montant
15712,9,12,3472.4100000000003,2009-12-01 11:17:00,2011-11-30 14:09:00,United Kingdom,739,289.3675,0,Champions
15713,143,4,1010.79,2009-12-16 09:41:00,2011-07-19 13:34:00,United Kingdom,724,252.6975,4,Achats anciens
15714,12,5,783.96,2010-06-02 12:08:00,2011-11-28 11:26:00,United Kingdom,556,156.792,3,Achats récents occasionnels
15715,556,5,658.02,2010-03-30 12:17:00,2010-06-02 09:56:00,United Kingdom,620,131.60399999999998,4,Achats anciens
15716,146,11,3014.66,2009-12-07 12:42:00,2011-07-17 11:59:00,United Kingdom,733,274.06,2,Actifs à montant élevé
15717,234,5,607.0,2010-04-26 10:41:00,2011-04-19 13:21:00,United Kingdom,593,121.4,4,Achats anciens
15718,540,1,293.79,2010-06-17 16:20:00,2010-06-17 16:20:00,United Kingdom,540,293.79,1,Achats anciens à faible montant
15719,33,31,10195.97,2009-12-01 12:47:00,2011-11-07 12:29:00,United Kingdom,739,328.9022580645161,0,Champions
15720,24,2,739.22,2010-06-07 15:40:00,2011-11-15 14:48:00,United Kingdom,550,369.61,3,Achats récents occasionnels
15721,12,1,471.40000000000003,2011-11-28 12:14:00,2011-11-28 12:14:00,United Kingdom,12,471.40000000000003,3,Achats récents occasionnels
15722,36,11,5234.0,2010-03-09 15:05:00,2011-11-04 11:43:00,United Kingdom,640,475.8181818181818,2,Actifs à montant élevé
15723,365,4,930.7,2010-05-14 12:55:00,2010-12-10 11:12:00,United Kingdom,574,232.675,4,Achats anciens
15724,201,3,310.85,2010-11-04 10:22:00,2011-05-22 14:40:00,United Kingdom,401,103.61666666666667,1,Achats anciens à faible montant
15725,15,1,415.25,2011-11-24 14:51:00,2011-11-24 14:51:00,United Kingdom,15,415.25,3,Achats récents occasionnels
15726,390,1,321.91,2010-11-14 16:12:00,2010-11-14 16:12:00,United Kingdom,390,321.91,1,Achats anciens à faible montant
15727,17,15,9371.71,2010-01-24 12:12:00,2011-11-23 12:36:00,United Kingdom,685,624.7806666666667,0,Champions
15728,380,2,544.6,2010-09-21 14:46:00,2010-11-25 10:39:00,United Kingdom,444,272.3,4,Achats anciens
15729,213,3,192.55,2010-11-01 13:44:00,2011-05-11 12:36:00,United Kingdom,403,64.18333333333334,1,Achats anciens à faible montant
15730,66,5,1726.58,2010-10-04 14:15:00,2011-10-05 12:31:00,United Kingdom,431,345.316,2,Actifs à montant élevé
15731,554,1,125.3,2010-06-04 10:10:00,2010-06-04 10:10:00,United Kingdom,554,125.3,1,Achats anciens à faible montant
15732,212,10,1682.07,2010-02-04 10:10:00,2011-05-11 14:24:00,United Kingdom,674,168.207,2,Actifs à montant élevé
15733,283,1,162.3,2011-03-02 09:05:00,2011-03-02 09:05:00,United Kingdom,283,162.3,1,Achats anciens à faible montant
15734,115,4,2263.3,2010-06-10 14:25:00,2011-08-17 10:50:00,United Kingdom,547,565.825,4,Achats anciens
15735,421,1,327.68,2010-10-14 13:38:00,2010-10-14 13:38:00,United Kingdom,421,327.68,1,Achats anciens à faible montant
15736,435,2,1767.12,2010-09-30 14:19:00,2010-09-30 14:20:00,United Kingdom,435,883.56,4,Achats anciens
15737,15,8,1188.1200000000001,2011-04-11 10:01:00,2011-11-25 11:21:00,United Kingdom,243,148.51500000000001,2,Actifs à montant élevé
15738,19,41,13372.970000000001,2009-12-10 15:52:00,2011-11-21 08:26:00,United Kingdom,729,326.17,0,Champions
15739,66,1,449.12,2011-10-04 13:42:00,2011-10-04 13:42:00,United Kingdom,66,449.12,3,Achats récents occasionnels
15740,49,1,154.88,2011-10-21 14:29:00,2011-10-21 14:29:00,United Kingdom,49,154.88,3,Achats récents occasionnels
15741,458,2,208.62,2010-03-31 11:55:00,2010-09-07 16:21:00,United Kingdom,619,104.31,1,Achats anciens à faible montant
15742,619,1,156.87,2010-03-30 15:25:00,2010-03-30 15:25:00,United Kingdom,619,156.87,1,Achats anciens à faible montant
15743,16,4,775.96,2011-06-08 10:14:00,2011-11-23 17:19:00,United Kingdom,185,193.99,3,Achats récents occasionnels
15744,78,1,34.8,2011-09-23 09:52:00,2011-09-23 09:52:00,United Kingdom,78,34.8,1,Achats anciens à faible montant
15745,19,4,1094.59,2011-04-17 13:04:00,2011-11-20 13:45:00,United Kingdom,236,273.6475,3,Achats récents occasionnels
15746,134,1,196.88,2011-07-28 15:21:00,2011-07-28 15:21:00,United Kingdom,134,196.88,1,Achats anciens à faible montant
15747,13,9,2499.81,2010-01-18 11:21:00,2011-11-27 12:26:00,United Kingdom,691,277.75666666666666,2,Actifs à montant élevé
15748,40,3,609.8100000000001,2010-09-16 16:52:00,2011-10-30 12:51:00,United Kingdom,449,203.27,3,Achats récents occasionnels
15749,235,3,44534.3,2011-01-11 12:55:00,2011-04-18 13:20:00,United Kingdom,332,14844.766666666668,2,Actifs à montant élevé
15750,3,18,6793.511,2009-12-01 17:19:00,2011-12-07 12:34:00,United Kingdom,738,377.4172777777778,0,Champions
15751,461,11,1380.44,2009-12-06 13:08:00,2010-09-05 12:44:00,United Kingdom,733,125.49454545454546,4,Achats anciens
15752,40,9,4184.56,2010-09-08 11:56:00,2011-10-31 11:37:00,United Kingdom,458,464.9511111111112,2,Actifs à montant élevé
15753,305,1,79.2,2011-02-08 12:41:00,2011-02-08 12:41:00,United Kingdom,305,79.2,1,Achats anciens à faible montant
15754,51,9,3037.61,2010-02-22 13:31:00,2011-10-19 14:40:00,United Kingdom,655,337.51222222222225,2,Actifs à montant élevé
15755,10,17,5993.12,2009-12-04 08:24:00,2011-11-29 14:57:00,United Kingdom,736,352.53647058823526,0,Champions
15756,61,4,528.01,2011-04-04 14:00:00,2011-10-09 13:30:00,United Kingdom,249,132.0025,3,Achats récents occasionnels
15757,66,6,2940.36,2010-06-10 13:47:00,2011-10-05 12:14:00,United Kingdom,547,490.06,2,Actifs à montant élevé
15758,25,1,205.25,2011-11-15 10:48:00,2011-11-15 10:48:00,United Kingdom,25,205.25,3,Achats récents occasionnels
15759,218,7,830.9300000000001,2009-12-02 10:08:00,2011-05-05 15:13:00,United Kingdom,738,118.70428571428572,4,Achats anciens
15760,631,2,13916.34,2010-03-19 11:35:00,2010-03-19 11:45:00,Norway,631,6958.17,4,Achats anciens
15761,443,1,143.05,2010-09-23 09:33:00,2010-09-23 09:33:00,United Kingdom,443,143.05,1,Achats anciens à faible montant
15762,65,2,583.75,2011-09-23 15:17:00,2011-10-05 16:15:00,United Kingdom,77,291.875,3,Achats récents occasionnels
15763,32,2,1086.92,2011-09-23 12:10:00,2011-11-08 09:44:00,United Kingdom,78,543.46,3,Achats récents occasionnels
15764,88,8,4503.08,2010-08-18 13:58:00,2011-09-12 17:58:00,United Kingdom,478,562.885,2,Actifs à montant élevé
15765,667,1,370.63,2010-02-11 10:25:00,2010-02-11 10:25:00,United Kingdom,667,370.63,1,Achats anciens à faible montant
15766,64,3,831.06,2010-01-26 15:55:00,2011-10-06 17:03:00,United Kingdom,682,277.02,3,Achats récents occasionnels
15768,116,34,15308.89,2009-12-03 12:10:00,2011-08-16 10:48:00,United Kingdom,737,450.2614705882353,0,Champions
15769,7,46,88704.32,2009-12-11 09:58:00,2011-12-02 13:52:00,United Kingdom,729,1928.3547826086958,0,Champions
15770,613,1,321.45,2010-04-06 11:47:00,2010-04-06 11:47:00,United Kingdom,613,321.45,1,Achats anciens à faible montant
15771,604,3,1006.54,2010-01-15 12:14:00,2010-04-14 13:56:00,United Kingdom,694,335.5133333333333,4,Achats anciens
15772,418,1,280.88,2010-10-17 13:33:00,2010-10-17 13:33:00,United Kingdom,418,280.88,1,Achats anciens à faible montant
15773,6,2,774.52,2010-10-26 15:27:00,2011-12-04 12:48:00,United Kingdom,409,387.26,3,Achats récents occasionnels
15774,69,6,1288.34,2010-02-21 12:57:00,2011-10-02 12:04:00,United Kingdom,656,214.72333333333333,2,Actifs à montant élevé
15775,245,2,150.5,2010-03-18 07:32:00,2011-04-08 12:56:00,United Kingdom,632,75.25,1,Achats anciens à faible montant
15776,133,1,241.62,2011-07-29 13:46:00,2011-07-29 13:46:00,United Kingdom,133,241.62,1,Achats anciens à faible montant
15777,241,7,1762.61,2010-05-20 10:37:00,2011-04-12 16:43:00,United Kingdom,569,251.80142857142854,4,Achats anciens
15778,431,1,307.95,2010-10-04 15:10:00,2010-10-04 15:10:00,United Kingdom,431,307.95,1,Achats anciens à faible montant
15779,463,2,124.08000000000001,2010-06-25 15:55:00,2010-09-02 16:40:00,United Kingdom,532,62.040000000000006,1,Achats anciens à faible montant
15780,184,3,475.28000000000003,2010-12-17 11:43:00,2011-06-09 12:01:00,United Kingdom,358,158.42666666666668,4,Achats anciens
15781,25,3,345.46,2011-02-07 09:15:00,2011-11-14 14:57:00,United Kingdom,306,115.15333333333332,3,Achats récents occasionnels
15782,10,4,4014.1,2010-10-05 15:43:00,2011-11-30 10:49:00,United Kingdom,430,1003.525,2,Actifs à montant élevé
15783,11,1,246.3,2011-11-29 09:50:00,2011-11-29 09:50:00,United Kingdom,11,246.3,3,Achats récents occasionnels
15784,468,2,848.3299999999999,2010-02-05 14:42:00,2010-08-29 10:38:00,United Kingdom,672,424.16499999999996,4,Achats anciens
15785,33,16,5969.93,2009-12-15 16:28:00,2011-11-07 11:33:00,United Kingdom,724,373.120625,0,Champions
15786,46,5,8501.62,2010-06-21 10:13:00,2011-10-24 14:13:00,United Kingdom,537,1700.324,2,Actifs à montant élevé
15787,26,3,933.26,2011-10-09 13:11:00,2011-11-13 14:55:00,United Kingdom,61,311.08666666666664,3,Achats récents occasionnels
15788,509,1,221.82999999999998,2010-07-19 12:48:00,2010-07-19 12:48:00,United Kingdom,509,221.82999999999998,1,Achats anciens à faible montant
15789,358,6,1962.01,2010-03-26 11:21:00,2010-12-16 14:35:00,United Kingdom,624,327.00166666666667,4,Achats anciens
15790,10,1,218.75,2011-11-29 14:53:00,2011-11-29 14:53:00,United Kingdom,10,218.75,3,Achats récents occasionnels
15791,44,5,3608.34,2010-03-08 09:41:00,2011-10-27 10:14:00,United Kingdom,642,721.668,2,Actifs à montant élevé
15792,400,2,933.84,2010-03-31 09:42:00,2010-11-05 08:21:00,United Kingdom,619,466.92,4,Achats anciens
15793,15,8,2399.57,2009-12-01 12:54:00,2011-11-25 09:31:00,United Kingdom,738,299.94625,2,Actifs à montant élevé
15794,736,2,777.0,2009-12-02 15:10:00,2009-12-03 13:04:00,United Kingdom,737,388.5,4,Achats anciens
15795,150,8,1979.8700000000001,2010-01-18 11:31:00,2011-07-13 10:43:00,United Kingdom,691,247.48375000000001,2,Actifs à montant élevé
15796,1,17,5171.63,2010-03-31 13:10:00,2011-12-08 19:55:00,United Kingdom,618,304.21352941176474,0,Champions
15797,113,6,2821.08,2010-01-27 13:12:00,2011-08-18 17:04:00,United Kingdom,681,470.18,2,Actifs à montant élevé
15798,493,3,1535.37,2010-01-27 11:55:00,2010-08-04 09:13:00,United Kingdom,682,511.78999999999996,4,Achats anciens
15799,76,4,1421.34,2010-10-17 14:26:00,2011-09-25 12:46:00,United Kingdom,418,355.335,4,Achats anciens
15800,107,7,1227.07,2010-03-31 13:17:00,2011-08-24 14:23:00,United Kingdom,618,175.29571428571427,2,Actifs à montant élevé
15801,46,3,1063.95,2011-08-22 09:53:00,2011-10-24 13:52:00,United Kingdom,110,354.65000000000003,3,Achats récents occasionnels
15802,143,1,451.42,2011-07-20 11:38:00,2011-07-20 11:38:00,United Kingdom,143,451.42,1,Achats anciens à faible montant
15803,51,4,1929.66,2010-02-01 16:29:00,2011-10-19 14:56:00,United Kingdom,676,482.415,2,Actifs à montant élevé
15804,1,13,4206.39,2011-05-25 10:12:00,2011-12-09 12:31:00,United Kingdom,199,323.5684615384616,0,Champions
15805,23,30,10148.93,2009-12-10 12:57:00,2011-11-16 16:32:00,United Kingdom,729,338.29766666666666,0,Champions
15806,46,3,784.58,2011-03-08 09:24:00,2011-10-24 14:35:00,United Kingdom,277,261.5266666666667,3,Achats récents occasionnels
15807,50,5,1817.52,2010-02-11 15:32:00,2011-10-20 14:10:00,United Kingdom,666,363.504,2,Actifs à montant élevé
15808,306,21,18133.3,2009-12-01 16:30:00,2011-02-06 14:33:00,United Kingdom,738,863.4904761904761,2,Actifs à montant élevé
15809,36,7,1274.44,2010-06-22 14:23:00,2011-11-03 16:40:00,United Kingdom,535,182.06285714285715,2,Actifs à montant élevé
15810,79,8,2999.04,2010-02-04 18:18:00,2011-09-22 09:38:00,United Kingdom,673,374.88,2,Actifs à montant élevé
15811,22,7,3776.0,2010-11-16 16:46:00,2011-11-17 15:31:00,United Kingdom,388,539.4285714285714,2,Actifs à montant élevé
15812,107,12,5201.47,2009-12-15 13:40:00,2011-08-24 14:19:00,United Kingdom,724,433.4558333333334,2,Actifs à montant élevé
15813,208,2,1303.9099999999999,2011-04-14 09:09:00,2011-05-16 08:13:00,United Kingdom,240,651.9549999999999,4,Achats anciens
15814,17,6,2634.44,2010-04-15 14:31:00,2011-11-23 08:17:00,United Kingdom,603,439.0733333333333,2,Actifs à montant élevé
15815,64,5,2100.6,2011-03-25 08:43:00,2011-10-07 12:42:00,United Kingdom,260,420.12,2,Actifs à montant élevé
15816,542,2,144.14999999999998,2010-06-15 12:54:00,2010-06-15 13:36:00,United Kingdom,542,72.07499999999999,1,Achats anciens à faible montant
15817,421,3,2766.4,2010-06-14 13:31:00,2010-10-15 11:07:00,United Kingdom,543,922.1333333333333,4,Achats anciens
15818,588,1,340.5,2010-04-30 12:58:00,2010-04-30 12:58:00,United Kingdom,588,340.5,1,Achats anciens à faible montant
15819,49,10,3934.79,2010-03-18 11:08:00,2011-10-21 14:50:00,United Kingdom,632,393.479,2,Actifs à montant élevé
15820,320,1,206.98,2011-01-24 12:00:00,2011-01-24 12:00:00,United Kingdom,320,206.98,1,Achats anciens à faible montant
15821,44,2,570.96,2011-10-09 13:28:00,2011-10-26 15:48:00,United Kingdom,61,285.48,3,Achats récents occasionnels
15822,3,6,1840.06,2009-12-06 15:12:00,2011-12-06 14:50:00,United Kingdom,733,306.6766666666667,2,Actifs à montant élevé
15823,372,3,3897.17,2009-12-08 15:12:00,2010-12-02 15:08:00,United Kingdom,731,1299.0566666666666,4,Achats anciens
15824,453,2,890.94,2010-06-25 15:10:00,2010-09-12 13:20:00,United Kingdom,532,445.47,4,Achats anciens
15825,172,1,532.94,2011-06-20 13:27:00,2011-06-20 13:27:00,United Kingdom,172,532.94,1,Achats anciens à faible montant
15826,56,4,2598.28,2010-05-20 17:00:00,2011-10-14 16:05:00,United Kingdom,568,649.57,2,Actifs à montant élevé
15827,73,28,3794.07,2010-01-08 11:25:00,2011-09-27 15:35:00,United Kingdom,701,135.5025,0,Champions
15828,375,1,1108.82,2010-11-29 16:41:00,2010-11-29 16:41:00,United Kingdom,375,1108.82,4,Achats anciens
15829,99,2,636.14,2011-07-22 10:23:00,2011-09-01 16:45:00,United Kingdom,141,318.07,4,Achats anciens
15830,38,1,576.0,2011-11-02 10:40:00,2011-11-02 10:40:00,United Kingdom,38,576.0,3,Achats récents occasionnels
15831,58,3,794.64,2011-01-19 14:52:00,2011-10-12 13:14:00,United Kingdom,324,264.88,3,Achats récents occasionnels
15832,254,1,836.79,2011-03-30 15:29:00,2011-03-30 15:29:00,United Kingdom,254,836.79,4,Achats anciens
15833,738,1,80.4,2009-12-02 11:59:00,2009-12-02 11:59:00,United Kingdom,738,80.4,1,Achats anciens à faible montant
15834,70,7,3764.39,2010-10-11 14:05:00,2011-09-30 14:41:00,United Kingdom,424,537.77,2,Actifs à montant élevé
15835,44,4,954.09,2011-01-13 10:35:00,2011-10-26 15:47:00,United Kingdom,331,238.5225,3,Achats récents occasionnels
15836,50,1,137.37,2011-10-20 17:13:00,2011-10-20 17:13:00,United Kingdom,50,137.37,3,Achats récents occasionnels
15837,65,2,777.01,2010-08-11 10:16:00,2011-10-06 09:01:00,United Kingdom,486,388.505,3,Achats récents occasionnels
15838,11,34,74163.0,2009-12-15 09:51:00,2011-11-28 14:00:00,United Kingdom,725,2181.264705882353,0,Champions
15839,33,3,1048.49,2011-07-14 16:35:00,2011-11-06 13:54:00,United Kingdom,148,349.49666666666667,3,Achats récents occasionnels
15840,59,2,355.56,2011-06-20 11:42:00,2011-10-12 09:08:00,United Kingdom,173,177.78,3,Achats récents occasionnels
15841,73,9,2742.41,2009-12-10 08:29:00,2011-09-28 12:15:00,United Kingdom,730,304.7122222222222,2,Actifs à montant élevé
15842,393,2,548.8,2010-06-30 09:06:00,2010-11-11 14:08:00,United Kingdom,528,274.4,4,Achats anciens
15843,304,1,118.95000000000002,2011-02-09 10:19:00,2011-02-09 10:19:00,United Kingdom,304,118.95000000000002,1,Achats anciens à faible montant
15844,46,1,130.73999999999998,2011-10-24 15:19:00,2011-10-24 15:19:00,United Kingdom,46,130.73999999999998,3,Achats récents occasionnels
15845,18,11,4426.28,2010-01-26 14:44:00,2011-11-22 09:42:00,United Kingdom,682,402.3890909090909,2,Actifs à montant élevé
15846,385,1,107.01,2010-11-19 14:40:00,2010-11-19 14:40:00,United Kingdom,385,107.01,1,Achats anciens à faible montant
15847,38,5,822.57,2010-03-08 08:47:00,2011-11-01 14:41:00,United Kingdom,642,164.514,3,Achats récents occasionnels
15848,622,1,137.99,2010-03-28 10:54:00,2010-03-28 10:54:00,United Kingdom,622,137.99,1,Achats anciens à faible montant
15850,19,6,1006.75,2009-12-13 13:27:00,2011-11-20 14:14:00,United Kingdom,726,167.79166666666666,2,Actifs à montant élevé
15851,527,1,109.73,2010-07-01 12:34:00,2010-07-01 12:34:00,United Kingdom,527,109.73,1,Achats anciens à faible montant
15852,187,3,257.26,2010-07-01 10:16:00,2011-06-06 11:22:00,United Kingdom,527,85.75333333333333,1,Achats anciens à faible montant
15853,52,1,110.8,2011-10-19 10:38:00,2011-10-19 10:38:00,United Kingdom,52,110.8,1,Achats anciens à faible montant
15854,4,21,5578.28,2009-12-10 12:08:00,2011-12-05 13:39:00,United Kingdom,730,265.6323809523809,0,Champions
15855,137,6,1052.72,2010-08-20 17:15:00,2011-07-26 10:20:00,United Kingdom,476,175.45333333333335,4,Achats anciens
15856,4,52,33847.27,2009-12-03 14:02:00,2011-12-05 17:09:00,United Kingdom,736,650.9090384615384,0,Champions
15857,19,2,570.48,2010-10-05 16:43:00,2011-11-21 12:18:00,United Kingdom,430,285.24,3,Achats récents occasionnels
15858,16,13,3936.34,2009-12-10 11:42:00,2011-11-24 12:48:00,United Kingdom,730,302.79538461538465,2,Actifs à montant élevé
15859,432,1,438.46,2010-10-03 12:52:00,2010-10-03 12:52:00,United Kingdom,432,438.46,1,Achats anciens à faible montant
15860,41,17,2463.96,2009-12-06 12:31:00,2011-10-30 11:25:00,United Kingdom,734,144.93882352941176,2,Actifs à montant élevé
15861,12,12,4369.2,2010-01-28 19:41:00,2011-11-27 15:59:00,United Kingdom,680,364.09999999999997,0,Champions
15862,8,13,2866.52,2009-12-17 11:33:00,2011-12-01 13:28:00,United Kingdom,723,220.50153846153847,0,Champions
15863,26,5,355.1,2009-12-17 10:20:00,2011-11-14 12:49:00,United Kingdom,723,71.02000000000001,3,Achats récents occasionnels
15864,22,7,2180.76,2010-11-23 15:02:00,2011-11-17 13:32:00,United Kingdom,381,311.5371428571429,2,Actifs à montant élevé
15865,41,5,2241.42,2010-01-05 13:58:00,2011-10-30 12:43:00,United Kingdom,703,448.284,2,Actifs à montant élevé
15866,101,1,211.89,2011-08-30 14:09:00,2011-08-30 14:09:00,United Kingdom,101,211.89,1,Achats anciens à faible montant
15867,5,31,9034.95,2009-12-14 15:16:00,2011-12-04 13:32:00,United Kingdom,725,291.45000000000005,0,Champions
15868,583,1,94.53,2010-05-05 14:11:00,2010-05-05 14:11:00,United Kingdom,583,94.53,1,Achats anciens à faible montant
15869,277,3,321.11,2010-03-23 16:50:00,2011-03-07 17:23:00,United Kingdom,626,107.03666666666668,1,Achats anciens à faible montant
15870,33,4,857.46,2010-09-19 16:22:00,2011-11-07 10:58:00,United Kingdom,446,214.365,3,Achats récents occasionnels
15871,437,1,33.099999999999994,2010-09-28 14:16:00,2010-09-28 14:16:00,United Kingdom,437,33.099999999999994,1,Achats anciens à faible montant
15872,15,4,729.25,2010-06-07 14:53:00,2011-11-25 11:55:00,United Kingdom,550,182.3125,3,Achats récents occasionnels
15873,500,4,313.91999999999996,2010-07-27 11:58:00,2010-07-28 12:41:00,United Kingdom,501,78.47999999999999,4,Achats anciens
15874,64,21,11284.76,2010-01-07 13:56:00,2011-10-07 12:31:00,United Kingdom,701,537.3695238095238,0,Champions
15875,646,1,108.52,2010-03-03 16:51:00,2010-03-03 16:51:00,United Kingdom,646,108.52,1,Achats anciens à faible montant
15876,409,2,1449.1399999999999,2010-09-17 15:26:00,2010-10-26 18:58:00,United Kingdom,448,724.5699999999999,4,Achats anciens
15877,2,2,490.33,2011-11-22 11:18:00,2011-12-08 11:53:00,United Kingdom,18,245.165,3,Achats récents occasionnels
15878,562,2,330.77,2009-12-06 12:28:00,2010-05-27 12:17:00,United Kingdom,734,165.385,1,Achats anciens à faible montant
15879,404,4,1137.8,2009-12-17 19:54:00,2010-10-31 16:21:00,United Kingdom,722,284.45,4,Achats anciens
15880,369,1,658.0600000000001,2010-12-05 13:00:00,2010-12-05 13:00:00,United Kingdom,369,658.0600000000001,1,Achats anciens à faible montant
15881,312,5,501.39000000000004,2010-12-10 13:32:00,2011-01-31 16:59:00,United Kingdom,364,100.278,4,Achats anciens
15882,199,8,1495.98,2009-12-10 15:33:00,2011-05-25 11:35:00,United Kingdom,729,186.9975,4,Achats anciens
15883,2,2,396.48,2011-11-06 14:50:00,2011-12-07 17:05:00,United Kingdom,33,198.24,3,Achats récents occasionnels
15884,432,2,244.60000000000002,2009-12-03 18:23:00,2010-10-03 15:55:00,United Kingdom,736,122.30000000000001,1,Achats anciens à faible montant
15885,93,15,1951.82,2010-01-21 12:47:00,2011-09-08 10:43:00,United Kingdom,688,130.12133333333333,2,Actifs à montant élevé
15886,60,4,1052.8700000000001,2010-04-20 15:03:00,2011-10-10 14:25:00,United Kingdom,598,263.21750000000003,3,Achats récents occasionnels
15887,407,3,1027.15,2010-06-02 11:53:00,2010-10-29 08:36:00,United Kingdom,556,342.3833333333334,4,Achats anciens
15888,81,3,429.16,2010-07-01 11:51:00,2011-09-20 12:30:00,United Kingdom,527,143.05333333333334,3,Achats récents occasionnels
15889,157,8,1699.67,2009-12-10 12:21:00,2011-07-06 11:10:00,United Kingdom,730,212.45875,2,Actifs à montant élevé
15890,395,5,535.65,2010-04-14 08:43:00,2010-11-10 12:46:00,United Kingdom,605,107.13,4,Achats anciens
15891,227,1,511.68,2011-04-27 12:35:00,2011-04-27 12:35:00,United Kingdom,227,511.68,1,Achats anciens à faible montant
15892,669,1,128.2,2010-02-08 16:23:00,2010-02-08 16:23:00,United Kingdom,669,128.2,1,Achats anciens à faible montant
15893,482,1,305.28000000000003,2010-08-15 11:12:00,2010-08-15 11:12:00,United Kingdom,482,305.28000000000003,1,Achats anciens à faible montant
15894,253,2,409.69,2010-12-05 14:06:00,2011-03-31 13:50:00,United Kingdom,369,204.845,1,Achats anciens à faible montant
15895,150,1,179.17,2011-07-13 10:27:00,2011-07-13 10:27:00,United Kingdom,150,179.17,1,Achats anciens à faible montant
15897,194,2,208.59,2011-05-29 13:32:00,2011-05-29 13:50:00,United Kingdom,194,104.295,1,Achats anciens à faible montant
15898,1,25,5513.09,2009-12-11 16:11:00,2011-12-08 15:23:00,United Kingdom,728,220.52360000000002,0,Champions
15899,369,1,112.5,2010-12-06 10:36:00,2010-12-06 10:36:00,United Kingdom,369,112.5,1,Achats anciens à faible montant
15900,24,4,886.5699999999999,2010-05-26 11:27:00,2011-11-16 12:19:00,United Kingdom,563,221.64249999999998,3,Achats récents occasionnels
15901,17,7,687.72,2010-06-14 12:39:00,2011-11-23 12:43:00,United Kingdom,544,98.24571428571429,2,Actifs à montant élevé
15902,380,1,145.01,2010-11-24 16:57:00,2010-11-24 16:57:00,United Kingdom,380,145.01,1,Achats anciens à faible montant
15903,10,12,8939.84,2010-01-14 10:57:00,2011-11-30 08:08:00,United Kingdom,695,744.9866666666667,0,Champions
15904,8,1,164.68,2011-12-01 14:50:00,2011-12-01 14:50:00,United Kingdom,8,164.68,3,Achats récents occasionnels
15905,543,1,114.69,2010-06-14 16:00:00,2010-06-14 16:00:00,United Kingdom,543,114.69,1,Achats anciens à faible montant
15906,20,10,2530.19,2010-09-15 12:17:00,2011-11-20 12:24:00,United Kingdom,451,253.019,2,Actifs à montant élevé
15907,4,3,882.72,2011-05-13 13:01:00,2011-12-06 12:21:00,United Kingdom,210,294.24,3,Achats récents occasionnels
15908,491,2,758.62,2010-07-15 19:21:00,2010-08-06 11:56:00,United Kingdom,512,379.31,4,Achats anciens
15909,174,1,191.94,2011-06-19 10:38:00,2011-06-19 10:38:00,United Kingdom,174,191.94,1,Achats anciens à faible montant
15910,1,15,2661.17,2010-01-21 11:51:00,2011-12-09 10:51:00,United Kingdom,688,177.41133333333335,0,Champions
15911,624,8,1700.24,2009-12-09 13:26:00,2010-03-26 12:06:00,United Kingdom,730,212.53,4,Achats anciens
15912,178,9,1074.7,2009-12-10 12:58:00,2011-06-14 14:29:00,United Kingdom,729,119.41111111111111,4,Achats anciens
15913,534,1,6.300000000000001,2010-06-23 16:31:00,2010-06-23 16:31:00,United Kingdom,534,6.300000000000001,1,Achats anciens à faible montant
15914,378,2,205.99,2010-11-26 16:09:00,2010-11-26 16:10:00,United Kingdom,378,102.995,1,Achats anciens à faible montant
15915,402,1,364.45,2010-11-03 11:13:00,2010-11-03 11:13:00,United Kingdom,402,364.45,1,Achats anciens à faible montant
15916,16,13,3377.69,2009-12-10 16:21:00,2011-11-23 13:46:00,United Kingdom,729,259.8223076923077,2,Actifs à montant élevé
15917,248,5,530.17,2009-12-02 14:55:00,2011-04-06 10:40:00,United Kingdom,737,106.03399999999999,4,Achats anciens
15918,191,3,582.88,2010-03-18 11:40:00,2011-06-02 11:42:00,United Kingdom,632,194.29333333333332,4,Achats anciens
15919,20,2,739.77,2010-12-06 11:26:00,2011-11-20 11:28:00,United Kingdom,369,369.885,3,Achats récents occasionnels
15920,154,9,569.14,2009-12-14 13:09:00,2011-07-08 15:31:00,United Kingdom,725,63.23777777777778,4,Achats anciens
15921,173,4,775.26,2010-03-09 11:03:00,2011-06-20 11:03:00,United Kingdom,641,193.815,4,Achats anciens
15922,373,1,739.0,2010-12-01 13:51:00,2010-12-01 13:51:00,United Kingdom,373,739.0,1,Achats anciens à faible montant
15923,373,1,254.16,2010-12-02 12:16:00,2010-12-02 12:16:00,United Kingdom,373,254.16,1,Achats anciens à faible montant
15924,731,1,102.82,2009-12-08 15:00:00,2009-12-08 15:00:00,United Kingdom,731,102.82,1,Achats anciens à faible montant
15925,194,1,207.15,2011-05-29 15:35:00,2011-05-29 15:35:00,United Kingdom,194,207.15,1,Achats anciens à faible montant
15926,542,1,134.44,2010-06-15 15:23:00,2010-06-15 15:23:00,United Kingdom,542,134.44,1,Achats anciens à faible montant
15927,647,1,106.54,2010-03-02 13:25:00,2010-03-02 13:25:00,United Kingdom,647,106.54,1,Achats anciens à faible montant
15928,656,1,293.53,2010-02-21 15:16:00,2010-02-21 15:16:00,United Kingdom,656,293.53,1,Achats anciens à faible montant
15929,644,1,594.0,2010-03-05 14:56:00,2010-03-05 14:56:00,United Kingdom,644,594.0,1,Achats anciens à faible montant
15930,67,1,426.63,2011-10-03 14:52:00,2011-10-03 14:52:00,United Kingdom,67,426.63,3,Achats récents occasionnels
15931,428,1,239.9,2010-10-07 16:46:00,2010-10-07 16:46:00,United Kingdom,428,239.9,1,Achats anciens à faible montant
15932,4,8,2495.87,2011-02-23 14:50:00,2011-12-05 17:13:00,United Kingdom,289,311.98375,2,Actifs à montant élevé
15933,21,3,1107.46,2011-09-14 12:05:00,2011-11-18 13:14:00,United Kingdom,87,369.15333333333336,3,Achats récents occasionnels
15934,418,2,2190.66,2010-10-06 12:08:00,2010-10-18 10:13:00,United Kingdom,430,1095.33,4,Achats anciens
15935,239,2,416.86,2011-04-12 09:35:00,2011-04-14 13:27:00,United Kingdom,242,208.43,1,Achats anciens à faible montant
15936,379,2,282.79,2010-08-29 11:42:00,2010-11-25 16:39:00,United Kingdom,468,141.395,1,Achats anciens à faible montant
15937,64,1,145.35,2011-10-06 15:48:00,2011-10-06 15:48:00,United Kingdom,64,145.35,1,Achats anciens à faible montant
15938,112,9,734.81,2010-06-01 09:42:00,2011-08-19 12:56:00,United Kingdom,557,81.64555555555555,2,Actifs à montant élevé
15939,90,16,9060.39,2010-11-30 12:07:00,2011-09-11 11:30:00,United Kingdom,375,566.274375,2,Actifs à montant élevé
15940,311,1,35.8,2011-02-01 16:18:00,2011-02-01 16:18:00,United Kingdom,311,35.8,1,Achats anciens à faible montant
15941,637,1,405.0,2010-03-12 14:45:00,2010-03-12 14:45:00,United Kingdom,637,405.0,1,Achats anciens à faible montant
15942,134,1,337.44,2011-07-29 09:01:00,2011-07-29 09:01:00,United Kingdom,134,337.44,1,Achats anciens à faible montant
15943,650,2,271.28999999999996,2010-01-31 11:04:00,2010-02-28 12:49:00,United Kingdom,678,135.64499999999998,1,Achats anciens à faible montant
15944,277,4,2164.24,2009-12-13 12:57:00,2011-03-08 10:33:00,United Kingdom,726,541.06,4,Achats anciens
15945,365,4,827.27,2009-12-01 13:47:00,2010-12-09 13:14:00,United Kingdom,738,206.8175,4,Achats anciens
15946,503,3,2304.18,2010-03-16 10:49:00,2010-07-25 12:18:00,United Kingdom,634,768.06,4,Achats anciens
15947,83,1,1708.24,2011-09-18 10:46:00,2011-09-18 10:46:00,United Kingdom,83,1708.24,4,Achats anciens
15948,8,3,1509.0900000000001,2010-10-11 12:16:00,2011-12-01 15:32:00,United Kingdom,425,503.03000000000003,3,Achats récents occasionnels
15949,17,2,364.72,2011-09-29 17:34:00,2011-11-23 09:09:00,United Kingdom,71,182.36,3,Achats récents occasionnels
15950,32,10,7120.91,2010-01-26 11:39:00,2011-11-08 11:09:00,United Kingdom,683,712.091,2,Actifs à montant élevé
15951,9,3,1013.17,2010-11-23 18:20:00,2011-12-01 08:34:00,United Kingdom,381,337.7233333333333,3,Achats récents occasionnels
15952,34,4,781.91,2011-04-28 12:55:00,2011-11-06 11:18:00,United Kingdom,225,195.4775,3,Achats récents occasionnels
15953,15,18,3648.08,2009-12-03 14:00:00,2011-11-24 15:32:00,United Kingdom,736,202.67111111111112,0,Champions
15954,589,1,190.75,2010-04-29 13:35:00,2010-04-29 13:35:00,United Kingdom,589,190.75,1,Achats anciens à faible montant
15955,24,22,8658.36,2010-02-23 16:36:00,2011-11-15 14:15:00,United Kingdom,654,393.5618181818182,0,Champions
15956,551,2,617.6,2009-12-13 11:16:00,2010-06-06 13:06:00,United Kingdom,727,308.8,4,Achats anciens
15957,32,3,921.25,2010-10-15 12:11:00,2011-11-08 12:14:00,United Kingdom,421,307.0833333333333,3,Achats récents occasionnels
15958,74,4,462.12,2010-06-07 10:59:00,2011-09-26 13:41:00,United Kingdom,551,115.53,3,Achats récents occasionnels
15959,682,3,542.89,2010-01-26 16:19:00,2010-01-26 16:38:00,United Kingdom,682,180.96333333333334,4,Achats anciens
15960,374,4,410.95,2010-09-30 15:50:00,2010-11-30 15:57:00,United Kingdom,435,102.7375,4,Achats anciens
15961,379,1,451.28999999999996,2010-11-25 15:59:00,2010-11-25 15:59:00,United Kingdom,379,451.28999999999996,1,Achats anciens à faible montant
15962,449,1,289.48,2010-09-16 13:48:00,2010-09-16 13:48:00,United Kingdom,449,289.48,1,Achats anciens à faible montant
15963,20,2,470.76,2011-10-25 13:05:00,2011-11-20 11:33:00,United Kingdom,45,235.38,3,Achats récents occasionnels
15964,663,1,269.21000000000004,2010-02-14 15:30:00,2010-02-14 15:30:00,United Kingdom,663,269.21000000000004,1,Achats anciens à faible montant
15965,17,13,2928.13,2009-12-03 11:45:00,2011-11-22 16:44:00,United Kingdom,737,225.24076923076925,2,Actifs à montant élevé
15966,451,1,426.53000000000003,2010-09-15 10:44:00,2010-09-15 10:44:00,United Kingdom,451,426.53000000000003,1,Achats anciens à faible montant
15967,23,12,2966.0,2009-12-01 13:29:00,2011-11-16 15:41:00,United Kingdom,738,247.16666666666666,2,Actifs à montant élevé
15968,388,1,404.55,2010-11-16 13:04:00,2010-11-16 13:04:00,United Kingdom,388,404.55,1,Achats anciens à faible montant
15969,3,5,1127.05,2010-07-05 13:10:00,2011-12-07 11:06:00,United Kingdom,522,225.41,3,Achats récents occasionnels
15970,304,2,1017.32,2010-04-20 11:30:00,2011-02-09 12:08:00,United Kingdom,599,508.66,4,Achats anciens
15971,18,18,5902.83,2009-12-08 09:46:00,2011-11-22 12:50:00,United Kingdom,732,327.935,0,Champions
15972,456,5,1769.33,2010-04-18 14:06:00,2010-09-09 13:20:00,United Kingdom,600,353.866,4,Achats anciens
15973,367,3,988.44,2010-10-06 15:00:00,2010-12-08 11:42:00,United Kingdom,429,329.48,4,Achats anciens
15974,39,7,3442.15,2011-02-24 10:10:00,2011-10-31 13:13:00,United Kingdom,289,491.7357142857143,2,Actifs à montant élevé
15975,84,1,371.01,2011-09-16 13:33:00,2011-09-16 13:33:00,United Kingdom,84,371.01,1,Achats anciens à faible montant
15976,165,6,1694.41,2010-06-06 14:01:00,2011-06-27 13:00:00,United Kingdom,551,282.4016666666667,4,Achats anciens
15977,17,2,1054.73,2011-10-31 16:24:00,2011-11-22 13:29:00,United Kingdom,39,527.365,3,Achats récents occasionnels
15978,77,3,3279.42,2010-03-05 14:39:00,2011-09-23 15:21:00,United Kingdom,644,1093.14,4,Achats anciens
15979,603,1,329.22,2010-04-16 11:35:00,2010-04-16 11:35:00,United Kingdom,603,329.22,1,Achats anciens à faible montant
15980,89,7,6543.68,2010-06-01 14:40:00,2011-09-12 09:41:00,United Kingdom,556,934.8114285714286,2,Actifs à montant élevé
15981,25,21,9362.77,2010-03-29 10:07:00,2011-11-15 08:00:00,United Kingdom,621,445.8461904761905,0,Champions
15982,605,1,324.51,2010-04-13 15:47:00,2010-04-13 15:47:00,United Kingdom,605,324.51,1,Achats anciens à faible montant
15983,22,8,3924.02,2009-12-06 12:52:00,2011-11-17 17:34:00,United Kingdom,733,490.5025,2,Actifs à montant élevé
15984,3,30,8515.72,2009-12-01 13:38:00,2011-12-07 12:16:00,United Kingdom,738,283.8573333333333,0,Champions
15985,123,7,2715.28,2010-05-27 15:51:00,2011-08-08 16:31:00,United Kingdom,561,387.8971428571429,2,Actifs à montant élevé
15986,30,2,354.42,2010-11-23 10:02:00,2011-11-09 15:17:00,United Kingdom,382,177.21,3,Achats récents occasionnels
15987,12,8,1649.47,2010-11-25 12:56:00,2011-11-27 15:38:00,United Kingdom,379,206.18375,2,Actifs à montant élevé
15988,19,3,738.89,2010-02-21 11:36:00,2011-11-20 13:23:00,United Kingdom,657,246.29666666666665,3,Achats récents occasionnels
15989,376,2,368.31,2009-12-02 15:51:00,2010-11-29 12:03:00,United Kingdom,737,184.155,1,Achats anciens à faible montant
15990,44,7,1997.75,2010-02-28 12:30:00,2011-10-26 15:58:00,United Kingdom,650,285.39285714285717,2,Actifs à montant élevé
15991,534,1,150.55,2010-06-23 15:50:00,2010-06-23 15:50:00,United Kingdom,534,150.55,1,Achats anciens à faible montant
15992,4,3,896.6,2010-09-12 11:52:00,2011-12-06 11:00:00,United Kingdom,454,298.8666666666667,3,Achats récents occasionnels
15993,9,7,2777.67,2011-10-26 16:21:00,2011-12-01 10:45:00,United Kingdom,44,396.81,2,Actifs à montant élevé
15994,55,3,1175.68,2010-03-14 11:55:00,2011-10-16 12:28:00,United Kingdom,636,391.8933333333334,3,Achats récents occasionnels
15995,414,1,694.54,2010-10-21 13:57:00,2010-10-21 13:57:00,United Kingdom,414,694.54,1,Achats anciens à faible montant
15996,88,7,1649.65,2010-11-07 15:49:00,2011-09-12 15:14:00,United Kingdom,397,235.66428571428574,2,Actifs à montant élevé
15998,37,16,8274.14,2009-12-01 11:45:00,2011-11-03 12:45:00,United Kingdom,739,517.13375,0,Champions
15999,736,1,20.4,2009-12-04 12:31:00,2009-12-04 12:31:00,United Kingdom,736,20.4,1,Achats anciens à faible montant
16000,3,3,12393.7,2011-12-07 12:14:00,2011-12-07 12:17:00,United Kingdom,3,4131.233333333334,2,Actifs à montant élevé
16001,381,1,583.39,2010-11-23 17:10:00,2010-11-23 17:10:00,United Kingdom,381,583.39,1,Achats anciens à faible montant
16002,625,1,169.21,2010-03-24 13:08:00,2010-03-24 13:08:00,United Kingdom,625,169.21,1,Achats anciens à faible montant
16003,30,10,5613.83,2009-12-03 18:51:00,2011-11-10 09:57:00,United Kingdom,736,561.383,2,Actifs à montant élevé
16004,475,5,2146.39,2010-01-25 13:56:00,2010-08-22 11:48:00,United Kingdom,683,429.27799999999996,4,Achats anciens
16005,12,10,2365.4900000000002,2010-09-15 13:21:00,2011-11-27 13:47:00,United Kingdom,450,236.54900000000004,2,Actifs à montant élevé
16006,211,2,332.82,2010-11-17 12:03:00,2011-05-12 13:12:00,United Kingdom,388,166.41,1,Achats anciens à faible montant
16007,48,7,3053.06,2010-06-14 13:18:00,2011-10-23 11:05:00,United Kingdom,543,436.15142857142854,2,Actifs à montant élevé
16008,24,15,5339.13,2010-03-19 11:07:00,2011-11-16 10:32:00,United Kingdom,631,355.942,0,Champions
16009,22,4,972.11,2011-07-03 11:26:00,2011-11-17 16:51:00,United Kingdom,160,243.0275,3,Achats récents occasionnels
16010,246,11,1694.86,2010-10-24 10:54:00,2011-04-08 10:14:00,United Kingdom,412,154.0781818181818,2,Actifs à montant élevé
16011,8,29,5838.96,2009-12-01 12:02:00,2011-12-01 16:31:00,United Kingdom,739,201.34344827586207,0,Champions
16012,35,5,2978.59,2010-06-28 11:39:00,2011-11-04 13:25:00,United Kingdom,530,595.7180000000001,2,Actifs à montant élevé
16013,4,84,57140.44,2009-12-08 10:24:00,2011-12-06 10:36:00,United Kingdom,732,680.2433333333333,0,Champions
16014,38,5,1100.28,2010-01-31 12:43:00,2011-11-02 12:04:00,United Kingdom,678,220.05599999999998,2,Actifs à montant élevé
16015,4,3,704.55,2011-10-21 12:56:00,2011-12-06 10:58:00,United Kingdom,49,234.85,3,Achats récents occasionnels
16016,3,11,2446.42,2010-11-02 13:27:00,2011-12-06 14:35:00,United Kingdom,402,222.4018181818182,0,Champions
16017,47,5,1545.58,2010-01-05 12:06:00,2011-10-23 12:56:00,United Kingdom,704,309.116,2,Actifs à montant élevé
16018,39,4,698.13,2009-12-07 13:57:00,2011-10-31 14:13:00,United Kingdom,732,174.5325,3,Achats récents occasionnels
16019,47,27,17329.16,2009-12-14 14:12:00,2011-10-24 11:51:00,United Kingdom,725,641.8207407407407,0,Champions
16020,17,3,851.01,2011-10-05 13:54:00,2011-11-23 11:18:00,United Kingdom,65,283.67,3,Achats récents occasionnels
16021,395,2,487.03,2010-06-13 11:05:00,2010-11-09 14:48:00,United Kingdom,545,243.515,1,Achats anciens à faible montant
16022,260,1,602.63,2011-03-24 13:16:00,2011-03-24 13:16:00,United Kingdom,260,602.63,1,Achats anciens à faible montant
16023,46,3,719.81,2011-03-18 13:32:00,2011-10-24 16:34:00,United Kingdom,266,239.93666666666664,3,Achats récents occasionnels
16024,12,3,483.99,2010-10-24 11:40:00,2011-11-27 13:26:00,United Kingdom,412,161.33,3,Achats récents occasionnels
16025,30,1,439.65999999999997,2011-11-10 11:45:00,2011-11-10 11:45:00,United Kingdom,30,439.65999999999997,3,Achats récents occasionnels
16026,43,1,236.09,2011-10-27 13:53:00,2011-10-27 13:53:00,United Kingdom,43,236.09,3,Achats récents occasionnels
16027,92,15,2048.36,2010-01-08 13:21:00,2011-09-09 10:47:00,United Kingdom,700,136.55733333333333,2,Actifs à montant élevé
16028,596,1,82.2,2010-04-23 11:45:00,2010-04-23 11:45:00,United Kingdom,596,82.2,1,Achats anciens à faible montant
16029,39,107,122035.14,2009-12-08 11:23:00,2011-11-01 10:27:00,United Kingdom,732,1140.5153271028037,0,Champions
16030,310,1,331.24,2011-02-03 11:28:00,2011-02-03 11:28:00,United Kingdom,310,331.24,1,Achats anciens à faible montant
16031,92,2,547.9,2011-04-06 14:23:00,2011-09-08 13:07:00,United Kingdom,247,273.95,3,Achats récents occasionnels
16032,456,6,1965.72,2010-07-04 13:31:00,2010-09-09 18:00:00,United Kingdom,523,327.62,4,Achats anciens
16033,6,27,10764.45,2010-08-11 16:44:00,2011-12-04 12:44:00,United Kingdom,485,398.68333333333334,0,Champions
16034,196,6,911.3199999999999,2010-10-26 13:00:00,2011-05-27 16:17:00,United Kingdom,409,151.88666666666666,4,Achats anciens
16035,560,1,217.73,2010-05-28 15:09:00,2010-05-28 15:09:00,United Kingdom,560,217.73,1,Achats anciens à faible montant
16036,87,4,2556.84,2010-03-29 14:47:00,2011-09-13 14:53:00,United Kingdom,620,639.21,2,Actifs à montant élevé
16037,270,5,1509.34,2010-03-01 12:31:00,2011-03-15 09:13:00,United Kingdom,649,301.868,4,Achats anciens
16038,8,3,471.78000000000003,2011-05-22 11:29:00,2011-12-02 12:40:00,United Kingdom,202,157.26000000000002,3,Achats récents occasionnels
16039,424,2,456.4,2010-03-21 15:17:00,2010-10-12 10:44:00,United Kingdom,628,228.2,1,Achats anciens à faible montant
16040,65,7,2416.9,2010-04-09 10:12:00,2011-10-05 13:47:00,United Kingdom,610,345.2714285714286,2,Actifs à montant élevé
16041,31,3,3166.4,2011-07-21 16:27:00,2011-11-09 12:25:00,United Kingdom,141,1055.4666666666667,2,Actifs à montant élevé
16042,22,8,2245.32,2010-09-12 12:00:00,2011-11-17 17:50:00,United Kingdom,454,280.665,2,Actifs à montant élevé
16043,38,8,1856.5900000000001,2010-08-15 11:26:00,2011-11-02 12:50:00,United Kingdom,482,232.07375000000002,2,Actifs à montant élevé
16044,435,1,340.84000000000003,2010-09-30 18:12:00,2010-09-30 18:12:00,United Kingdom,435,340.84000000000003,1,Achats anciens à faible montant
16045,120,8,3434.9300000000003,2010-07-29 12:50:00,2011-08-12 12:41:00,United Kingdom,499,429.36625000000004,2,Actifs à montant élevé
16046,562,1,235.78,2010-05-26 13:18:00,2010-05-26 13:18:00,United Kingdom,562,235.78,1,Achats anciens à faible montant
16047,682,1,107.14,2010-01-26 16:34:00,2010-01-26 16:34:00,EIRE,682,107.14,1,Achats anciens à faible montant
16048,373,4,1075.23,2010-06-08 12:36:00,2010-12-01 15:28:00,United Kingdom,550,268.8075,4,Achats anciens
16049,40,6,1852.15,2010-07-11 13:53:00,2011-10-30 13:19:00,United Kingdom,516,308.69166666666666,2,Actifs à montant élevé
16050,174,3,300.7,2010-11-03 15:55:00,2011-06-19 11:44:00,United Kingdom,401,100.23333333333333,1,Achats anciens à faible montant
16051,682,1,188.44,2010-01-27 09:38:00,2010-01-27 09:38:00,United Kingdom,682,188.44,1,Achats anciens à faible montant
16052,54,1,362.06,2011-10-16 15:13:00,2011-10-16 15:13:00,United Kingdom,54,362.06,3,Achats récents occasionnels
16053,33,6,3634.84,2010-04-08 11:11:00,2011-11-07 11:21:00,United Kingdom,611,605.8066666666667,2,Actifs à montant élevé
16054,145,4,2111.88,2010-04-01 18:37:00,2011-07-17 13:08:00,United Kingdom,617,527.97,4,Achats anciens
16055,221,1,134.8,2011-05-03 09:26:00,2011-05-03 09:26:00,United Kingdom,221,134.8,1,Achats anciens à faible montant
16056,45,1,650.75,2011-10-25 15:19:00,2011-10-25 15:19:00,United Kingdom,45,650.75,3,Achats récents occasionnels
16057,16,10,3854.85,2010-01-07 17:11:00,2011-11-23 15:23:00,United Kingdom,701,385.485,2,Actifs à montant élevé
16058,406,1,62.7,2010-10-29 16:48:00,2010-10-29 16:48:00,United Kingdom,406,62.7,1,Achats anciens à faible montant
16059,66,12,3171.82,2010-05-19 13:04:00,2011-10-05 09:56:00,United Kingdom,569,264.3183333333333,2,Actifs à montant élevé
16060,401,3,541.95,2010-08-02 15:26:00,2010-11-04 12:10:00,United Kingdom,494,180.65,4,Achats anciens
16061,431,1,89.65,2010-10-04 15:29:00,2010-10-04 15:29:00,United Kingdom,431,89.65,1,Achats anciens à faible montant
16062,10,8,2863.45,2010-06-21 13:32:00,2011-11-30 12:15:00,United Kingdom,536,357.93125,2,Actifs à montant élevé
16063,260,1,335.32,2011-03-24 14:55:00,2011-03-24 14:56:00,United Kingdom,260,335.32,1,Achats anciens à faible montant
16064,725,1,109.31,2009-12-14 16:11:00,2009-12-14 16:11:00,United Kingdom,725,109.31,1,Achats anciens à faible montant
16065,365,8,2359.27,2010-09-02 13:27:00,2010-12-09 13:03:00,United Kingdom,463,294.90875,4,Achats anciens
16066,17,5,1521.04,2011-08-07 14:33:00,2011-11-23 11:54:00,United Kingdom,124,304.20799999999997,2,Actifs à montant élevé
16067,563,3,3269.11,2010-02-02 18:01:00,2010-05-26 12:33:00,United Kingdom,675,1089.7033333333334,4,Achats anciens
16068,594,1,115.73,2010-04-25 11:52:00,2010-04-25 11:52:00,United Kingdom,594,115.73,1,Achats anciens à faible montant
16069,418,1,457.7,2010-10-18 10:32:00,2010-10-18 10:32:00,United Kingdom,418,457.7,1,Achats anciens à faible montant
16070,22,2,852.15,2011-11-07 16:36:00,2011-11-17 15:50:00,United Kingdom,32,426.075,3,Achats récents occasionnels
16071,45,4,1076.8,2010-02-22 14:48:00,2011-10-26 11:14:00,United Kingdom,655,269.2,3,Achats récents occasionnels
16072,288,4,4180.09,2010-06-08 16:47:00,2011-02-24 14:32:00,United Kingdom,549,1045.0225,4,Achats anciens
16073,297,1,122.39999999999999,2011-02-15 15:41:00,2011-02-15 15:41:00,United Kingdom,297,122.39999999999999,1,Achats anciens à faible montant
16074,390,1,252.5,2010-11-14 13:19:00,2010-11-14 13:19:00,United Kingdom,390,252.5,1,Achats anciens à faible montant
16075,503,2,736.9300000000001,2010-05-24 15:57:00,2010-07-25 11:31:00,United Kingdom,564,368.46500000000003,4,Achats anciens
16076,3,10,2234.73,2011-05-15 12:31:00,2011-12-06 14:59:00,United Kingdom,209,223.473,0,Champions
16077,626,1,2300.4,2010-03-24 10:42:00,2010-03-24 10:42:00,United Kingdom,626,2300.4,4,Achats anciens
16078,284,2,362.99,2010-02-08 13:29:00,2011-03-01 09:47:00,United Kingdom,669,181.495,1,Achats anciens à faible montant
16079,17,3,1352.0,2011-10-30 13:06:00,2011-11-23 12:48:00,United Kingdom,40,450.6666666666667,3,Achats récents occasionnels
16080,82,4,602.5600000000001,2010-09-15 14:19:00,2011-09-19 10:42:00,United Kingdom,450,150.64000000000001,4,Achats anciens
16081,56,8,4436.56,2010-02-03 12:46:00,2011-10-14 13:06:00,United Kingdom,675,554.57,2,Actifs à montant élevé
16082,670,1,106.75,2010-02-07 15:16:00,2010-02-07 15:16:00,United Kingdom,670,106.75,1,Achats anciens à faible montant
16083,101,4,2351.42,2010-11-16 11:53:00,2011-08-31 10:47:00,United Kingdom,389,587.855,4,Achats anciens
16084,299,1,436.18,2011-02-13 16:05:00,2011-02-13 16:05:00,United Kingdom,299,436.18,1,Achats anciens à faible montant
16085,23,12,2341.03,2010-01-20 14:03:00,2011-11-16 13:24:00,United Kingdom,688,195.08583333333334,2,Actifs à montant élevé
16086,59,10,2864.9900000000002,2009-12-02 13:20:00,2011-10-11 13:09:00,United Kingdom,737,286.499,2,Actifs à montant élevé
16087,389,5,1739.92,2010-01-19 12:30:00,2010-11-15 16:44:00,United Kingdom,690,347.98400000000004,4,Achats anciens
16088,576,2,1437.43,2010-04-27 10:56:00,2010-05-13 10:16:00,United Kingdom,592,718.715,4,Achats anciens
16089,386,2,263.49,2010-07-18 15:51:00,2010-11-18 13:51:00,United Kingdom,509,131.745,1,Achats anciens à faible montant
16090,624,1,180.56,2010-03-25 13:05:00,2010-03-25 13:05:00,United Kingdom,624,180.56,1,Achats anciens à faible montant
16091,155,2,315.06,2011-05-25 09:18:00,2011-07-08 08:45:00,United Kingdom,199,157.53,1,Achats anciens à faible montant
16092,115,6,1587.94,2010-05-09 16:10:00,2011-08-17 10:46:00,United Kingdom,579,264.6566666666667,4,Achats anciens
16093,107,1,17.0,2011-08-25 11:09:00,2011-08-25 11:09:00,United Kingdom,107,17.0,1,Achats anciens à faible montant
16094,12,11,3695.56,2010-04-16 14:00:00,2011-11-28 12:45:00,United Kingdom,602,335.96,2,Actifs à montant élevé
16095,456,1,447.05,2010-09-09 16:54:00,2010-09-09 16:54:00,United Kingdom,456,447.05,1,Achats anciens à faible montant
16096,264,4,1584.97,2010-03-04 15:44:00,2011-03-20 13:38:00,United Kingdom,645,396.2425,4,Achats anciens
16097,240,1,185.04999999999998,2011-04-13 13:47:00,2011-04-13 13:47:00,United Kingdom,240,185.04999999999998,1,Achats anciens à faible montant
16098,88,14,4441.3,2009-12-15 09:40:00,2011-09-13 09:59:00,United Kingdom,725,317.2357142857143,2,Actifs à montant élevé
16099,50,7,1573.2,2010-03-03 11:13:00,2011-10-20 13:13:00,United Kingdom,647,224.74285714285716,2,Actifs à montant élevé
16100,463,1,582.64,2010-09-03 11:39:00,2010-09-03 11:39:00,United Kingdom,463,582.64,1,Achats anciens à faible montant
16101,71,4,3229.16,2010-05-27 12:50:00,2011-09-30 10:18:00,United Kingdom,562,807.29,2,Actifs à montant élevé
16102,42,3,1842.14,2011-08-03 12:50:00,2011-10-28 13:19:00,United Kingdom,129,614.0466666666667,3,Achats récents occasionnels
16103,7,22,6191.71,2010-01-08 12:08:00,2011-12-02 14:16:00,United Kingdom,701,281.44136363636363,0,Champions
16104,62,9,2774.46,2009-12-06 10:41:00,2011-10-09 10:23:00,United Kingdom,734,308.2733333333333,2,Actifs à montant élevé
16105,249,5,2386.19,2010-04-14 13:27:00,2011-04-05 10:13:00,United Kingdom,604,477.238,4,Achats anciens
16106,66,1,108.38,2011-10-05 10:37:00,2011-10-05 10:37:00,United Kingdom,66,108.38,1,Achats anciens à faible montant
16107,18,7,3204.1600000000003,2011-06-09 18:42:00,2011-11-22 09:40:00,United Kingdom,183,457.7371428571429,2,Actifs à montant élevé
16108,85,4,2235.92,2010-03-18 14:14:00,2011-09-16 11:48:00,United Kingdom,631,558.98,4,Achats anciens
16109,219,3,939.48,2010-01-10 10:37:00,2011-05-05 09:17:00,United Kingdom,699,313.16,4,Achats anciens
16110,45,4,1781.59,2010-07-05 13:04:00,2011-10-25 14:35:00,United Kingdom,522,445.3975,2,Actifs à montant élevé
16111,428,1,549.33,2010-10-07 19:51:00,2010-10-07 19:51:00,United Kingdom,428,549.33,1,Achats anciens à faible montant
16112,143,4,195.73999999999998,2011-01-05 11:47:00,2011-07-19 14:28:00,United Kingdom,339,48.934999999999995,1,Achats anciens à faible montant
16113,183,1,161.38,2011-06-09 16:16:00,2011-06-09 16:16:00,United Kingdom,183,161.38,1,Achats anciens à faible montant
16114,171,1,135.75000000000003,2011-06-22 10:13:00,2011-06-22 10:13:00,United Kingdom,171,135.75000000000003,1,Achats anciens à faible montant
16115,10,12,2553.8,2010-05-14 11:59:00,2011-11-30 11:32:00,United Kingdom,575,212.8166666666667,2,Actifs à montant élevé
16116,212,1,612.78,2011-05-12 12:01:00,2011-05-12 12:01:00,United Kingdom,212,612.78,1,Achats anciens à faible montant
16117,190,3,654.4,2010-04-27 11:50:00,2011-06-03 11:42:00,United Kingdom,592,218.13333333333333,4,Achats anciens
16118,653,1,4376.25,2010-02-25 09:40:00,2010-02-25 09:40:00,United Kingdom,653,4376.25,4,Achats anciens
16119,8,8,1720.81,2009-12-16 11:56:00,2011-12-01 15:11:00,United Kingdom,724,215.10125,2,Actifs à montant élevé
16120,59,6,2967.51,2010-10-13 15:07:00,2011-10-11 14:22:00,United Kingdom,422,494.58500000000004,2,Actifs à montant élevé
16121,57,5,1450.04,2010-05-23 10:52:00,2011-10-13 12:59:00,United Kingdom,566,290.008,2,Actifs à montant élevé
16122,73,6,1001.34,2010-10-10 15:26:00,2011-09-27 15:34:00,United Kingdom,425,166.89000000000001,2,Actifs à montant élevé
16123,52,1,307.78,2011-10-19 09:18:00,2011-10-19 09:18:00,United Kingdom,52,307.78,3,Achats récents occasionnels
16124,317,4,1772.49,2009-12-07 10:33:00,2011-01-26 14:45:00,United Kingdom,733,443.1225,4,Achats anciens
16125,367,14,4581.7,2009-12-14 15:38:00,2010-12-07 15:48:00,United Kingdom,725,327.2642857142857,2,Actifs à montant élevé
16126,29,15,14644.6,2009-12-02 13:34:00,2011-11-10 16:03:00,United Kingdom,737,976.3066666666667,0,Champions
16127,39,2,801.31,2009-12-13 12:19:00,2011-10-31 13:58:00,United Kingdom,727,400.655,3,Achats récents occasionnels
16128,18,11,3801.05,2010-07-16 16:30:00,2011-11-22 11:14:00,United Kingdom,511,345.55,2,Actifs à montant élevé
16129,407,3,1396.05,2010-07-20 12:32:00,2010-10-28 14:29:00,United Kingdom,508,465.34999999999997,4,Achats anciens
16130,422,4,987.48,2010-04-01 13:58:00,2010-10-13 15:14:00,United Kingdom,617,246.87,4,Achats anciens
16131,52,12,9957.42,2009-12-02 10:09:00,2011-10-19 11:53:00,United Kingdom,738,829.785,2,Actifs à montant élevé
16132,544,2,664.1999999999999,2010-03-22 10:25:00,2010-06-13 13:49:00,United Kingdom,628,332.09999999999997,4,Achats anciens
16133,4,56,22992.260000000002,2010-03-31 12:21:00,2011-12-06 11:24:00,United Kingdom,619,410.5760714285715,0,Champions
16134,22,5,2145.34,2010-06-17 09:48:00,2011-11-18 10:05:00,United Kingdom,541,429.06800000000004,2,Actifs à montant élevé
16135,263,2,819.45,2010-05-05 09:35:00,2011-03-22 12:30:00,United Kingdom,584,409.725,4,Achats anciens
16136,60,4,946.8,2010-02-14 12:49:00,2011-10-11 09:10:00,United Kingdom,664,236.7,3,Achats récents occasionnels
16137,680,1,422.7,2010-01-28 15:04:00,2010-01-28 15:04:00,United Kingdom,680,422.7,1,Achats anciens à faible montant
16138,379,3,910.35,2010-04-28 09:51:00,2010-11-26 12:13:00,United Kingdom,591,303.45,4,Achats anciens
16139,19,5,1111.15,2009-12-03 13:51:00,2011-11-21 08:37:00,United Kingdom,736,222.23000000000002,3,Achats récents occasionnels
16140,66,3,1557.6000000000001,2010-09-24 12:03:00,2011-10-05 12:15:00,United Kingdom,442,519.2,4,Achats anciens
16141,88,2,955.94,2010-10-18 14:12:00,2011-09-12 13:11:00,United Kingdom,417,477.97,4,Achats anciens
16142,250,1,535.34,2011-04-04 10:16:00,2011-04-04 10:16:00,United Kingdom,250,535.34,1,Achats anciens à faible montant
16143,3,12,4910.83,2009-12-10 09:44:00,2011-12-06 14:13:00,United Kingdom,730,409.23583333333335,0,Champions
16144,247,1,175.2,2011-04-07 10:09:00,2011-04-07 10:09:00,United Kingdom,247,175.2,1,Achats anciens à faible montant
16145,9,19,6805.4400000000005,2010-05-04 13:31:00,2011-12-01 10:33:00,United Kingdom,584,358.18105263157895,0,Champions
16146,157,4,946.38,2010-09-17 10:46:00,2011-07-05 14:20:00,United Kingdom,449,236.595,4,Achats anciens
16147,134,5,2398.91,2010-02-05 12:26:00,2011-07-29 09:57:00,United Kingdom,673,479.782,4,Achats anciens
16148,296,2,386.62,2010-09-29 10:12:00,2011-02-16 14:01:00,United Kingdom,437,193.31,1,Achats anciens à faible montant
16149,5,3,422.22,2010-10-06 15:54:00,2011-12-05 11:29:00,United Kingdom,429,140.74,3,Achats récents occasionnels
16150,43,10,4395.59,2009-12-17 15:33:00,2011-10-28 12:39:00,United Kingdom,722,439.559,2,Actifs à montant élevé
16152,269,1,1829.04,2011-03-16 09:47:00,2011-03-16 09:47:00,United Kingdom,269,1829.04,4,Achats anciens
16153,50,11,5133.49,2010-05-26 12:41:00,2011-10-21 10:50:00,United Kingdom,563,466.6809090909091,2,Actifs à montant élevé
16155,382,5,796.9,2010-06-18 11:23:00,2010-11-23 12:03:00,United Kingdom,540,159.38,4,Achats anciens
16156,9,20,6188.18,2009-12-02 17:06:00,2011-12-01 12:42:00,United Kingdom,737,309.409,0,Champions
16157,16,3,656.69,2011-09-28 11:48:00,2011-11-24 11:41:00,United Kingdom,73,218.89666666666668,3,Achats récents occasionnels
16158,522,9,628.32,2009-12-05 15:00:00,2010-07-05 13:55:00,United Kingdom,734,69.81333333333333,4,Achats anciens
16159,282,4,1232.79,2009-12-03 11:51:00,2011-03-03 12:27:00,United Kingdom,737,308.1975,4,Achats anciens
16160,65,2,1025.44,2011-09-15 10:53:00,2011-10-05 14:19:00,United Kingdom,86,512.72,3,Achats récents occasionnels
16161,2,43,12744.26,2010-02-08 11:06:00,2011-12-08 12:10:00,United Kingdom,670,296.3781395348837,0,Champions
16162,252,1,37.4,2011-04-01 15:03:00,2011-04-01 15:03:00,United Kingdom,252,37.4,1,Achats anciens à faible montant
16163,232,6,2849.58,2009-12-02 10:00:00,2011-04-21 15:15:00,United Kingdom,738,474.93,4,Achats anciens
16164,17,3,822.48,2011-10-28 09:12:00,2011-11-22 15:04:00,United Kingdom,43,274.16,3,Achats récents occasionnels
16165,505,1,79.9,2010-07-22 14:17:00,2010-07-22 14:17:00,United Kingdom,505,79.9,1,Achats anciens à faible montant
16166,428,2,435.83,2010-01-17 14:16:00,2010-10-07 15:44:00,United Kingdom,691,217.915,1,Achats anciens à faible montant
16167,414,5,1386.1200000000001,2009-12-01 10:46:00,2010-10-21 15:33:00,United Kingdom,739,277.22400000000005,4,Achats anciens
16168,11,66,10636.47,2009-12-03 12:38:00,2011-11-29 12:45:00,United Kingdom,737,161.15863636363636,0,Champions
16169,8,4,1822.97,2011-09-25 11:33:00,2011-12-01 15:28:00,United Kingdom,76,455.7425,3,Achats récents occasionnels
16170,51,20,6869.0,2010-02-18 13:50:00,2011-10-20 08:21:00,United Kingdom,659,343.45,0,Champions
16171,59,1,73.2,2011-10-11 14:51:00,2011-10-11 14:51:00,United Kingdom,59,73.2,1,Achats anciens à faible montant
16172,95,8,1884.55,2010-07-14 15:34:00,2011-09-05 13:22:00,United Kingdom,513,235.56875,2,Actifs à montant élevé
16173,16,6,1418.32,2011-09-02 15:23:00,2011-11-24 10:53:00,United Kingdom,98,236.38666666666666,2,Actifs à montant élevé
16174,126,7,2246.75,2010-04-15 15:12:00,2011-08-05 13:26:00,United Kingdom,603,320.9642857142857,2,Actifs à montant élevé
16175,94,7,1836.44,2010-05-25 12:01:00,2011-09-06 14:32:00,United Kingdom,564,262.34857142857146,2,Actifs à montant élevé
16176,421,4,2052.69,2010-03-29 14:52:00,2010-10-14 13:54:00,United Kingdom,620,513.1725,4,Achats anciens
16177,50,8,2247.31,2010-03-02 14:03:00,2011-10-20 12:57:00,United Kingdom,647,280.91375,2,Actifs à montant élevé
16178,138,2,612.6,2010-11-03 14:46:00,2011-07-24 16:05:00,United Kingdom,401,306.3,4,Achats anciens
16179,61,1,215.83,2011-10-10 09:41:00,2011-10-10 09:41:00,United Kingdom,61,215.83,3,Achats récents occasionnels
16180,100,13,16249.87,2010-06-23 13:19:00,2011-08-31 16:28:00,United Kingdom,534,1249.99,2,Actifs à montant élevé
16181,73,1,305.54,2011-09-27 13:38:00,2011-09-27 13:38:00,United Kingdom,73,305.54,3,Achats récents occasionnels
16182,72,9,9971.65,2010-03-09 09:34:00,2011-09-28 13:23:00,United Kingdom,641,1107.961111111111,2,Actifs à montant élevé
16183,67,4,1077.81,2010-10-28 14:43:00,2011-10-03 14:59:00,United Kingdom,407,269.4525,4,Achats anciens
16184,64,6,1158.79,2011-05-12 13:33:00,2011-10-06 17:43:00,United Kingdom,211,193.13166666666666,2,Actifs à montant élevé
16185,17,3,644.72,2010-05-24 11:04:00,2011-11-23 09:41:00,United Kingdom,565,214.90666666666667,3,Achats récents occasionnels
16186,23,26,9026.11,2009-12-09 15:36:00,2011-11-17 12:43:00,United Kingdom,730,347.1580769230769,0,Champions
16187,32,15,6911.4400000000005,2011-02-28 13:34:00,2011-11-08 09:50:00,United Kingdom,284,460.7626666666667,0,Champions
16188,45,5,1087.66,2010-10-27 11:50:00,2011-10-26 12:19:00,United Kingdom,409,217.532,2,Actifs à montant élevé
16189,16,2,215.48,2011-09-15 15:21:00,2011-11-24 11:47:00,United Kingdom,85,107.74,3,Achats récents occasionnels
16190,40,8,2723.55,2009-12-14 11:59:00,2011-10-30 15:59:00,United Kingdom,726,340.44375,2,Actifs à montant élevé
16191,3,24,15677.82,2009-12-11 12:24:00,2011-12-07 11:26:00,United Kingdom,729,653.2425,0,Champions
16192,736,1,351.3,2009-12-04 12:28:00,2009-12-04 12:28:00,United Kingdom,736,351.3,1,Achats anciens à faible montant
16193,237,2,630.43,2010-10-25 10:25:00,2011-04-17 11:45:00,United Kingdom,411,315.215,4,Achats anciens
16194,375,1,308.59999999999997,2010-11-29 13:28:00,2010-11-29 13:28:00,United Kingdom,375,308.59999999999997,1,Achats anciens à faible montant
16195,723,1,323.25,2009-12-16 14:09:00,2009-12-16 14:09:00,United Kingdom,723,323.25,1,Achats anciens à faible montant
16196,489,1,93.3,2010-08-08 11:40:00,2010-08-08 11:40:00,United Kingdom,489,93.3,1,Achats anciens à faible montant
16197,469,9,2016.71,2009-12-16 11:44:00,2010-08-27 12:56:00,United Kingdom,724,224.07888888888888,4,Achats anciens
16198,75,2,1030.0410000000002,2010-09-28 13:59:00,2011-09-25 14:58:00,United Kingdom,437,515.0205000000001,3,Achats récents occasionnels
16199,392,7,942.75,2010-03-18 18:47:00,2010-11-12 12:55:00,United Kingdom,631,134.67857142857142,4,Achats anciens
16200,4,12,5608.1,2009-12-02 15:04:00,2011-12-05 14:40:00,United Kingdom,737,467.3416666666667,0,Champions
16201,3,5,2112.12,2010-10-20 12:00:00,2011-12-06 16:02:00,United Kingdom,416,422.424,2,Actifs à montant élevé
16202,361,9,2501.9900000000002,2009-12-02 10:48:00,2010-12-14 10:43:00,United Kingdom,738,277.9988888888889,4,Achats anciens
16203,59,6,1114.54,2010-07-23 13:09:00,2011-10-12 12:31:00,United Kingdom,504,185.75666666666666,2,Actifs à montant élevé
16204,23,3,918.71,2009-12-08 17:44:00,2011-11-16 13:40:00,United Kingdom,731,306.2366666666667,3,Achats récents occasionnels
16205,31,7,1820.1100000000001,2010-06-15 11:58:00,2011-11-09 09:32:00,United Kingdom,543,260.0157142857143,2,Actifs à montant élevé
16206,55,13,2589.87,2010-01-24 15:25:00,2011-10-16 10:41:00,United Kingdom,684,199.22076923076924,2,Actifs à montant élevé
16207,25,1,394.38,2011-11-14 13:51:00,2011-11-14 13:51:00,United Kingdom,25,394.38,3,Achats récents occasionnels
16208,45,10,3440.45,2010-02-24 14:24:00,2011-10-26 11:36:00,United Kingdom,653,344.04499999999996,2,Actifs à montant élevé
16209,89,9,4146.78,2010-06-11 11:58:00,2011-09-12 11:58:00,United Kingdom,547,460.75333333333333,2,Actifs à montant élevé
16210,2,35,38489.51,2009-12-02 12:54:00,2011-12-08 12:36:00,United Kingdom,737,1099.7002857142859,0,Champions
16211,89,3,1090.59,2010-09-27 15:24:00,2011-09-12 12:11:00,United Kingdom,438,363.53,4,Achats anciens
16212,19,4,1293.71,2010-02-07 15:26:00,2011-11-20 13:00:00,United Kingdom,670,323.4275,3,Achats récents occasionnels
16213,79,1,159.0,2011-09-22 10:03:00,2011-09-22 10:03:00,United Kingdom,79,159.0,1,Achats anciens à faible montant
16214,171,4,2038.25,2010-09-30 13:57:00,2011-06-22 11:30:00,United Kingdom,435,509.5625,4,Achats anciens
16215,81,1,242.35,2011-09-20 10:18:00,2011-09-20 10:18:00,United Kingdom,81,242.35,1,Achats anciens à faible montant
16216,267,1,914.9300000000001,2011-03-17 15:34:00,2011-03-17 15:34:00,United Kingdom,267,914.9300000000001,4,Achats anciens
16217,235,2,304.25,2011-03-02 15:28:00,2011-04-18 13:31:00,United Kingdom,282,152.125,1,Achats anciens à faible montant
16218,30,13,4439.97,2010-05-27 16:09:00,2011-11-10 09:59:00,United Kingdom,561,341.53615384615387,2,Actifs à montant élevé
16219,501,1,40.8,2010-07-27 11:44:00,2010-07-27 11:44:00,United Kingdom,501,40.8,1,Achats anciens à faible montant
16221,37,9,2186.66,2010-08-10 13:32:00,2011-11-03 11:43:00,United Kingdom,486,242.9622222222222,2,Actifs à montant élevé
16222,318,2,1272.05,2009-12-18 14:31:00,2011-01-25 13:38:00,United Kingdom,721,636.025,4,Achats anciens
16223,375,2,1087.05,2010-11-09 12:07:00,2010-11-30 11:50:00,United Kingdom,396,543.525,4,Achats anciens
16224,57,5,1616.54,2010-11-17 13:14:00,2011-10-13 17:51:00,United Kingdom,387,323.308,2,Actifs à montant élevé
16225,45,15,2859.31,2010-02-07 12:41:00,2011-10-26 08:30:00,United Kingdom,671,190.62066666666666,2,Actifs à montant élevé
16226,203,5,672.1700000000001,2010-10-22 11:19:00,2011-05-20 14:41:00,United Kingdom,414,134.43400000000003,4,Achats anciens
16227,225,3,1027.22,2010-06-22 13:28:00,2011-04-28 13:33:00,United Kingdom,535,342.4066666666667,4,Achats anciens
16228,385,3,885.71,2010-11-04 18:54:00,2010-11-19 14:20:00,United Kingdom,400,295.2366666666667,4,Achats anciens
16229,87,6,2867.86,2010-05-24 12:59:00,2011-09-13 17:16:00,United Kingdom,564,477.9766666666667,2,Actifs à montant élevé
16230,190,2,542.03,2011-05-03 15:12:00,2011-06-03 10:06:00,United Kingdom,220,271.015,4,Achats anciens
16231,379,4,1074.47,2010-04-21 12:06:00,2010-11-25 15:00:00,United Kingdom,598,268.6175,4,Achats anciens
16232,44,7,2712.97,2010-06-07 14:04:00,2011-10-27 12:16:00,United Kingdom,550,387.5671428571428,2,Actifs à montant élevé
16233,71,9,1965.71,2009-12-02 13:23:00,2011-09-29 17:27:00,United Kingdom,737,218.41222222222223,2,Actifs à montant élevé
16234,476,3,333.18,2010-05-27 10:39:00,2010-08-20 14:33:00,United Kingdom,562,111.06,1,Achats anciens à faible montant
16235,41,9,2053.71,2010-08-26 12:10:00,2011-10-30 10:56:00,United Kingdom,471,228.19,2,Actifs à montant élevé
16236,78,1,432.2,2011-09-22 14:10:00,2011-09-22 14:10:00,United Kingdom,78,432.2,3,Achats récents occasionnels
16237,437,1,136.65,2010-09-28 17:02:00,2010-09-28 17:02:00,United Kingdom,437,136.65,1,Achats anciens à faible montant
16238,423,1,63.66,2010-10-13 12:36:00,2010-10-13 12:36:00,United Kingdom,423,63.66,1,Achats anciens à faible montant
16239,57,6,1492.2,2010-09-02 19:17:00,2011-10-14 08:29:00,United Kingdom,463,248.70000000000002,2,Actifs à montant élevé
16240,24,2,3718.8,2011-09-23 13:44:00,2011-11-15 14:30:00,United Kingdom,77,1859.4,3,Achats récents occasionnels
16241,10,16,4270.51,2010-10-25 13:40:00,2011-11-30 11:08:00,United Kingdom,410,266.906875,0,Champions
16242,8,14,7404.65,2010-03-15 16:02:00,2011-12-01 15:12:00,United Kingdom,634,528.9035714285714,0,Champions
16243,34,2,409.1,2011-10-16 12:09:00,2011-11-06 12:32:00,United Kingdom,55,204.55,3,Achats récents occasionnels
16244,212,2,2579.38,2010-12-02 11:41:00,2011-05-12 10:18:00,United Kingdom,373,1289.69,4,Achats anciens
16245,24,3,1413.66,2011-03-28 09:30:00,2011-11-16 10:14:00,United Kingdom,257,471.22,3,Achats récents occasionnels
16246,460,2,821.35,2010-02-08 12:32:00,2010-09-06 12:04:00,United Kingdom,670,410.675,4,Achats anciens
16247,170,1,114.56,2011-06-22 14:23:00,2011-06-22 14:23:00,United Kingdom,170,114.56,1,Achats anciens à faible montant
16248,62,1,152.94,2011-10-09 11:32:00,2011-10-09 11:32:00,United Kingdom,62,152.94,1,Achats anciens à faible montant
16249,53,5,1800.07,2011-04-14 13:50:00,2011-10-18 10:07:00,United Kingdom,239,360.014,2,Actifs à montant élevé
16250,261,3,791.38,2010-11-18 10:43:00,2011-03-23 15:07:00,United Kingdom,387,263.79333333333335,4,Achats anciens
16251,512,1,128.31,2010-07-15 14:55:00,2010-07-15 14:55:00,United Kingdom,512,128.31,1,Achats anciens à faible montant
16252,383,1,295.09000000000003,2010-11-22 11:57:00,2010-11-22 11:57:00,United Kingdom,383,295.09000000000003,1,Achats anciens à faible montant
16253,67,7,7272.2,2009-12-08 17:24:00,2011-10-04 09:09:00,United Kingdom,731,1038.8857142857144,2,Actifs à montant élevé
16254,378,3,967.44,2010-03-17 15:43:00,2010-11-26 13:22:00,United Kingdom,632,322.48,4,Achats anciens
16255,17,15,4904.25,2010-01-24 12:21:00,2011-11-23 12:40:00,United Kingdom,685,326.95,0,Champions
16256,267,3,1629.37,2010-04-21 10:34:00,2011-03-18 12:18:00,United Kingdom,598,543.1233333333333,4,Achats anciens
16257,177,1,46.95,2011-06-16 10:11:00,2011-06-16 10:11:00,United Kingdom,177,46.95,1,Achats anciens à faible montant
16258,45,15,11942.52,2010-03-10 14:19:00,2011-10-25 13:30:00,United Kingdom,639,796.168,0,Champions
16259,410,3,340.94,2010-04-13 16:57:00,2010-10-25 14:27:00,United Kingdom,605,113.64666666666666,1,Achats anciens à faible montant
16260,51,1,1035.45,2011-10-20 09:40:00,2011-10-20 09:40:00,United Kingdom,51,1035.45,3,Achats récents occasionnels
16261,17,6,1041.16,2010-09-23 16:40:00,2011-11-22 17:23:00,United Kingdom,442,173.52666666666667,2,Actifs à montant élevé
16262,378,1,755.15,2010-11-26 13:22:00,2010-11-26 13:22:00,United Kingdom,378,755.15,1,Achats anciens à faible montant
16263,423,1,348.16,2010-10-12 14:52:00,2010-10-12 14:52:00,United Kingdom,423,348.16,1,Achats anciens à faible montant
16264,438,2,823.53,2010-09-19 16:14:00,2010-09-27 15:00:00,United Kingdom,446,411.765,4,Achats anciens
16265,9,12,6935.17,2010-10-28 15:18:00,2011-11-30 16:41:00,United Kingdom,407,577.9308333333333,0,Champions
16266,74,14,1757.95,2010-02-04 16:21:00,2011-09-27 12:08:00,United Kingdom,673,125.56785714285715,2,Actifs à montant élevé
16267,591,1,186.66,2010-04-27 14:10:00,2010-04-27 14:10:00,United Kingdom,591,186.66,1,Achats anciens à faible montant
16268,71,2,667.65,2011-09-29 18:30:00,2011-09-29 18:30:00,United Kingdom,71,333.825,3,Achats récents occasionnels
16269,438,1,717.57,2010-09-28 11:50:00,2010-09-28 11:50:00,United Kingdom,438,717.57,1,Achats anciens à faible montant
16270,353,1,1141.24,2010-12-21 14:26:00,2010-12-21 14:26:00,United Kingdom,353,1141.24,4,Achats anciens
16271,3,10,3397.82,2010-03-07 12:03:00,2011-12-07 12:45:00,United Kingdom,643,339.78200000000004,0,Champions
16272,117,1,411.7,2011-08-15 10:53:00,2011-08-15 10:54:00,United Kingdom,117,411.7,1,Achats anciens à faible montant
16273,648,2,318.34000000000003,2010-02-21 16:02:00,2010-03-01 13:24:00,United Kingdom,656,159.17000000000002,1,Achats anciens à faible montant
16274,373,1,703.5,2010-12-01 15:35:00,2010-12-01 15:35:00,United Kingdom,373,703.5,1,Achats anciens à faible montant
16275,197,3,2151.11,2010-03-08 14:41:00,2011-05-27 12:41:00,United Kingdom,641,717.0366666666667,4,Achats anciens
16276,177,3,2629.3900000000003,2010-04-11 12:02:00,2011-06-16 09:34:00,United Kingdom,608,876.4633333333335,4,Achats anciens
16277,734,1,188.69,2009-12-06 11:27:00,2009-12-06 11:27:00,United Kingdom,734,188.69,1,Achats anciens à faible montant
16278,100,3,1117.84,2010-07-28 15:40:00,2011-08-31 17:12:00,United Kingdom,499,372.6133333333333,4,Achats anciens
16279,21,9,5698.28,2010-04-22 14:09:00,2011-11-18 15:00:00,United Kingdom,596,633.1422222222222,2,Actifs à montant élevé
16280,725,1,238.05,2009-12-14 15:49:00,2009-12-14 15:49:00,United Kingdom,725,238.05,1,Achats anciens à faible montant
16281,72,3,3424.02,2010-01-26 13:41:00,2011-09-28 14:57:00,United Kingdom,682,1141.34,2,Actifs à montant élevé
16282,340,3,1307.58,2009-12-21 11:52:00,2011-01-04 11:42:00,United Kingdom,719,435.85999999999996,4,Achats anciens
16283,6,8,4350.32,2010-02-28 14:12:00,2011-12-04 12:08:00,United Kingdom,649,543.79,2,Actifs à montant élevé
16284,31,3,1018.48,2010-11-11 13:27:00,2011-11-08 16:12:00,United Kingdom,393,339.49333333333334,3,Achats récents occasionnels
16285,646,1,176.9,2010-03-03 16:03:00,2010-03-03 16:03:00,United Kingdom,646,176.9,1,Achats anciens à faible montant
16286,477,2,328.95,2010-03-26 09:58:00,2010-08-19 14:48:00,United Kingdom,624,164.475,1,Achats anciens à faible montant
16287,170,5,1006.98,2010-01-19 09:46:00,2011-06-23 09:08:00,United Kingdom,690,201.39600000000002,4,Achats anciens
16288,470,1,129.85,2010-08-26 14:45:00,2010-08-26 14:45:00,United Kingdom,470,129.85,1,Achats anciens à faible montant
16289,462,1,136.31,2010-09-03 14:02:00,2010-09-03 14:02:00,United Kingdom,462,136.31,1,Achats anciens à faible montant
16290,465,4,1957.7,2010-05-23 11:46:00,2010-09-01 11:52:00,United Kingdom,566,489.425,4,Achats anciens
16291,682,1,117.72,2010-01-26 16:26:00,2010-01-26 16:26:00,Portugal,682,117.72,1,Achats anciens à faible montant
16292,122,5,1253.76,2010-04-14 13:29:00,2011-08-10 12:24:00,United Kingdom,604,250.752,4,Achats anciens
16293,22,15,4657.95,2009-12-11 09:58:00,2011-11-18 09:58:00,United Kingdom,729,310.53,0,Champions
16294,477,1,126.05000000000001,2010-08-20 12:01:00,2010-08-20 12:01:00,United Kingdom,477,126.05000000000001,1,Achats anciens à faible montant
16295,10,4,1328.55,2011-10-06 10:45:00,2011-11-30 08:17:00,United Kingdom,65,332.1375,3,Achats récents occasionnels
16296,626,4,1313.67,2009-12-18 12:03:00,2010-03-23 13:11:00,United Kingdom,722,328.4175,4,Achats anciens
16297,269,1,301.9,2011-03-16 08:29:00,2011-03-16 08:29:00,United Kingdom,269,301.9,1,Achats anciens à faible montant
16298,23,7,1085.7,2010-09-23 15:23:00,2011-11-17 11:59:00,United Kingdom,442,155.1,2,Actifs à montant élevé
16299,477,1,193.65,2010-08-19 17:46:00,2010-08-19 17:46:00,United Kingdom,477,193.65,1,Achats anciens à faible montant
16300,430,3,1367.32,2010-02-02 11:40:00,2010-10-05 13:14:00,United Kingdom,676,455.7733333333333,4,Achats anciens
16301,737,1,107.33,2009-12-03 10:20:00,2009-12-03 10:20:00,United Kingdom,737,107.33,1,Achats anciens à faible montant
16302,127,1,233.22,2011-08-05 09:44:00,2011-08-05 09:44:00,United Kingdom,127,233.22,1,Achats anciens à faible montant
16303,26,7,7928.27,2010-03-18 14:12:00,2011-11-14 10:49:00,United Kingdom,631,1132.6100000000001,2,Actifs à montant élevé
16304,695,1,381.66,2010-01-14 08:30:00,2010-01-14 08:30:00,United Kingdom,695,381.66,1,Achats anciens à faible montant
16305,139,1,361.21999999999997,2011-07-24 12:18:00,2011-07-24 12:18:00,United Kingdom,139,361.21999999999997,1,Achats anciens à faible montant
16306,214,7,1192.82,2010-10-01 09:36:00,2011-05-10 12:12:00,United Kingdom,435,170.40285714285713,4,Achats anciens
16307,429,3,1194.92,2010-05-11 14:40:00,2010-10-06 14:31:00,United Kingdom,577,398.3066666666667,4,Achats anciens
16308,38,7,5120.0,2009-12-15 15:48:00,2011-11-02 11:24:00,United Kingdom,724,731.4285714285714,2,Actifs à montant élevé
16309,106,2,706.57,2011-04-13 11:46:00,2011-08-25 15:35:00,United Kingdom,241,353.285,4,Achats anciens
16310,414,2,460.08,2010-03-07 15:41:00,2010-10-21 14:47:00,United Kingdom,642,230.04,1,Achats anciens à faible montant
16311,18,2,616.26,2011-10-21 13:13:00,2011-11-22 08:54:00,United Kingdom,49,308.13,3,Achats récents occasionnels
16312,432,1,171.15,2010-10-03 14:15:00,2010-10-03 14:15:00,United Kingdom,432,171.15,1,Achats anciens à faible montant
16313,3,2,274.15000000000003,2011-10-21 09:04:00,2011-12-06 13:02:00,United Kingdom,50,137.07500000000002,3,Achats récents occasionnels
16314,390,3,1491.4,2010-08-24 11:52:00,2010-11-15 12:06:00,United Kingdom,473,497.1333333333334,4,Achats anciens
16315,331,2,402.71,2010-06-21 13:53:00,2011-01-13 11:57:00,United Kingdom,536,201.355,1,Achats anciens à faible montant
16316,64,13,5744.91,2010-08-03 14:38:00,2011-10-06 13:48:00,United Kingdom,493,441.91615384615386,2,Actifs à montant élevé
16317,120,5,2192.51,2010-05-04 10:17:00,2011-08-12 12:46:00,United Kingdom,585,438.50200000000007,4,Achats anciens
16318,35,1,328.15,2011-11-04 13:05:00,2011-11-04 13:05:00,United Kingdom,35,328.15,3,Achats récents occasionnels
16319,218,1,404.40000000000003,2011-05-06 11:27:00,2011-05-06 11:27:00,United Kingdom,218,404.40000000000003,1,Achats anciens à faible montant
16320,172,6,5628.99,2010-01-27 13:29:00,2011-06-20 15:25:00,Unspecified,681,938.165,2,Actifs à montant élevé
16321,72,7,604.5500000000001,2009-12-01 10:36:00,2011-09-28 14:55:00,Australia,739,86.36428571428573,2,Actifs à montant élevé
16322,1,2,326.75,2011-11-03 14:33:00,2011-12-08 15:41:00,United Kingdom,36,163.375,3,Achats récents occasionnels
16323,196,2,353.66,2010-05-11 09:48:00,2011-05-27 14:48:00,United Kingdom,578,176.83,1,Achats anciens à faible montant
16324,128,3,408.59000000000003,2011-06-15 14:26:00,2011-08-03 12:58:00,United Kingdom,177,136.1966666666667,4,Achats anciens
16325,47,12,3597.5,2009-12-04 13:21:00,2011-10-24 08:48:00,United Kingdom,735,299.7916666666667,2,Actifs à montant élevé
16326,6,24,4721.25,2010-01-28 13:23:00,2011-12-04 10:11:00,United Kingdom,680,196.71875,0,Champions
16327,14,16,10695.24,2009-12-14 13:06:00,2011-11-25 13:23:00,United Kingdom,725,668.4525,0,Champions
16328,563,1,310.83,2010-05-25 14:02:00,2010-05-25 14:02:00,United Kingdom,563,310.83,1,Achats anciens à faible montant
16329,428,4,1664.92,2009-12-01 11:34:00,2010-10-08 12:44:00,United Kingdom,739,416.23,4,Achats anciens
16330,18,7,625.38,2010-02-15 12:36:00,2011-11-22 12:24:00,United Kingdom,663,89.34,3,Achats récents occasionnels
16331,432,6,2037.7,2010-03-07 10:55:00,2010-10-03 13:47:00,United Kingdom,643,339.6166666666667,4,Achats anciens
16332,28,11,2000.01,2010-04-29 13:41:00,2011-11-11 14:22:00,United Kingdom,589,181.8190909090909,2,Actifs à montant élevé
16333,8,22,26626.8,2011-02-03 10:50:00,2011-12-02 12:19:00,United Kingdom,310,1210.3090909090909,0,Champions
16334,492,1,263.73,2010-08-04 16:38:00,2010-08-04 16:38:00,United Kingdom,492,263.73,1,Achats anciens à faible montant
16335,552,7,2753.52,2009-12-04 10:18:00,2010-06-06 11:35:00,United Kingdom,736,393.36,4,Achats anciens
16336,421,4,3517.69,2010-03-18 08:05:00,2010-10-15 12:32:00,United Kingdom,632,879.4225,4,Achats anciens
16337,37,1,151.05,2011-11-03 10:03:00,2011-11-03 10:03:00,United Kingdom,37,151.05,3,Achats récents occasionnels
16338,157,1,214.79999999999998,2011-07-05 13:56:00,2011-07-05 13:56:00,United Kingdom,157,214.79999999999998,1,Achats anciens à faible montant
16339,284,1,94.05,2011-02-28 13:41:00,2011-02-28 13:41:00,United Kingdom,284,94.05,1,Achats anciens à faible montant
16340,107,3,1496.24,2010-06-06 13:26:00,2011-08-24 14:53:00,United Kingdom,551,498.74666666666667,4,Achats anciens
16341,25,7,3850.79,2010-04-09 10:30:00,2011-11-15 09:12:00,United Kingdom,610,550.1128571428571,2,Actifs à montant élevé
16342,75,4,322.41,2011-06-13 10:10:00,2011-09-25 14:36:00,United Kingdom,180,80.6025,3,Achats récents occasionnels
16343,16,3,614.12,2010-10-28 14:15:00,2011-11-23 17:45:00,United Kingdom,407,204.70666666666668,3,Achats récents occasionnels
16344,158,4,842.42,2010-02-09 12:16:00,2011-07-04 15:50:00,United Kingdom,669,210.605,4,Achats anciens
16345,44,2,1178.79,2010-08-13 17:13:00,2011-10-26 16:03:00,United Kingdom,483,589.395,3,Achats récents occasionnels
16346,385,1,224.51,2010-11-19 15:55:00,2010-11-19 15:55:00,United Kingdom,385,224.51,1,Achats anciens à faible montant
16347,11,11,3442.96,2010-03-12 12:41:00,2011-11-28 13:14:00,United Kingdom,638,312.99636363636364,2,Actifs à montant élevé
16348,32,8,1744.42,2010-10-05 13:57:00,2011-11-07 15:44:00,United Kingdom,430,218.0525,2,Actifs à montant élevé
16349,291,1,53.5,2011-02-22 12:40:00,2011-02-22 12:40:00,United Kingdom,291,53.5,1,Achats anciens à faible montant
16350,21,9,2253.89,2010-10-07 16:33:00,2011-11-18 15:53:00,United Kingdom,428,250.4322222222222,2,Actifs à montant élevé
16351,333,13,3330.0299999999997,2009-12-04 16:12:00,2011-01-11 10:26:00,United Kingdom,735,256.1561538461538,2,Actifs à montant élevé
16352,18,2,494.44,2011-11-02 08:44:00,2011-11-22 10:32:00,United Kingdom,38,247.22,3,Achats récents occasionnels
16353,4,38,9999.460000000001,2009-12-07 13:55:00,2011-12-06 12:23:00,United Kingdom,732,263.1436842105263,0,Champions
16354,63,5,1119.46,2010-04-27 13:33:00,2011-10-07 14:28:00,United Kingdom,591,223.892,2,Actifs à montant élevé
16355,375,1,416.35,2010-11-29 14:21:00,2010-11-29 14:21:00,United Kingdom,375,416.35,1,Achats anciens à faible montant
16356,198,6,415.87,2010-06-06 11:26:00,2011-05-26 11:51:00,United Kingdom,552,69.31166666666667,4,Achats anciens
16357,33,4,868.37,2010-11-23 18:52:00,2011-11-06 16:04:00,United Kingdom,381,217.0925,3,Achats récents occasionnels
16358,1,5,2919.65,2010-11-10 11:36:00,2011-12-08 15:09:00,United Kingdom,395,583.9300000000001,2,Actifs à montant élevé
16359,7,16,2697.75,2010-02-16 10:39:00,2011-12-02 17:04:00,United Kingdom,662,168.609375,0,Champions
16360,5,6,3450.41,2011-09-12 13:50:00,2011-12-05 12:16:00,United Kingdom,88,575.0683333333333,2,Actifs à montant élevé
16361,10,4,891.21,2011-09-29 13:13:00,2011-11-30 12:32:00,United Kingdom,71,222.8025,3,Achats récents occasionnels
16362,32,6,922.16,2010-09-28 09:24:00,2011-11-07 13:01:00,United Kingdom,438,153.69333333333333,2,Actifs à montant élevé
16363,53,1,109.36000000000001,2011-10-17 14:14:00,2011-10-17 14:14:00,United Kingdom,53,109.36000000000001,1,Achats anciens à faible montant
16364,12,2,705.79,2011-07-25 14:35:00,2011-11-28 11:27:00,United Kingdom,137,352.895,3,Achats récents occasionnels
16365,18,15,3307.2,2009-12-11 12:41:00,2011-11-22 11:24:00,United Kingdom,729,220.48,2,Actifs à montant élevé
16366,19,4,1548.1299999999999,2009-12-16 10:39:00,2011-11-21 08:19:00,United Kingdom,724,387.03249999999997,3,Achats récents occasionnels
16367,37,3,1350.48,2010-11-21 13:23:00,2011-11-02 13:13:00,United Kingdom,383,450.16,3,Achats récents occasionnels
16368,2,3,621.44,2010-09-30 11:30:00,2011-12-07 13:12:00,United Kingdom,436,207.14666666666668,3,Achats récents occasionnels
16369,18,7,2656.56,2010-04-07 16:52:00,2011-11-21 16:25:00,United Kingdom,611,379.50857142857143,2,Actifs à montant élevé
16370,82,4,1301.91,2011-04-28 16:40:00,2011-09-18 15:55:00,United Kingdom,225,325.4775,4,Achats anciens
16371,449,1,157.2,2010-09-17 12:09:00,2010-09-17 12:09:00,United Kingdom,449,157.2,1,Achats anciens à faible montant
16372,33,5,1290.31,2010-04-11 15:20:00,2011-11-06 13:08:00,United Kingdom,607,258.062,2,Actifs à montant élevé
16373,382,2,309.49,2010-10-24 13:10:00,2010-11-22 15:50:00,United Kingdom,411,154.745,1,Achats anciens à faible montant
16374,66,5,1723.4,2010-04-30 13:10:00,2011-10-04 15:21:00,United Kingdom,588,344.68,2,Actifs à montant élevé
16375,470,2,104.0,2010-08-26 14:12:00,2010-08-26 14:25:00,United Kingdom,470,52.0,1,Achats anciens à faible montant
16376,9,2,974.96,2011-11-22 16:47:00,2011-12-01 11:38:00,United Kingdom,17,487.48,3,Achats récents occasionnels
16377,267,2,1308.48,2010-04-01 10:36:00,2011-03-17 15:41:00,United Kingdom,618,654.24,4,Achats anciens
16378,247,3,362.95,2011-02-02 12:42:00,2011-04-06 15:07:00,United Kingdom,311,120.98333333333333,4,Achats anciens
16379,4,4,2157.4,2011-09-22 09:33:00,2011-12-05 15:38:00,United Kingdom,79,539.35,2,Actifs à montant élevé
16380,61,1,1743.1499999999999,2011-10-09 15:40:00,2011-10-09 15:40:00,United Kingdom,61,1743.1499999999999,3,Achats récents occasionnels
16381,396,2,247.85,2010-10-17 13:06:00,2010-11-09 09:56:00,United Kingdom,418,123.925,1,Achats anciens à faible montant
16382,408,2,353.1,2010-06-07 12:42:00,2010-10-27 16:23:00,United Kingdom,551,176.55,1,Achats anciens à faible montant
16383,75,7,2896.69,2010-02-04 13:18:00,2011-09-26 12:45:00,United Kingdom,673,413.8128571428571,2,Actifs à montant élevé
16384,90,4,1358.95,2010-04-28 14:01:00,2011-09-11 11:19:00,United Kingdom,590,339.7375,4,Achats anciens
16385,60,5,1028.55,2010-03-18 12:45:00,2011-10-10 13:12:00,United Kingdom,632,205.70999999999998,2,Actifs à montant élevé
16386,29,3,1068.16,2010-11-17 11:19:00,2011-11-11 12:28:00,United Kingdom,388,356.05333333333334,3,Achats récents occasionnels
16387,323,5,882.46,2010-03-11 12:22:00,2011-01-21 11:34:00,United Kingdom,639,176.49200000000002,4,Achats anciens
16388,654,1,186.05,2010-02-24 10:20:00,2010-02-24 10:20:00,United Kingdom,654,186.05,1,Achats anciens à faible montant
16389,53,4,1382.07,2011-03-01 15:47:00,2011-10-17 14:41:00,United Kingdom,283,345.5175,2,Actifs à montant élevé
16390,537,3,467.5,2010-01-29 15:25:00,2010-06-21 10:11:00,United Kingdom,679,155.83333333333334,4,Achats anciens
16391,401,4,1052.26,2010-05-27 11:27:00,2010-11-04 12:27:00,United Kingdom,562,263.065,4,Achats anciens
16392,270,3,756.7,2010-05-27 11:17:00,2011-03-15 12:11:00,United Kingdom,562,252.23333333333335,4,Achats anciens
16393,2,23,5482.57,2009-12-01 12:13:00,2011-12-07 12:51:00,United Kingdom,739,238.37260869565216,0,Champions
16394,57,5,1555.34,2011-02-23 10:58:00,2011-10-14 09:48:00,United Kingdom,290,311.068,2,Actifs à montant élevé
16395,61,14,3518.41,2009-12-06 12:26:00,2011-10-10 12:50:00,United Kingdom,734,251.315,2,Actifs à montant élevé
16396,476,1,137.8,2010-08-20 14:17:00,2010-08-20 14:17:00,United Kingdom,476,137.8,1,Achats anciens à faible montant
16397,628,1,123.13,2010-03-21 15:36:00,2010-03-21 15:36:00,United Kingdom,628,123.13,1,Achats anciens à faible montant
16398,154,2,1705.8,2011-03-31 09:38:00,2011-07-08 15:16:00,United Kingdom,254,852.9,4,Achats anciens
16399,19,3,630.22,2010-11-15 15:03:00,2011-11-20 16:12:00,United Kingdom,389,210.07333333333335,3,Achats récents occasionnels
16400,95,9,3059.85,2009-12-08 12:38:00,2011-09-06 12:27:00,United Kingdom,732,339.98333333333335,2,Actifs à montant élevé
16401,1,23,6849.15,2010-06-02 13:13:00,2011-12-08 18:15:00,United Kingdom,555,297.7891304347826,0,Champions
16402,265,2,499.1,2010-12-05 13:42:00,2011-03-20 12:25:00,United Kingdom,369,249.55,4,Achats anciens
16403,312,1,177.5,2011-01-31 13:39:00,2011-01-31 13:39:00,United Kingdom,312,177.5,1,Achats anciens à faible montant
16404,70,1,443.05,2011-09-30 14:55:00,2011-09-30 14:55:00,United Kingdom,70,443.05,3,Achats récents occasionnels
16405,302,2,167.25,2011-02-02 17:08:00,2011-02-10 15:24:00,United Kingdom,310,83.625,1,Achats anciens à faible montant
16406,19,3,528.36,2010-02-24 11:51:00,2011-11-21 11:57:00,United Kingdom,654,176.12,3,Achats récents occasionnels
16407,13,14,2761.65,2010-10-03 13:56:00,2011-11-27 11:05:00,United Kingdom,432,197.2607142857143,2,Actifs à montant élevé
16408,591,1,231.93,2010-04-27 14:08:00,2010-04-27 14:08:00,United Kingdom,591,231.93,1,Achats anciens à faible montant
16409,36,12,5652.74,2009-12-13 15:38:00,2011-11-03 16:45:00,United Kingdom,726,471.06166666666667,2,Actifs à montant élevé
16410,734,1,130.32,2009-12-05 14:51:00,2009-12-05 14:51:00,United Kingdom,734,130.32,1,Achats anciens à faible montant
16411,19,4,884.9399999999999,2010-10-07 15:09:00,2011-11-20 13:23:00,United Kingdom,428,221.23499999999999,3,Achats récents occasionnels
16412,54,5,593.19,2010-02-04 13:46:00,2011-10-17 12:35:00,United Kingdom,673,118.638,3,Achats récents occasionnels
16413,57,2,522.03,2010-11-29 12:49:00,2011-10-14 12:08:00,United Kingdom,376,261.015,3,Achats récents occasionnels
16414,22,5,551.21,2010-01-14 10:21:00,2011-11-18 09:42:00,United Kingdom,695,110.242,3,Achats récents occasionnels
16415,44,3,696.76,2010-02-01 12:30:00,2011-10-26 13:35:00,United Kingdom,677,232.25333333333333,3,Achats récents occasionnels
16416,27,9,2957.88,2010-02-23 12:00:00,2011-11-13 12:50:00,United Kingdom,655,328.65333333333336,2,Actifs à montant élevé
16417,493,1,35.7,2010-08-04 09:08:00,2010-08-04 09:08:00,United Kingdom,493,35.7,1,Achats anciens à faible montant
16418,45,5,1028.74,2010-10-13 12:31:00,2011-10-26 12:39:00,United Kingdom,423,205.748,2,Actifs à montant élevé
16419,113,8,1463.7,2010-02-09 13:26:00,2011-08-19 12:33:00,United Kingdom,668,182.9625,2,Actifs à montant élevé
16420,396,1,75.0,2010-11-08 15:15:00,2010-11-08 15:15:00,United Kingdom,396,75.0,1,Achats anciens à faible montant
16421,376,3,526.27,2010-08-27 12:02:00,2010-11-28 13:31:00,United Kingdom,470,175.42333333333332,4,Achats anciens
16422,17,109,63589.07,2010-01-12 11:57:00,2011-11-22 14:00:00,United Kingdom,697,583.3859633027523,0,Champions
16423,25,1,346.12,2011-11-15 09:21:00,2011-11-15 09:21:00,United Kingdom,25,346.12,3,Achats récents occasionnels
16424,191,2,443.06,2010-11-22 11:24:00,2011-06-01 13:40:00,United Kingdom,383,221.53,1,Achats anciens à faible montant
16425,302,1,302.7,2011-02-10 14:30:00,2011-02-10 14:30:00,United Kingdom,302,302.7,1,Achats anciens à faible montant
16426,2,10,1863.76,2011-03-08 15:45:00,2011-12-07 14:01:00,United Kingdom,276,186.376,0,Champions
16427,263,2,241.06,2011-02-28 15:18:00,2011-03-21 17:10:00,United Kingdom,284,120.53,1,Achats anciens à faible montant
16428,414,3,638.49,2010-07-30 12:10:00,2010-10-22 12:22:00,United Kingdom,498,212.83,4,Achats anciens
16429,106,1,284.55,2011-08-25 13:54:00,2011-08-25 13:54:00,United Kingdom,106,284.55,1,Achats anciens à faible montant
16430,57,7,1117.94,2010-01-27 12:45:00,2011-10-13 14:47:00,United Kingdom,682,159.7057142857143,2,Actifs à montant élevé
16431,213,3,623.28,2011-02-15 14:02:00,2011-05-10 14:09:00,United Kingdom,297,207.76,4,Achats anciens
16432,64,1,287.4,2011-10-06 13:59:00,2011-10-06 13:59:00,United Kingdom,64,287.4,3,Achats récents occasionnels
16433,28,2,384.52,2010-10-27 12:26:00,2011-11-11 14:09:00,United Kingdom,409,192.26,3,Achats récents occasionnels
16434,29,12,2673.69,2010-01-17 14:51:00,2011-11-10 14:28:00,United Kingdom,691,222.8075,2,Actifs à montant élevé
16435,512,3,1003.0699999999999,2010-07-13 13:29:00,2010-07-15 18:22:00,United Kingdom,514,334.3566666666666,4,Achats anciens
16436,668,3,319.14,2009-12-06 16:02:00,2010-02-09 13:19:00,United Kingdom,733,106.38,1,Achats anciens à faible montant
16437,381,2,301.25,2010-10-06 12:34:00,2010-11-23 16:59:00,United Kingdom,430,150.625,1,Achats anciens à faible montant
16438,6,5,798.35,2011-09-18 13:31:00,2011-12-04 10:51:00,United Kingdom,82,159.67000000000002,3,Achats récents occasionnels
16439,722,1,310.70000000000005,2009-12-17 14:22:00,2009-12-17 14:22:00,United Kingdom,722,310.70000000000005,1,Achats anciens à faible montant
16440,8,6,3856.9700000000003,2010-08-03 11:32:00,2011-12-02 12:02:00,United Kingdom,494,642.8283333333334,2,Actifs à montant élevé
16441,67,5,1019.13,2010-03-22 18:00:00,2011-10-03 17:48:00,United Kingdom,627,203.826,4,Achats anciens
16442,2,5,891.98,2009-12-13 11:05:00,2011-12-08 11:43:00,United Kingdom,727,178.39600000000002,3,Achats récents occasionnels
16443,521,1,162.24,2010-07-07 11:57:00,2010-07-07 11:57:00,United Kingdom,521,162.24,1,Achats anciens à faible montant
16444,46,17,3625.88,2010-03-24 14:06:00,2011-10-24 13:50:00,United Kingdom,625,213.2870588235294,2,Actifs à montant élevé
16445,34,4,583.16,2010-10-24 12:39:00,2011-11-06 12:32:00,United Kingdom,412,145.79,3,Achats récents occasionnels
16446,1,2,168472.5,2011-05-18 09:52:00,2011-12-09 09:15:00,United Kingdom,206,84236.25,0,Champions
16447,136,3,727.1,2010-02-17 14:09:00,2011-07-27 12:45:00,United Kingdom,660,242.36666666666667,4,Achats anciens
16448,198,2,361.12,2010-08-25 16:58:00,2011-05-25 16:28:00,United Kingdom,471,180.56,1,Achats anciens à faible montant
16449,198,2,707.69,2011-03-04 12:15:00,2011-05-26 10:25:00,United Kingdom,281,353.845,4,Achats anciens
16450,150,3,1505.73,2010-02-21 15:46:00,2011-07-13 11:47:00,United Kingdom,656,501.91,4,Achats anciens
16451,88,3,1013.15,2009-12-04 15:11:00,2011-09-13 09:17:00,United Kingdom,735,337.71666666666664,4,Achats anciens
16452,631,2,332.17,2010-01-15 12:22:00,2010-03-19 12:39:00,United Kingdom,694,166.085,1,Achats anciens à faible montant
16453,531,2,251.71,2010-06-09 13:15:00,2010-06-27 12:46:00,United Kingdom,548,125.855,1,Achats anciens à faible montant
16454,45,4,30.950000000000003,2010-04-07 15:54:00,2011-10-26 11:40:00,United Kingdom,611,7.737500000000001,1,Achats anciens à faible montant
16455,64,11,4376.87,2010-03-30 10:31:00,2011-10-07 12:17:00,United Kingdom,620,397.8972727272727,2,Actifs à montant élevé
16456,99,13,6788.34,2010-03-29 11:16:00,2011-09-01 13:50:00,United Kingdom,621,522.1800000000001,2,Actifs à montant élevé
16457,218,1,208.36,2011-05-05 13:19:00,2011-05-05 13:19:00,United Kingdom,218,208.36,1,Achats anciens à faible montant
16458,3,30,5690.89,2010-05-26 14:38:00,2011-12-07 09:34:00,United Kingdom,562,189.69633333333334,0,Champions
16459,730,1,71.78999999999999,2009-12-10 12:42:00,2009-12-10 12:42:00,United Kingdom,730,71.78999999999999,1,Achats anciens à faible montant
16460,28,3,811.23,2011-09-19 10:15:00,2011-11-11 13:46:00,United Kingdom,82,270.41,3,Achats récents occasionnels
16461,178,3,1545.83,2010-03-03 13:57:00,2011-06-15 12:07:00,United Kingdom,646,515.2766666666666,4,Achats anciens
16462,74,3,136.0,2011-03-01 08:58:00,2011-09-27 10:24:00,United Kingdom,284,45.333333333333336,3,Achats récents occasionnels
16463,21,4,1422.4,2011-05-19 14:45:00,2011-11-18 14:01:00,United Kingdom,204,355.6,3,Achats récents occasionnels
16464,20,3,1298.66,2011-07-20 13:53:00,2011-11-20 12:11:00,United Kingdom,142,432.8866666666667,3,Achats récents occasionnels
16465,421,2,746.24,2010-09-21 10:46:00,2010-10-15 09:27:00,United Kingdom,445,373.12,4,Achats anciens
16466,34,15,3767.09,2010-03-07 14:31:00,2011-11-06 11:35:00,United Kingdom,642,251.13933333333335,2,Actifs à montant élevé
16467,509,7,2869.16,2009-12-02 11:59:00,2010-07-19 11:49:00,United Kingdom,738,409.88,4,Achats anciens
16468,74,3,787.52,2010-08-15 13:10:00,2011-09-26 14:13:00,United Kingdom,481,262.50666666666666,3,Achats récents occasionnels
16469,24,5,803.9,2010-07-13 13:17:00,2011-11-16 12:25:00,United Kingdom,514,160.78,3,Achats récents occasionnels
16470,52,11,2416.85,2009-12-11 12:21:00,2011-10-19 12:11:00,United Kingdom,729,219.71363636363637,2,Actifs à montant élevé
16471,275,4,1189.98,2010-02-25 10:07:00,2011-03-10 09:41:00,United Kingdom,653,297.495,4,Achats anciens
16472,434,2,789.6,2010-04-21 11:48:00,2010-10-01 13:56:00,United Kingdom,598,394.8,4,Achats anciens
16473,165,4,470.83,2010-11-30 16:29:00,2011-06-28 09:10:00,United Kingdom,374,117.7075,4,Achats anciens
16474,7,7,1810.65,2011-07-17 14:51:00,2011-12-02 13:02:00,United Kingdom,145,258.6642857142857,2,Actifs à montant élevé
16475,88,4,544.3,2011-03-11 09:39:00,2011-09-12 14:37:00,United Kingdom,274,136.075,4,Achats anciens
16476,432,1,350.35,2010-10-04 10:29:00,2010-10-04 10:29:00,United Kingdom,432,350.35,1,Achats anciens à faible montant
16477,64,11,4320.02,2010-08-12 09:43:00,2011-10-07 09:44:00,United Kingdom,485,392.7290909090909,2,Actifs à montant élevé
16478,25,3,331.0,2011-10-05 12:02:00,2011-11-14 15:51:00,United Kingdom,66,110.33333333333333,3,Achats récents occasionnels
16479,10,2,300.83,2011-11-29 13:04:00,2011-11-29 13:40:00,United Kingdom,10,150.415,3,Achats récents occasionnels
16480,76,1,769.29,2011-09-25 11:40:00,2011-09-25 11:40:00,United Kingdom,76,769.29,3,Achats récents occasionnels
16481,682,1,453.38,2010-01-26 13:09:00,2010-01-26 13:09:00,United Kingdom,682,453.38,1,Achats anciens à faible montant
16482,16,1,220.62,2011-11-24 12:33:00,2011-11-24 12:33:00,United Kingdom,16,220.62,3,Achats récents occasionnels
16483,192,1,139.35,2011-05-31 13:08:00,2011-05-31 13:08:00,United Kingdom,192,139.35,1,Achats anciens à faible montant
16484,174,2,404.3,2011-06-02 10:39:00,2011-06-19 12:06:00,United Kingdom,191,202.15,1,Achats anciens à faible montant
16485,77,5,2287.19,2009-12-06 12:28:00,2011-09-23 15:50:00,United Kingdom,734,457.438,2,Actifs à montant élevé
16486,538,1,134.36,2010-06-20 12:16:00,2010-06-20 12:16:00,United Kingdom,538,134.36,1,Achats anciens à faible montant
16487,577,2,209.4,2010-02-18 17:36:00,2010-05-11 13:38:00,United Kingdom,659,104.7,1,Achats anciens à faible montant
16488,33,3,498.8,2011-07-14 11:46:00,2011-11-06 13:42:00,United Kingdom,149,166.26666666666668,3,Achats récents occasionnels
16489,380,2,303.7,2010-09-29 15:02:00,2010-11-24 14:40:00,United Kingdom,436,151.85,1,Achats anciens à faible montant
16490,436,1,205.41000000000003,2010-09-29 16:30:00,2010-09-29 16:30:00,United Kingdom,436,205.41000000000003,1,Achats anciens à faible montant
16491,47,2,1533.16,2010-10-22 15:42:00,2011-10-24 10:18:00,United Kingdom,413,766.58,3,Achats récents occasionnels
16492,541,1,385.56,2010-06-17 08:20:00,2010-06-17 08:20:00,United Kingdom,541,385.56,1,Achats anciens à faible montant
16493,80,7,2132.09,2010-03-26 13:05:00,2011-09-21 11:10:00,United Kingdom,623,304.5842857142857,2,Actifs à montant élevé
16494,297,1,826.53,2011-02-16 12:49:00,2011-02-16 12:49:00,United Kingdom,297,826.53,4,Achats anciens
16495,3,3,648.26,2011-03-08 16:38:00,2011-12-06 13:20:00,United Kingdom,276,216.08666666666667,3,Achats récents occasionnels
16496,9,6,2330.77,2010-07-18 13:42:00,2011-12-01 10:31:00,United Kingdom,509,388.46166666666664,2,Actifs à montant élevé
16497,50,23,6695.28,2009-12-03 14:11:00,2011-10-21 10:55:00,United Kingdom,736,291.0991304347826,0,Champions
16498,161,2,100.97,2011-06-30 19:52:00,2011-07-01 15:07:00,United Kingdom,162,50.485,1,Achats anciens à faible montant
16499,360,8,2578.34,2010-06-11 12:22:00,2010-12-14 13:31:00,United Kingdom,547,322.2925,4,Achats anciens
16500,5,9,843.9100000000001,2010-06-14 14:54:00,2011-12-05 12:04:00,United Kingdom,543,93.76777777777778,2,Actifs à montant élevé
16501,383,1,1191.23,2010-11-21 14:10:00,2010-11-21 14:10:00,United Kingdom,383,1191.23,4,Achats anciens
16502,620,2,258.55,2010-03-29 13:39:00,2010-03-29 13:44:00,United Kingdom,620,129.275,1,Achats anciens à faible montant
16503,107,11,3614.34,2010-06-21 14:07:00,2011-08-25 11:46:00,United Kingdom,536,328.5763636363636,2,Actifs à montant élevé
16504,25,1,465.88,2011-11-14 15:18:00,2011-11-14 15:18:00,United Kingdom,25,465.88,3,Achats récents occasionnels
16505,32,1,777.6,2011-11-08 12:14:00,2011-11-08 12:14:00,United Kingdom,32,777.6,3,Achats récents occasionnels
16506,20,2,90.30000000000001,2011-10-30 15:50:00,2011-11-20 12:17:00,United Kingdom,40,45.150000000000006,3,Achats récents occasionnels
16507,572,1,142.71,2010-05-16 12:56:00,2010-05-16 12:56:00,United Kingdom,572,142.71,1,Achats anciens à faible montant
16508,630,1,240.95,2010-03-19 13:41:00,2010-03-19 13:41:00,United Kingdom,630,240.95,1,Achats anciens à faible montant
16509,297,1,363.7,2011-02-16 09:25:00,2011-02-16 09:25:00,United Kingdom,297,363.7,1,Achats anciens à faible montant
16510,372,6,2025.6,2010-01-17 12:30:00,2010-12-02 13:39:00,United Kingdom,692,337.59999999999997,4,Achats anciens
16511,22,6,1760.49,2010-03-01 12:21:00,2011-11-18 10:41:00,United Kingdom,649,293.415,2,Actifs à montant élevé
16513,5,4,874.59,2011-10-27 14:56:00,2011-12-05 10:18:00,United Kingdom,43,218.6475,3,Achats récents occasionnels
16515,52,10,3179.06,2010-06-17 12:17:00,2011-10-18 13:10:00,United Kingdom,541,317.906,2,Actifs à montant élevé
16516,30,1,101.69999999999999,2011-11-09 14:59:00,2011-11-09 14:59:00,United Kingdom,30,101.69999999999999,3,Achats récents occasionnels
16517,277,1,162.7,2011-03-07 13:50:00,2011-03-07 13:50:00,United Kingdom,277,162.7,1,Achats anciens à faible montant
16518,61,4,959.37,2010-06-01 13:31:00,2011-10-09 15:04:00,United Kingdom,556,239.8425,3,Achats récents occasionnels
16519,25,4,542.76,2010-03-01 13:51:00,2011-11-14 15:41:00,United Kingdom,648,135.69,3,Achats récents occasionnels
16520,186,6,2474.14,2010-03-02 16:50:00,2011-06-06 13:24:00,United Kingdom,647,412.3566666666666,4,Achats anciens
16521,415,3,1140.11,2010-03-01 13:22:00,2010-10-20 13:09:00,United Kingdom,648,380.03666666666663,4,Achats anciens
16522,436,2,433.36,2010-09-15 13:32:00,2010-09-30 10:54:00,United Kingdom,450,216.68,1,Achats anciens à faible montant
16523,2,28,11916.33,2010-01-24 13:14:00,2011-12-08 09:06:00,United Kingdom,684,425.5832142857143,0,Champions
16524,446,2,306.19,2010-01-17 13:16:00,2010-09-19 13:37:00,United Kingdom,691,153.095,1,Achats anciens à faible montant
16525,2,48,24562.74,2009-12-02 13:53:00,2011-12-07 15:07:00,United Kingdom,737,511.72375000000005,0,Champions
16526,172,2,717.21,2010-05-04 16:34:00,2011-06-21 12:02:00,United Kingdom,584,358.605,4,Achats anciens
16527,81,2,1232.94,2010-10-11 13:25:00,2011-09-19 16:21:00,United Kingdom,424,616.47,4,Achats anciens
16528,4,1,244.41,2011-12-06 12:45:00,2011-12-06 12:45:00,United Kingdom,4,244.41,3,Achats récents occasionnels
16529,190,4,1986.8,2010-06-27 13:29:00,2011-06-02 17:23:00,United Kingdom,530,496.7,4,Achats anciens
16530,668,1,48.349999999999994,2010-02-09 15:30:00,2010-02-09 15:30:00,United Kingdom,668,48.349999999999994,1,Achats anciens à faible montant
16531,22,11,2298.33,2010-09-24 09:49:00,2011-11-17 16:29:00,United Kingdom,442,208.9390909090909,2,Actifs à montant élevé
16532,18,5,8756.64,2010-03-29 10:26:00,2011-11-22 11:08:00,United Kingdom,621,1751.328,2,Actifs à montant élevé
16533,19,3,1082.81,2011-10-02 15:07:00,2011-11-20 13:08:00,United Kingdom,68,360.93666666666667,3,Achats récents occasionnels
16534,642,1,635.9,2010-03-07 15:47:00,2010-03-07 15:47:00,United Kingdom,642,635.9,1,Achats anciens à faible montant
16535,5,3,972.04,2010-01-28 15:26:00,2011-12-04 15:18:00,United Kingdom,680,324.0133333333333,3,Achats récents occasionnels
16536,110,1,548.12,2011-08-21 15:54:00,2011-08-21 15:54:00,United Kingdom,110,548.12,1,Achats anciens à faible montant
16537,641,1,23.35,2010-03-08 13:41:00,2010-03-08 13:41:00,United Kingdom,641,23.35,1,Achats anciens à faible montant
16538,541,3,395.07,2010-04-23 16:25:00,2010-06-16 16:59:00,United Kingdom,595,131.69,4,Achats anciens
16539,3,10,3732.01,2010-06-25 15:24:00,2011-12-07 08:41:00,United Kingdom,532,373.201,0,Champions
16540,414,1,205.75,2010-10-21 17:22:00,2010-10-21 17:22:00,United Kingdom,414,205.75,1,Achats anciens à faible montant
16541,735,1,424.03,2009-12-04 13:22:00,2009-12-04 13:22:00,United Kingdom,735,424.03,1,Achats anciens à faible montant
16542,54,2,257.32,2010-11-03 14:44:00,2011-10-17 10:47:00,United Kingdom,401,128.66,3,Achats récents occasionnels
16543,592,1,292.21,2010-04-27 11:38:00,2010-04-27 11:38:00,United Kingdom,592,292.21,1,Achats anciens à faible montant
16544,520,4,376.70000000000005,2010-02-15 13:20:00,2010-07-08 11:11:00,United Kingdom,662,94.17500000000001,4,Achats anciens
16545,165,2,689.82,2010-11-29 10:39:00,2011-06-28 10:37:00,United Kingdom,376,344.91,4,Achats anciens
16546,291,5,5606.47,2010-09-23 15:43:00,2011-02-22 11:20:00,United Kingdom,442,1121.294,4,Achats anciens
16547,546,1,104.25999999999999,2010-06-11 13:02:00,2010-06-11 13:02:00,United Kingdom,546,104.25999999999999,1,Achats anciens à faible montant
16548,599,1,30.15,2010-04-19 16:15:00,2010-04-19 16:15:00,United Kingdom,599,30.15,1,Achats anciens à faible montant
16549,10,34,12781.8,2010-03-28 15:45:00,2011-11-29 15:06:00,United Kingdom,621,375.93529411764706,0,Champions
16550,109,18,9368.24,2009-12-02 11:24:00,2011-08-23 11:12:00,United Kingdom,738,520.4577777777778,2,Actifs à montant élevé
16551,96,7,2237.12,2009-12-13 16:12:00,2011-09-05 09:38:00,United Kingdom,726,319.5885714285714,2,Actifs à montant élevé
16552,243,2,475.02000000000004,2010-12-01 12:36:00,2011-04-11 10:04:00,United Kingdom,374,237.51000000000002,4,Achats anciens
16553,163,33,16584.01,2010-02-11 18:46:00,2011-06-29 15:42:00,United Kingdom,666,502.54575757575753,0,Champions
16554,42,8,2841.72,2009-12-15 09:42:00,2011-10-28 14:51:00,United Kingdom,725,355.215,2,Actifs à montant élevé
16555,35,6,1915.68,2010-07-22 13:39:00,2011-11-04 14:31:00,United Kingdom,505,319.28000000000003,2,Actifs à montant élevé
16556,67,17,8012.58,2009-12-07 10:51:00,2011-10-04 11:36:00,United Kingdom,733,471.32823529411763,2,Actifs à montant élevé
16557,24,2,281.85,2011-07-25 13:28:00,2011-11-15 14:04:00,United Kingdom,137,140.925,3,Achats récents occasionnels
16558,1,38,13873.51,2009-12-03 18:11:00,2011-12-09 10:20:00,United Kingdom,736,365.09236842105264,0,Champions
16559,397,1,175.0,2010-11-07 13:52:00,2010-11-07 13:52:00,United Kingdom,397,175.0,1,Achats anciens à faible montant
16560,27,8,3048.38,2009-12-08 12:05:00,2011-11-13 10:35:00,United Kingdom,732,381.0475,2,Actifs à montant élevé
16561,6,2,511.12,2011-10-11 09:53:00,2011-12-04 11:50:00,United Kingdom,60,255.56,3,Achats récents occasionnels
16562,477,1,223.85999999999999,2010-08-20 11:45:00,2010-08-20 11:45:00,United Kingdom,477,223.85999999999999,1,Achats anciens à faible montant
16563,54,6,4412.56,2009-12-01 18:35:00,2011-10-17 11:51:00,United Kingdom,738,735.4266666666667,2,Actifs à montant élevé
16564,569,1,87.8,2010-05-19 14:41:00,2010-05-19 14:41:00,United Kingdom,569,87.8,1,Achats anciens à faible montant
16565,364,4,773.05,2010-06-02 12:47:00,2010-12-10 15:21:00,United Kingdom,556,193.2625,4,Achats anciens
16566,15,5,614.66,2011-02-20 10:29:00,2011-11-24 16:34:00,United Kingdom,293,122.93199999999999,3,Achats récents occasionnels
16567,194,2,865.6,2011-01-07 09:31:00,2011-05-29 13:57:00,United Kingdom,337,432.8,4,Achats anciens
16568,428,2,1020.9000000000001,2010-03-08 14:51:00,2010-10-08 10:54:00,United Kingdom,641,510.45000000000005,4,Achats anciens
16569,3,5,1455.23,2009-12-16 15:05:00,2011-12-06 15:32:00,United Kingdom,723,291.046,3,Achats récents occasionnels
16570,15,20,7434.31,2010-03-30 09:32:00,2011-11-24 17:02:00,United Kingdom,620,371.7155,0,Champions
16571,27,10,4248.74,2010-03-18 09:12:00,2011-11-13 11:46:00,United Kingdom,632,424.87399999999997,2,Actifs à montant élevé
16572,127,3,1009.6,2011-03-09 12:04:00,2011-08-04 16:34:00,United Kingdom,276,336.53333333333336,4,Achats anciens
16573,85,2,663.61,2011-02-22 15:14:00,2011-09-16 09:13:00,United Kingdom,290,331.805,3,Achats récents occasionnels
16574,71,3,1301.78,2010-02-19 11:46:00,2011-09-29 13:39:00,United Kingdom,659,433.9266666666667,4,Achats anciens
16576,420,2,540.87,2010-07-06 10:42:00,2010-10-15 13:37:00,United Kingdom,522,270.435,4,Achats anciens
16577,667,1,380.0,2010-02-11 09:45:00,2010-02-11 09:45:00,United Kingdom,667,380.0,1,Achats anciens à faible montant
16578,626,1,156.6,2010-03-23 15:11:00,2010-03-23 15:11:00,United Kingdom,626,156.6,1,Achats anciens à faible montant
16579,426,1,295.05,2010-10-10 11:58:00,2010-10-10 11:58:00,United Kingdom,426,295.05,1,Achats anciens à faible montant
16581,183,1,105.84,2011-06-10 10:05:00,2011-06-10 10:05:00,United Kingdom,183,105.84,1,Achats anciens à faible montant
16582,113,1,313.62,2011-08-18 17:02:00,2011-08-18 17:02:00,United Kingdom,113,313.62,1,Achats anciens à faible montant
16583,374,2,531.4,2010-02-04 12:18:00,2010-12-01 12:03:00,United Kingdom,674,265.7,4,Achats anciens
16584,80,5,3156.17,2010-02-16 10:41:00,2011-09-20 13:45:00,United Kingdom,662,631.234,2,Actifs à montant élevé
16585,594,2,341.59,2010-01-13 13:31:00,2010-04-25 10:34:00,United Kingdom,695,170.795,1,Achats anciens à faible montant
16586,249,3,1462.78,2010-03-14 11:24:00,2011-04-05 09:32:00,United Kingdom,636,487.5933333333333,4,Achats anciens
16587,232,1,225.15,2011-04-21 15:51:00,2011-04-21 15:51:00,United Kingdom,232,225.15,1,Achats anciens à faible montant
16588,386,4,1361.28,2010-05-14 13:43:00,2010-11-18 17:56:00,United Kingdom,574,340.32,4,Achats anciens
16589,71,4,612.36,2010-09-15 14:56:00,2011-09-29 14:50:00,United Kingdom,450,153.09,3,Achats récents occasionnels
16590,401,2,605.9,2010-10-21 12:09:00,2010-11-04 09:06:00,United Kingdom,415,302.95,4,Achats anciens
16591,69,1,213.5,2011-10-02 10:43:00,2011-10-02 10:43:00,United Kingdom,69,213.5,1,Achats anciens à faible montant
16592,4,28,7807.91,2009-12-18 15:57:00,2011-12-05 13:49:00,United Kingdom,721,278.8539285714286,0,Champions
16593,51,8,1071.1399999999999,2009-12-05 10:44:00,2011-10-20 12:41:00,United Kingdom,735,133.89249999999998,2,Actifs à montant élevé
16594,75,1,181.09,2011-09-25 14:08:00,2011-09-25 14:08:00,United Kingdom,75,181.09,1,Achats anciens à faible montant
16595,61,5,1757.75,2010-01-17 12:12:00,2011-10-09 13:15:00,United Kingdom,692,351.55,2,Actifs à montant élevé
16596,16,4,579.63,2009-12-10 13:09:00,2011-11-24 10:02:00,United Kingdom,729,144.9075,3,Achats récents occasionnels
16597,4,1,90.04,2011-12-05 15:44:00,2011-12-05 15:44:00,United Kingdom,4,90.04,3,Achats récents occasionnels
16598,286,1,145.04999999999998,2011-02-27 11:42:00,2011-02-27 11:42:00,United Kingdom,286,145.04999999999998,1,Achats anciens à faible montant
16599,386,1,172.8,2010-11-19 12:45:00,2010-11-19 12:45:00,United Kingdom,386,172.8,1,Achats anciens à faible montant
16600,4,13,2153.41,2009-12-18 12:59:00,2011-12-05 16:00:00,United Kingdom,721,165.64692307692306,0,Champions
16601,41,3,677.0,2010-03-26 13:39:00,2011-10-30 11:09:00,United Kingdom,623,225.66666666666666,3,Achats récents occasionnels
16602,36,2,763.33,2010-11-16 09:13:00,2011-11-03 15:54:00,United Kingdom,389,381.665,3,Achats récents occasionnels
16603,75,2,482.47,2011-09-09 13:02:00,2011-09-26 10:06:00,United Kingdom,91,241.235,3,Achats récents occasionnels
16604,563,2,432.45,2010-05-20 16:34:00,2010-05-26 09:10:00,United Kingdom,568,216.225,1,Achats anciens à faible montant
16605,724,1,60.48,2009-12-15 19:03:00,2009-12-15 19:03:00,United Kingdom,724,60.48,1,Achats anciens à faible montant
16606,404,2,357.66,2010-10-01 13:21:00,2010-10-31 13:57:00,United Kingdom,434,178.83,1,Achats anciens à faible montant
16607,18,25,5706.87,2010-04-29 14:01:00,2011-11-22 10:24:00,United Kingdom,589,228.2748,0,Champions
16608,454,2,1286.6200000000001,2010-02-14 11:57:00,2010-09-12 11:44:00,United Kingdom,664,643.3100000000001,4,Achats anciens
16609,15,7,5493.46,2011-04-01 10:11:00,2011-11-24 13:32:00,United Kingdom,253,784.78,2,Actifs à montant élevé
16610,219,1,75.66,2011-05-04 13:13:00,2011-05-04 13:13:00,United Kingdom,219,75.66,1,Achats anciens à faible montant
16611,186,6,1785.13,2010-03-10 16:07:00,2011-06-06 15:46:00,United Kingdom,639,297.5216666666667,4,Achats anciens
16612,33,9,3245.43,2009-12-03 15:54:00,2011-11-07 07:38:00,United Kingdom,736,360.6033333333333,2,Actifs à montant élevé
16613,70,1,618.59,2011-09-30 15:52:00,2011-09-30 15:52:00,United Kingdom,70,618.59,3,Achats récents occasionnels
16614,183,3,1179.79,2010-05-10 15:18:00,2011-06-10 11:36:00,United Kingdom,578,393.2633333333333,4,Achats anciens
16615,626,1,291.5,2010-03-23 15:13:00,2010-03-23 15:13:00,United Kingdom,626,291.5,1,Achats anciens à faible montant
16616,15,2,500.42,2011-07-05 13:38:00,2011-11-24 16:31:00,United Kingdom,157,250.21,3,Achats récents occasionnels
16617,236,1,151.85,2011-04-18 10:35:00,2011-04-18 10:35:00,United Kingdom,236,151.85,1,Achats anciens à faible montant
16618,31,5,2647.59,2011-01-21 11:55:00,2011-11-08 13:52:00,United Kingdom,323,529.518,2,Actifs à montant élevé
16619,264,4,1938.33,2010-02-22 12:05:00,2011-03-21 08:18:00,United Kingdom,656,484.5825,4,Achats anciens
16620,4,6,1758.93,2009-12-01 14:35:00,2011-12-06 12:19:00,United Kingdom,738,293.15500000000003,2,Actifs à montant élevé
16621,52,4,813.48,2011-03-07 11:32:00,2011-10-19 11:38:00,United Kingdom,278,203.37,3,Achats récents occasionnels
16622,544,1,225.4,2010-06-14 10:44:00,2010-06-14 10:44:00,United Kingdom,544,225.4,1,Achats anciens à faible montant
16623,246,4,1015.24,2010-04-26 14:04:00,2011-04-08 10:09:00,United Kingdom,592,253.81,4,Achats anciens
16624,81,2,810.5699999999999,2011-05-26 14:20:00,2011-09-20 12:39:00,United Kingdom,197,405.28499999999997,3,Achats récents occasionnels
16625,275,5,1654.03,2010-06-14 11:56:00,2011-03-10 12:50:00,United Kingdom,544,330.806,4,Achats anciens
16626,1,17,4413.1,2011-03-18 12:27:00,2011-12-09 11:56:00,United Kingdom,267,259.59411764705885,0,Champions
16627,79,1,322.8,2011-09-21 14:38:00,2011-09-21 14:38:00,United Kingdom,79,322.8,1,Achats anciens à faible montant
16628,30,7,2318.1,2010-03-08 12:24:00,2011-11-10 12:45:00,United Kingdom,642,331.15714285714284,2,Actifs à montant élevé
16629,74,2,408.63,2011-09-04 16:12:00,2011-09-27 10:34:00,United Kingdom,96,204.315,3,Achats récents occasionnels
16630,407,1,106.80000000000001,2010-10-28 14:30:00,2010-10-28 14:30:00,United Kingdom,407,106.80000000000001,1,Achats anciens à faible montant
16631,482,7,1892.52,2010-02-26 10:49:00,2010-08-15 11:20:00,United Kingdom,652,270.36,4,Achats anciens
16632,486,2,406.4,2010-05-07 16:46:00,2010-08-11 11:39:00,United Kingdom,581,203.2,1,Achats anciens à faible montant
16633,17,6,2883.1,2011-04-19 14:36:00,2011-11-22 13:41:00,United Kingdom,234,480.51666666666665,2,Actifs à montant élevé
16634,223,6,1814.61,2010-01-21 09:30:00,2011-05-01 12:09:00,United Kingdom,688,302.435,4,Achats anciens
16635,407,1,473.0,2010-10-29 09:41:00,2010-10-29 09:41:00,United Kingdom,407,473.0,1,Achats anciens à faible montant
16636,438,4,3802.04,2010-03-03 14:06:00,2010-09-27 13:13:00,United Kingdom,646,950.51,4,Achats anciens
16637,32,4,1154.47,2011-04-28 10:20:00,2011-11-07 13:17:00,United Kingdom,226,288.6175,3,Achats récents occasionnels
16638,23,15,2430.53,2010-08-18 13:33:00,2011-11-17 11:09:00,United Kingdom,478,162.03533333333334,2,Actifs à montant élevé
16639,31,4,1747.98,2010-10-26 18:23:00,2011-11-08 13:20:00,United Kingdom,409,436.995,2,Actifs à montant élevé
16640,398,1,179.4,2010-11-07 10:48:00,2010-11-07 10:48:00,United Kingdom,398,179.4,1,Achats anciens à faible montant
16641,106,2,554.5,2010-01-07 12:22:00,2011-08-26 12:49:00,United Kingdom,702,277.25,4,Achats anciens
16642,5,3,1077.45,2010-10-20 14:22:00,2011-12-05 11:31:00,United Kingdom,415,359.15000000000003,3,Achats récents occasionnels
16643,246,2,923.11,2010-10-13 09:47:00,2011-04-08 08:24:00,United Kingdom,423,461.555,4,Achats anciens
16644,178,2,833.78,2011-05-11 12:53:00,2011-06-15 12:39:00,United Kingdom,212,416.89,4,Achats anciens
16645,736,1,160.39,2009-12-04 09:49:00,2009-12-04 09:49:00,United Kingdom,736,160.39,1,Achats anciens à faible montant
16646,449,1,678.8,2010-09-16 13:28:00,2010-09-16 13:28:00,United Kingdom,449,678.8,1,Achats anciens à faible montant
16647,170,4,541.9,2010-06-13 15:52:00,2011-06-23 11:47:00,United Kingdom,544,135.475,4,Achats anciens
16648,43,3,672.8,2010-04-28 14:58:00,2011-10-28 08:58:00,United Kingdom,590,224.26666666666665,3,Achats récents occasionnels
16649,520,1,306.58000000000004,2010-07-07 15:41:00,2010-07-07 15:41:00,United Kingdom,520,306.58000000000004,1,Achats anciens à faible montant
16650,72,7,1916.11,2010-07-08 14:18:00,2011-09-29 09:51:00,United Kingdom,519,273.72999999999996,2,Actifs à montant élevé
16651,587,1,136.2,2010-05-02 11:46:00,2010-05-02 11:46:00,United Kingdom,587,136.2,1,Achats anciens à faible montant
16652,59,16,17550.39,2010-03-17 10:22:00,2011-10-12 09:38:00,United Kingdom,633,1096.899375,0,Champions
16653,16,2,1212.66,2011-09-29 13:38:00,2011-11-23 14:51:00,United Kingdom,71,606.33,3,Achats récents occasionnels
16654,141,8,1711.47,2010-04-06 13:29:00,2011-07-21 15:23:00,United Kingdom,612,213.93375,2,Actifs à montant élevé
16655,18,13,6423.26,2010-01-31 15:40:00,2011-11-22 11:25:00,United Kingdom,677,494.0969230769231,0,Champions
16656,22,30,16833.170000000002,2009-12-04 12:59:00,2011-11-17 14:43:00,United Kingdom,735,561.1056666666667,0,Champions
16657,10,4,874.43,2011-03-30 12:02:00,2011-11-30 11:48:00,United Kingdom,255,218.6075,3,Achats récents occasionnels
16658,368,6,814.07,2010-03-30 16:24:00,2010-12-06 13:47:00,United Kingdom,619,135.67833333333334,4,Achats anciens
16659,189,1,39.12,2011-06-03 15:03:00,2011-06-03 15:03:00,United Kingdom,189,39.12,1,Achats anciens à faible montant
16660,16,7,1879.55,2010-01-14 11:09:00,2011-11-23 14:53:00,United Kingdom,695,268.50714285714287,2,Actifs à montant élevé
16661,540,4,932.76,2009-12-17 15:39:00,2010-06-17 15:24:00,United Kingdom,722,233.19,4,Achats anciens
16662,394,1,151.05,2010-11-10 16:56:00,2010-11-10 16:56:00,United Kingdom,394,151.05,1,Achats anciens à faible montant
16663,729,1,165.0,2009-12-10 13:12:00,2009-12-10 13:12:00,United Kingdom,729,165.0,1,Achats anciens à faible montant
16664,569,1,109.2,2010-05-19 17:11:00,2010-05-19 17:11:00,United Kingdom,569,109.2,1,Achats anciens à faible montant
16665,362,1,135.39999999999998,2010-12-12 14:03:00,2010-12-12 14:03:00,United Kingdom,362,135.39999999999998,1,Achats anciens à faible montant
16666,19,2,217.71,2010-03-28 15:13:00,2011-11-20 14:01:00,United Kingdom,621,108.855,3,Achats récents occasionnels
16667,68,2,567.1800000000001,2011-02-28 12:57:00,2011-10-02 15:26:00,United Kingdom,284,283.59000000000003,3,Achats récents occasionnels
16668,15,13,862.42,2010-03-18 18:25:00,2011-11-24 17:43:00,United Kingdom,631,66.34,2,Actifs à montant élevé
16669,24,3,1348.88,2011-09-22 14:13:00,2011-11-16 12:26:00,United Kingdom,78,449.6266666666667,3,Achats récents occasionnels
16670,17,20,8030.150000000001,2009-12-10 15:28:00,2011-11-23 09:34:00,United Kingdom,729,401.50750000000005,0,Champions
16671,28,3,1692.27,2011-06-28 11:20:00,2011-11-11 13:40:00,United Kingdom,165,564.09,3,Achats récents occasionnels
16672,2,20,8134.9400000000005,2011-03-18 10:15:00,2011-12-07 16:29:00,United Kingdom,267,406.747,0,Champions
16673,679,1,171.13,2010-01-29 14:22:00,2010-01-29 14:22:00,United Kingdom,679,171.13,1,Achats anciens à faible montant
16674,55,2,304.24,2011-09-02 13:59:00,2011-10-16 11:31:00,United Kingdom,98,152.12,3,Achats récents occasionnels
16675,442,2,608.86,2010-08-18 13:11:00,2010-09-24 12:15:00,United Kingdom,478,304.43,4,Achats anciens
16676,34,6,2361.9,2010-10-17 13:07:00,2011-11-06 12:01:00,United Kingdom,418,393.65000000000003,2,Actifs à montant élevé
16677,411,2,880.62,2010-02-25 16:11:00,2010-10-24 14:53:00,United Kingdom,652,440.31,4,Achats anciens
16678,3,12,3109.99,2011-03-02 09:24:00,2011-12-07 12:17:00,United Kingdom,283,259.1658333333333,0,Champions
16679,366,3,793.06,2010-06-10 18:35:00,2010-12-08 13:51:00,United Kingdom,547,264.3533333333333,4,Achats anciens
16680,43,3,821.45,2010-06-23 09:30:00,2011-10-27 17:35:00,United Kingdom,535,273.81666666666666,3,Achats récents occasionnels
16681,73,7,1921.84,2010-03-08 14:10:00,2011-09-28 11:11:00,United Kingdom,641,274.5485714285714,2,Actifs à montant élevé
16682,5,5,1028.0,2011-06-05 11:02:00,2011-12-05 12:13:00,United Kingdom,188,205.6,3,Achats récents occasionnels
16683,534,1,320.25,2010-06-24 10:36:00,2010-06-24 10:36:00,United Kingdom,534,320.25,1,Achats anciens à faible montant
16684,4,55,147142.77,2009-12-07 12:56:00,2011-12-05 14:06:00,United Kingdom,732,2675.3230909090908,0,Champions
16685,61,2,324.24,2011-10-09 13:44:00,2011-10-09 13:58:00,United Kingdom,61,162.12,3,Achats récents occasionnels
16686,47,16,4881.07,2009-12-06 15:48:00,2011-10-23 13:49:00,United Kingdom,733,305.066875,2,Actifs à montant élevé
16687,391,1,157.63,2010-11-14 11:46:00,2010-11-14 11:46:00,United Kingdom,391,157.63,1,Achats anciens à faible montant
16688,1,4,1260.86,2011-10-10 12:23:00,2011-12-08 15:24:00,United Kingdom,61,315.215,3,Achats récents occasionnels
16689,76,2,422.59999999999997,2011-09-18 13:29:00,2011-09-25 11:39:00,United Kingdom,82,211.29999999999998,3,Achats récents occasionnels
16690,72,4,353.03,2010-09-14 15:00:00,2011-09-28 15:02:00,United Kingdom,451,88.2575,3,Achats récents occasionnels
16691,418,2,178.83,2010-05-27 14:55:00,2010-10-17 15:03:00,United Kingdom,561,89.415,1,Achats anciens à faible montant
16692,256,4,1914.6999999999998,2010-09-24 11:31:00,2011-03-28 14:46:00,United Kingdom,442,478.67499999999995,4,Achats anciens
16693,69,5,1179.48,2010-02-21 12:42:00,2011-10-02 11:10:00,United Kingdom,657,235.89600000000002,2,Actifs à montant élevé
16694,723,1,98.30000000000001,2009-12-16 15:45:00,2009-12-16 15:45:00,United Kingdom,723,98.30000000000001,1,Achats anciens à faible montant
16695,562,2,191.9,2010-05-27 12:24:00,2010-05-27 12:36:00,United Kingdom,562,95.95,1,Achats anciens à faible montant
16696,135,4,657.9000000000001,2011-04-05 15:20:00,2011-07-27 14:23:00,United Kingdom,248,164.47500000000002,4,Achats anciens
16697,241,1,112.75,2011-04-12 17:12:00,2011-04-12 17:12:00,United Kingdom,241,112.75,1,Achats anciens à faible montant
16698,227,2,1998.0,2011-03-31 13:33:00,2011-04-27 10:52:00,United Kingdom,253,999.0,4,Achats anciens
16699,380,7,994.6,2009-12-04 13:31:00,2010-11-24 14:38:00,United Kingdom,735,142.0857142857143,4,Achats anciens
16700,9,25,9167.710000000001,2009-12-02 10:51:00,2011-12-01 11:00:00,United Kingdom,738,366.70840000000004,0,Champions
16701,9,26,9916.73,2009-12-01 19:19:00,2011-12-01 11:10:00,United Kingdom,738,381.4126923076923,0,Champions
16702,415,4,1110.83,2009-12-07 16:40:00,2010-10-20 14:10:00,United Kingdom,732,277.7075,4,Achats anciens
16704,618,2,664.16,2010-02-05 14:14:00,2010-03-31 14:02:00,United Kingdom,672,332.08,4,Achats anciens
16705,1,42,43515.051,2009-12-09 13:34:00,2011-12-09 12:08:00,United Kingdom,730,1036.072642857143,0,Champions
16706,37,3,531.35,2011-08-17 15:53:00,2011-11-02 13:50:00,United Kingdom,114,177.11666666666667,3,Achats récents occasionnels
16707,400,4,533.41,2010-03-09 15:16:00,2010-11-04 14:39:00,United Kingdom,640,133.3525,4,Achats anciens
16708,46,1,656.63,2011-10-25 12:20:00,2011-10-25 12:20:00,United Kingdom,46,656.63,3,Achats récents occasionnels
16709,85,14,9056.01,2009-12-09 13:16:00,2011-09-16 10:56:00,United Kingdom,730,646.8578571428571,2,Actifs à montant élevé
16710,19,22,6291.77,2009-12-04 13:41:00,2011-11-20 14:50:00,United Kingdom,735,285.98954545454546,0,Champions
16711,3,9,2868.48,2009-12-02 13:22:00,2011-12-06 16:32:00,United Kingdom,737,318.72,0,Champions
16712,9,13,4232.87,2010-11-03 15:45:00,2011-11-30 13:48:00,United Kingdom,401,325.6053846153846,0,Champions
16713,19,32,14529.99,2009-12-15 12:49:00,2011-11-21 12:36:00,United Kingdom,725,454.0621875,0,Champions
16714,219,4,1497.33,2010-02-07 11:17:00,2011-05-05 11:09:00,United Kingdom,671,374.3325,4,Achats anciens
16715,78,2,625.52,2010-05-26 12:35:00,2011-09-22 18:15:00,United Kingdom,563,312.76,3,Achats récents occasionnels
16716,267,3,2149.6800000000003,2010-03-19 11:05:00,2011-03-18 10:03:00,United Kingdom,631,716.5600000000001,4,Achats anciens
16717,24,14,6970.93,2009-12-07 15:55:00,2011-11-16 12:16:00,United Kingdom,732,497.92357142857145,0,Champions
16718,369,5,3612.13,2009-12-06 13:07:00,2010-12-05 13:03:00,United Kingdom,733,722.426,4,Achats anciens
16719,15,14,3944.35,2009-12-13 10:59:00,2011-11-25 09:27:00,United Kingdom,727,281.7392857142857,0,Champions
16720,26,3,758.74,2009-12-17 17:54:00,2011-11-13 16:22:00,United Kingdom,722,252.91333333333333,3,Achats récents occasionnels
16721,262,1,292.47,2011-03-22 16:08:00,2011-03-22 16:08:00,United Kingdom,262,292.47,1,Achats anciens à faible montant
16722,17,22,8989.08,2009-12-03 19:23:00,2011-11-22 13:28:00,United Kingdom,736,408.5945454545454,0,Champions
16723,91,4,1231.36,2009-12-04 13:23:00,2011-09-09 13:01:00,United Kingdom,735,307.84,4,Achats anciens
16724,405,1,147.35,2010-10-31 11:40:00,2010-10-31 11:40:00,United Kingdom,405,147.35,1,Achats anciens à faible montant
16725,302,14,1810.41,2009-12-13 15:54:00,2011-02-10 16:52:00,United Kingdom,726,129.315,2,Actifs à montant élevé
16726,26,7,2063.88,2010-10-24 16:09:00,2011-11-13 14:53:00,United Kingdom,411,294.84000000000003,2,Actifs à montant élevé
16727,364,4,1377.77,2010-01-20 10:48:00,2010-12-10 13:48:00,United Kingdom,689,344.4425,4,Achats anciens
16728,46,4,1048.28,2011-03-20 13:28:00,2011-10-24 14:36:00,United Kingdom,264,262.07,3,Achats récents occasionnels
16729,38,21,7205.33,2011-04-12 14:22:00,2011-11-01 14:29:00,United Kingdom,241,343.11095238095237,0,Champions
16730,52,3,743.11,2011-01-24 14:01:00,2011-10-18 14:11:00,United Kingdom,319,247.70333333333335,3,Achats récents occasionnels
16731,648,1,170.3,2010-03-01 15:05:00,2010-03-01 15:05:00,United Kingdom,648,170.3,1,Achats anciens à faible montant
16732,32,4,4387.64,2009-12-08 13:04:00,2011-11-08 09:54:00,United Kingdom,731,1096.91,2,Actifs à montant élevé
16733,530,1,259.68,2010-06-28 10:12:00,2010-06-28 10:12:00,United Kingdom,530,259.68,1,Achats anciens à faible montant
16734,52,3,646.76,2011-08-17 15:00:00,2011-10-18 13:44:00,United Kingdom,114,215.58666666666667,3,Achats récents occasionnels
16735,79,14,6217.41,2009-12-08 09:24:00,2011-09-22 11:49:00,United Kingdom,732,444.1007142857143,2,Actifs à montant élevé
16736,506,5,2956.56,2009-12-03 16:12:00,2010-07-22 10:09:00,United Kingdom,736,591.312,4,Achats anciens
16737,53,2,835.1999999999999,2010-05-11 09:53:00,2011-10-17 13:03:00,United Kingdom,578,417.59999999999997,3,Achats récents occasionnels
16738,298,1,3.75,2011-02-15 09:46:00,2011-02-15 09:46:00,United Kingdom,298,3.75,1,Achats anciens à faible montant
16739,177,2,786.43,2010-06-21 09:38:00,2011-06-16 09:17:00,United Kingdom,537,393.215,4,Achats anciens
16740,395,1,226.91,2010-11-09 13:34:00,2010-11-09 13:34:00,United Kingdom,395,226.91,1,Achats anciens à faible montant
16741,625,1,173.06,2010-03-24 15:15:00,2010-03-24 15:15:00,United Kingdom,625,173.06,1,Achats anciens à faible montant
16742,47,14,2799.87,2009-12-16 17:22:00,2011-10-24 12:02:00,United Kingdom,723,199.9907142857143,2,Actifs à montant élevé
16743,29,14,4212.15,2010-04-22 13:21:00,2011-11-10 13:13:00,United Kingdom,596,300.86785714285713,2,Actifs à montant élevé
16744,11,7,1291.91,2011-06-19 15:13:00,2011-11-28 13:06:00,United Kingdom,173,184.55857142857144,2,Actifs à montant élevé
16745,87,17,7180.7,2011-02-01 11:31:00,2011-09-14 11:58:00,United Kingdom,312,422.3941176470588,2,Actifs à montant élevé
16746,5,42,18046.75,2009-12-04 13:00:00,2011-12-05 12:33:00,United Kingdom,735,429.6845238095238,0,Champions
16747,38,2,836.06,2011-10-03 10:18:00,2011-11-02 11:37:00,United Kingdom,68,418.03,3,Achats récents occasionnels
16748,18,14,3637.33,2009-12-10 12:28:00,2011-11-22 10:17:00,United Kingdom,730,259.8092857142857,2,Actifs à montant élevé
16749,591,2,4157.88,2009-12-15 14:05:00,2010-04-27 13:06:00,United Kingdom,724,2078.94,4,Achats anciens
16750,45,5,623.93,2011-04-21 16:53:00,2011-10-26 12:48:00,United Kingdom,232,124.78599999999999,3,Achats récents occasionnels
16751,31,1,1764.72,2011-11-09 10:48:00,2011-11-09 10:48:00,United Kingdom,31,1764.72,3,Achats récents occasionnels
16752,373,1,415.0,2010-12-02 12:18:00,2010-12-02 12:18:00,United Kingdom,373,415.0,1,Achats anciens à faible montant
16753,58,1,223.92000000000002,2011-10-12 13:14:00,2011-10-12 13:14:00,United Kingdom,58,223.92000000000002,3,Achats récents occasionnels
16754,372,29,67502.47,2010-03-08 11:32:00,2010-12-02 17:38:00,United Kingdom,642,2327.671379310345,0,Champions
16755,114,7,2864.68,2009-12-09 14:25:00,2011-08-17 13:21:00,United Kingdom,730,409.23999999999995,2,Actifs à montant élevé
16756,215,7,1312.3700000000001,2010-03-09 15:56:00,2011-05-09 09:33:00,United Kingdom,640,187.48142857142858,4,Achats anciens
16757,319,2,270.48,2010-10-26 15:09:00,2011-01-25 11:59:00,United Kingdom,409,135.24,1,Achats anciens à faible montant
16758,65,1,369.34000000000003,2011-10-05 14:47:00,2011-10-05 14:47:00,United Kingdom,65,369.34000000000003,3,Achats récents occasionnels
16759,8,3,789.79,2011-11-09 09:06:00,2011-12-02 12:42:00,United Kingdom,31,263.2633333333333,3,Achats récents occasionnels
16760,430,1,228.0,2010-10-05 15:55:00,2010-10-05 15:55:00,United Kingdom,430,228.0,1,Achats anciens à faible montant
16761,97,1,316.62,2011-09-04 11:15:00,2011-09-04 11:15:00,United Kingdom,97,316.62,1,Achats anciens à faible montant
16762,20,3,1207.24,2011-07-18 12:52:00,2011-11-20 11:43:00,United Kingdom,144,402.41333333333336,3,Achats récents occasionnels
16763,199,2,964.6999999999999,2009-12-01 15:26:00,2011-05-25 11:52:00,United Kingdom,738,482.34999999999997,4,Achats anciens
16764,4,13,2790.9500000000003,2011-07-19 17:17:00,2011-12-06 11:41:00,United Kingdom,143,214.68846153846155,0,Champions
16765,294,2,454.75,2010-11-22 13:42:00,2011-02-18 15:41:00,United Kingdom,382,227.375,1,Achats anciens à faible montant
16766,273,2,1145.6,2011-03-11 13:34:00,2011-03-11 15:22:00,United Kingdom,273,572.8,4,Achats anciens
16767,31,15,8056.76,2010-04-28 16:49:00,2011-11-09 09:42:00,United Kingdom,590,537.1173333333334,0,Champions
16768,48,9,1698.57,2009-12-07 11:47:00,2011-10-23 10:38:00,United Kingdom,733,188.73,2,Actifs à montant élevé
16769,260,4,1117.05,2009-12-14 11:10:00,2011-03-24 13:41:00,United Kingdom,726,279.2625,4,Achats anciens
16770,58,9,1909.73,2010-08-22 16:08:00,2011-10-13 12:21:00,United Kingdom,474,212.19222222222223,2,Actifs à montant élevé
16771,33,10,3949.6,2009-12-09 11:52:00,2011-11-06 13:28:00,United Kingdom,731,394.96,2,Actifs à montant élevé
16772,423,3,3698.0499999999997,2009-12-18 10:50:00,2010-10-12 13:19:00,United Kingdom,722,1232.6833333333332,4,Achats anciens
16773,57,3,421.24,2009-12-06 15:01:00,2011-10-13 14:37:00,United Kingdom,733,140.41333333333333,3,Achats récents occasionnels
16774,68,8,1567.48,2010-02-16 16:53:00,2011-10-03 12:41:00,United Kingdom,661,195.935,2,Actifs à montant élevé
16775,10,16,3052.7400000000002,2010-09-23 17:34:00,2011-11-29 15:22:00,United Kingdom,442,190.79625000000001,0,Champions
16776,60,2,592.51,2010-10-20 12:13:00,2011-10-10 13:04:00,United Kingdom,416,296.255,3,Achats récents occasionnels
16777,80,5,1292.18,2010-03-17 12:42:00,2011-09-20 13:41:00,United Kingdom,633,258.43600000000004,4,Achats anciens
16778,74,2,245.94,2011-03-10 15:21:00,2011-09-26 13:48:00,United Kingdom,274,122.97,3,Achats récents occasionnels
16779,2,53,33165.94,2009-12-03 13:03:00,2011-12-07 14:54:00,United Kingdom,736,625.7724528301887,0,Champions
16780,100,3,596.4,2010-10-28 19:41:00,2011-08-31 16:09:00,United Kingdom,407,198.79999999999998,4,Achats anciens
16781,372,2,934.25,2010-02-08 13:56:00,2010-12-02 14:26:00,United Kingdom,669,467.125,4,Achats anciens
16782,10,38,10000.32,2009-12-09 11:58:00,2011-11-29 13:20:00,United Kingdom,731,263.1663157894737,0,Champions
16783,437,1,391.95,2010-09-29 11:53:00,2010-09-29 11:53:00,United Kingdom,437,391.95,1,Achats anciens à faible montant
16784,20,5,892.33,2010-03-28 12:55:00,2011-11-20 12:20:00,United Kingdom,621,178.466,3,Achats récents occasionnels
16785,410,1,533.78,2010-10-26 10:36:00,2010-10-26 10:36:00,United Kingdom,410,533.78,1,Achats anciens à faible montant
16786,394,1,51.839999999999996,2010-11-11 08:25:00,2010-11-11 08:25:00,United Kingdom,394,51.839999999999996,1,Achats anciens à faible montant
16787,398,4,1017.53,2010-01-10 11:12:00,2010-11-07 11:01:00,United Kingdom,699,254.3825,4,Achats anciens
16788,123,5,1928.93,2010-02-07 12:40:00,2011-08-08 14:53:00,United Kingdom,671,385.786,4,Achats anciens
16789,8,1,80.8,2011-12-01 15:12:00,2011-12-01 15:12:00,United Kingdom,8,80.8,3,Achats récents occasionnels
16790,4,6,1545.6200000000001,2011-11-02 11:23:00,2011-12-06 11:53:00,United Kingdom,38,257.60333333333335,2,Actifs à montant élevé
16791,29,15,3957.63,2009-12-03 18:08:00,2011-11-10 19:12:00,United Kingdom,736,263.842,2,Actifs à montant élevé
16792,282,5,623.46,2010-01-04 13:47:00,2011-03-02 14:41:00,United Kingdom,704,124.69200000000001,4,Achats anciens
16793,57,1,243.84,2011-10-13 15:08:00,2011-10-13 15:08:00,United Kingdom,57,243.84,3,Achats récents occasionnels
16794,1,15,2052.7,2010-03-25 15:17:00,2011-12-08 17:54:00,United Kingdom,624,136.84666666666666,0,Champions
16795,365,3,2477.29,2010-01-25 13:14:00,2010-12-09 14:08:00,United Kingdom,683,825.7633333333333,4,Achats anciens
16796,89,1,305.62,2011-09-11 14:01:00,2011-09-11 14:01:00,United Kingdom,89,305.62,1,Achats anciens à faible montant
16797,393,5,1802.02,2009-12-02 13:33:00,2010-11-11 19:14:00,United Kingdom,737,360.404,4,Achats anciens
16798,554,3,841.16,2009-12-10 19:35:00,2010-06-03 19:01:00,United Kingdom,729,280.38666666666666,4,Achats anciens
16799,432,2,452.78000000000003,2010-09-12 12:46:00,2010-10-03 14:28:00,United Kingdom,454,226.39000000000001,1,Achats anciens à faible montant
16800,11,1,1162.65,2011-11-28 14:06:00,2011-11-28 14:06:00,United Kingdom,11,1162.65,3,Achats récents occasionnels
16801,163,4,1594.23,2011-03-11 13:56:00,2011-06-29 15:33:00,United Kingdom,273,398.5575,4,Achats anciens
16802,679,2,582.61,2009-12-09 13:00:00,2010-01-29 13:44:00,United Kingdom,730,291.305,4,Achats anciens
16803,65,1,332.3,2011-10-05 14:28:00,2011-10-05 14:28:00,United Kingdom,65,332.3,3,Achats récents occasionnels
16804,23,3,536.99,2011-03-14 15:48:00,2011-11-16 16:43:00,United Kingdom,270,178.99666666666667,3,Achats récents occasionnels
16805,174,5,1091.34,2009-12-08 14:29:00,2011-06-19 11:23:00,United Kingdom,731,218.26799999999997,4,Achats anciens
16806,103,4,762.16,2011-04-14 19:59:00,2011-08-28 15:27:00,United Kingdom,239,190.54,4,Achats anciens
16807,143,6,2123.88,2010-03-26 14:38:00,2011-07-20 12:00:00,United Kingdom,623,353.98,4,Achats anciens
16808,99,2,288.42,2011-03-10 19:05:00,2011-09-01 19:34:00,United Kingdom,274,144.21,1,Achats anciens à faible montant
16809,23,9,1727.43,2010-04-13 15:34:00,2011-11-16 15:45:00,United Kingdom,605,191.93666666666667,2,Actifs à montant élevé
16810,192,2,842.0400000000001,2010-10-15 15:32:00,2011-05-31 15:32:00,United Kingdom,420,421.02000000000004,4,Achats anciens
16811,5,2,547.07,2011-11-22 17:19:00,2011-12-05 11:39:00,United Kingdom,17,273.535,3,Achats récents occasionnels
16812,361,4,2392.0,2010-11-22 14:36:00,2010-12-14 12:35:00,United Kingdom,382,598.0,4,Achats anciens
16813,8,10,1652.18,2011-05-19 13:28:00,2011-12-01 14:03:00,United Kingdom,204,165.21800000000002,2,Actifs à montant élevé
16814,14,36,12198.14,2010-04-11 12:45:00,2011-11-25 13:27:00,United Kingdom,608,338.8372222222222,0,Champions
16815,454,2,406.02,2010-06-21 12:05:00,2010-09-12 10:59:00,United Kingdom,537,203.01,1,Achats anciens à faible montant
16816,103,4,417.06,2010-12-16 17:01:00,2011-08-28 14:16:00,United Kingdom,358,104.265,4,Achats anciens
16817,3,13,2804.9,2010-10-04 09:06:00,2011-12-07 11:03:00,United Kingdom,432,215.76153846153846,0,Champions
16818,11,11,3349.57,2011-05-18 11:42:00,2011-11-29 10:41:00,United Kingdom,206,304.50636363636363,2,Actifs à montant élevé
16819,465,2,182.59,2010-08-31 17:31:00,2010-08-31 17:37:00,United Kingdom,465,91.295,1,Achats anciens à faible montant
16820,96,1,497.61,2011-09-05 12:06:00,2011-09-05 12:06:00,United Kingdom,96,497.61,1,Achats anciens à faible montant
16821,382,1,113.35,2010-11-23 10:04:00,2010-11-23 10:04:00,United Kingdom,382,113.35,1,Achats anciens à faible montant
16822,686,1,181.39,2010-01-22 14:22:00,2010-01-22 14:22:00,United Kingdom,686,181.39,1,Achats anciens à faible montant
16823,227,7,2243.09,2009-12-02 09:57:00,2011-04-26 15:00:00,United Kingdom,738,320.4414285714286,4,Achats anciens
16824,16,3,686.24,2010-11-11 12:21:00,2011-11-24 12:38:00,United Kingdom,394,228.74666666666667,3,Achats récents occasionnels
16825,39,5,1826.89,2010-06-23 13:14:00,2011-11-01 11:51:00,United Kingdom,534,365.37800000000004,2,Actifs à montant élevé
16826,51,1,341.7,2011-10-19 14:05:00,2011-10-19 14:05:00,United Kingdom,51,341.7,3,Achats récents occasionnels
16827,393,5,392.13,2010-04-29 19:07:00,2010-11-11 14:04:00,United Kingdom,589,78.426,4,Achats anciens
16828,93,2,128.5,2011-08-19 13:24:00,2011-09-07 15:10:00,United Kingdom,112,64.25,1,Achats anciens à faible montant
16829,157,2,513.32,2010-11-16 18:11:00,2011-07-06 10:48:00,United Kingdom,388,256.66,4,Achats anciens
16830,39,4,1207.5,2009-12-13 12:11:00,2011-11-01 11:35:00,United Kingdom,727,301.875,3,Achats récents occasionnels
16831,565,1,91.8,2010-05-24 09:08:00,2010-05-24 09:08:00,United Kingdom,565,91.8,1,Achats anciens à faible montant
16832,184,5,417.61,2010-09-07 12:35:00,2011-06-08 15:36:00,United Kingdom,459,83.522,4,Achats anciens
16833,1,6,2409.04,2010-03-26 15:31:00,2011-12-08 14:39:00,United Kingdom,623,401.50666666666666,2,Actifs à montant élevé
16834,228,2,898.96,2010-02-03 14:24:00,2011-04-26 09:37:00,United Kingdom,674,449.48,4,Achats anciens
16835,128,6,1538.41,2010-05-19 08:41:00,2011-08-03 13:50:00,United Kingdom,570,256.4016666666667,4,Achats anciens
16836,40,4,782.37,2010-05-14 12:52:00,2011-10-31 10:05:00,United Kingdom,574,195.5925,3,Achats récents occasionnels
16837,31,11,3170.98,2011-04-08 08:48:00,2011-11-08 14:27:00,United Kingdom,246,288.2709090909091,2,Actifs à montant élevé
16838,197,4,1159.61,2010-02-14 15:27:00,2011-05-26 13:13:00,United Kingdom,663,289.9025,4,Achats anciens
16839,9,44,22310.49,2010-02-11 15:02:00,2011-12-01 09:03:00,United Kingdom,666,507.05659090909097,0,Champions
16840,603,2,139.85,2010-02-03 12:42:00,2010-04-15 15:48:00,United Kingdom,675,69.925,1,Achats anciens à faible montant
16841,37,12,4006.06,2010-01-12 11:32:00,2011-11-03 11:51:00,United Kingdom,697,333.8383333333333,2,Actifs à montant élevé
16842,101,3,1264.19,2011-02-10 14:51:00,2011-08-31 10:42:00,United Kingdom,302,421.3966666666667,4,Achats anciens
16843,43,35,19571.43,2009-12-10 11:40:00,2011-10-28 09:06:00,United Kingdom,730,559.1837142857142,0,Champions
16844,563,2,614.34,2010-05-06 09:16:00,2010-05-26 10:29:00,United Kingdom,583,307.17,4,Achats anciens
16845,618,1,253.88,2010-03-31 13:09:00,2010-03-31 13:09:00,United Kingdom,618,253.88,1,Achats anciens à faible montant
16846,50,3,842.41,2010-03-10 12:03:00,2011-10-20 13:55:00,United Kingdom,640,280.80333333333334,3,Achats récents occasionnels
16847,43,2,614.89,2010-03-31 13:32:00,2011-10-27 13:29:00,United Kingdom,618,307.445,3,Achats récents occasionnels
16848,53,4,1411.62,2010-10-03 11:01:00,2011-10-18 08:42:00,United Kingdom,433,352.905,2,Actifs à montant élevé
16849,187,1,124.57,2011-06-06 09:16:00,2011-06-06 09:16:00,United Kingdom,187,124.57,1,Achats anciens à faible montant
16850,334,1,332.41,2011-01-10 11:09:00,2011-01-10 11:09:00,United Kingdom,334,332.41,1,Achats anciens à faible montant
16851,4,3,342.45,2011-10-19 09:48:00,2011-12-05 13:32:00,United Kingdom,52,114.14999999999999,3,Achats récents occasionnels
16852,10,2,144.91000000000003,2011-06-16 15:49:00,2011-11-29 13:22:00,United Kingdom,176,72.45500000000001,3,Achats récents occasionnels
16854,417,2,1408.96,2010-03-09 14:32:00,2010-10-18 16:31:00,United Kingdom,640,704.48,4,Achats anciens
16855,24,2,328.4,2011-10-27 16:31:00,2011-11-16 12:03:00,United Kingdom,43,164.2,3,Achats récents occasionnels
16856,15,3,358.49,2010-09-23 13:11:00,2011-11-25 08:59:00,United Kingdom,442,119.49666666666667,3,Achats récents occasionnels
16857,443,1,352.8,2010-09-23 10:49:00,2010-09-23 10:49:00,United Kingdom,443,352.8,1,Achats anciens à faible montant
16858,369,10,4668.28,2009-12-15 11:09:00,2010-12-06 09:52:00,United Kingdom,725,466.828,2,Actifs à montant élevé
16859,145,7,1932.41,2010-03-04 12:37:00,2011-07-18 12:19:00,United Kingdom,646,276.05857142857144,2,Actifs à montant élevé
16860,453,3,1610.62,2010-02-15 13:46:00,2010-09-13 10:05:00,United Kingdom,662,536.8733333333333,4,Achats anciens
16861,60,5,946.59,2010-07-19 11:44:00,2011-10-11 09:05:00,United Kingdom,509,189.318,2,Actifs à montant élevé
16862,547,4,662.33,2010-01-07 12:57:00,2010-06-10 13:05:00,United Kingdom,701,165.5825,4,Achats anciens
16863,31,3,998.52,2010-10-26 10:03:00,2011-11-08 15:26:00,United Kingdom,410,332.84,3,Achats récents occasionnels
16864,434,2,409.25,2010-04-20 11:56:00,2010-10-01 16:16:00,United Kingdom,599,204.625,1,Achats anciens à faible montant
16865,402,1,130.95,2010-11-03 11:34:00,2010-11-03 11:34:00,United Kingdom,402,130.95,1,Achats anciens à faible montant
16866,141,3,207.73999999999998,2011-07-01 12:34:00,2011-07-22 10:06:00,United Kingdom,162,69.24666666666666,1,Achats anciens à faible montant
16867,690,1,76.74000000000001,2010-01-19 09:11:00,2010-01-19 09:11:00,United Kingdom,690,76.74000000000001,1,Achats anciens à faible montant
16868,394,3,384.56,2010-04-25 11:31:00,2010-11-10 13:17:00,United Kingdom,594,128.18666666666667,4,Achats anciens
16869,23,4,817.12,2011-06-17 13:01:00,2011-11-17 12:02:00,United Kingdom,175,204.28,3,Achats récents occasionnels
16870,469,1,450.15999999999997,2010-08-27 13:53:00,2010-08-27 13:53:00,United Kingdom,469,450.15999999999997,1,Achats anciens à faible montant
16871,22,6,2812.34,2011-03-14 10:31:00,2011-11-17 19:27:00,United Kingdom,271,468.72333333333336,2,Actifs à montant élevé
16872,77,6,1213.13,2010-09-02 17:36:00,2011-09-23 16:05:00,United Kingdom,463,202.18833333333336,2,Actifs à montant élevé
16873,5,12,14617.39,2010-02-09 14:17:00,2011-12-05 12:05:00,United Kingdom,668,1218.1158333333333,0,Champions
16874,379,1,209.89000000000001,2010-11-25 13:08:00,2010-11-25 13:08:00,United Kingdom,379,209.89000000000001,1,Achats anciens à faible montant
16875,67,11,4234.53,2010-01-05 09:16:00,2011-10-03 13:39:00,United Kingdom,704,384.9572727272727,2,Actifs à montant élevé
16876,404,1,136.01,2010-11-01 11:59:00,2010-11-01 11:59:00,United Kingdom,404,136.01,1,Achats anciens à faible montant
16877,12,6,846.62,2011-05-15 16:13:00,2011-11-27 13:47:00,United Kingdom,208,141.10333333333332,3,Achats récents occasionnels
16878,84,1,13.3,2011-09-16 17:39:00,2011-09-16 17:39:00,United Kingdom,84,13.3,1,Achats anciens à faible montant
16880,31,8,1813.21,2010-08-03 13:54:00,2011-11-09 11:33:00,United Kingdom,493,226.65125,2,Actifs à montant élevé
16881,67,1,432.0,2011-10-04 10:33:00,2011-10-04 10:33:00,United Kingdom,67,432.0,3,Achats récents occasionnels
16882,67,3,705.12,2011-01-26 17:43:00,2011-10-04 10:42:00,United Kingdom,317,235.04,3,Achats récents occasionnels
16883,187,19,2374.09,2009-12-04 12:07:00,2011-06-05 12:51:00,United Kingdom,736,124.9521052631579,2,Actifs à montant élevé
16884,38,4,1070.97,2010-05-18 12:00:00,2011-11-02 11:52:00,United Kingdom,571,267.7425,3,Achats récents occasionnels
16885,15,4,684.6,2010-11-19 12:51:00,2011-11-24 13:40:00,United Kingdom,385,171.15,3,Achats récents occasionnels
16886,456,1,134.0,2010-09-09 15:08:00,2010-09-09 15:08:00,United Kingdom,456,134.0,1,Achats anciens à faible montant
16887,35,3,658.17,2009-12-01 13:41:00,2011-11-04 14:07:00,United Kingdom,738,219.39,3,Achats récents occasionnels
16888,401,3,434.2,2010-01-07 13:07:00,2010-11-04 12:39:00,United Kingdom,701,144.73333333333332,4,Achats anciens
16889,195,6,2526.65,2010-05-23 10:46:00,2011-05-29 11:05:00,United Kingdom,566,421.10833333333335,4,Achats anciens
16890,477,3,285.41,2010-05-06 16:27:00,2010-08-20 11:23:00,United Kingdom,582,95.13666666666667,1,Achats anciens à faible montant
16891,2,11,1945.2,2009-12-04 12:37:00,2011-12-08 11:15:00,United Kingdom,736,176.83636363636364,0,Champions
16892,1,7,754.75,2009-12-08 14:20:00,2011-12-08 13:18:00,United Kingdom,731,107.82142857142857,3,Achats récents occasionnels
16893,367,2,395.82,2010-11-28 15:14:00,2010-12-08 12:06:00,United Kingdom,376,197.91,1,Achats anciens à faible montant
16894,502,3,1306.96,2010-06-22 14:21:00,2010-07-25 15:43:00,United Kingdom,535,435.65333333333336,4,Achats anciens
16895,65,5,1102.9,2010-02-12 11:07:00,2011-10-06 12:15:00,United Kingdom,666,220.58,2,Actifs à montant élevé
16896,555,1,103.95,2010-06-02 15:40:00,2010-06-02 15:40:00,United Kingdom,555,103.95,1,Achats anciens à faible montant
16897,299,2,289.78,2011-01-30 11:52:00,2011-02-13 15:02:00,United Kingdom,314,144.89,1,Achats anciens à faible montant
16898,26,5,997.29,2010-05-12 12:18:00,2011-11-13 15:44:00,United Kingdom,577,199.458,3,Achats récents occasionnels
16899,8,8,1695.77,2010-11-07 15:00:00,2011-12-02 12:03:00,United Kingdom,397,211.97125,2,Actifs à montant élevé
16900,17,3,887.11,2011-10-07 13:17:00,2011-11-23 10:32:00,United Kingdom,63,295.7033333333333,3,Achats récents occasionnels
16901,729,1,204.26,2009-12-10 16:30:00,2009-12-10 16:30:00,United Kingdom,729,204.26,1,Achats anciens à faible montant
16902,116,1,1706.88,2011-08-15 14:17:00,2011-08-15 14:17:00,United Kingdom,116,1706.88,4,Achats anciens
16903,29,3,1041.75,2010-10-20 14:42:00,2011-11-10 15:32:00,United Kingdom,415,347.25,3,Achats récents occasionnels
16904,4,21,5014.06,2010-10-24 16:03:00,2011-12-05 13:10:00,United Kingdom,411,238.7647619047619,0,Champions
16905,5,17,4961.17,2009-12-10 20:04:00,2011-12-04 14:01:00,United Kingdom,729,291.8335294117647,0,Champions
16906,82,7,1410.92,2010-05-13 13:23:00,2011-09-19 11:49:00,United Kingdom,575,201.56,2,Actifs à montant élevé
16907,29,9,1650.81,2010-07-01 17:30:00,2011-11-10 18:04:00,United Kingdom,526,183.42333333333332,2,Actifs à montant élevé
16908,722,1,252.59,2009-12-17 13:35:00,2009-12-17 13:35:00,United Kingdom,722,252.59,1,Achats anciens à faible montant
16909,72,1,379.14,2011-09-28 16:45:00,2011-09-28 16:45:00,United Kingdom,72,379.14,3,Achats récents occasionnels
16910,4,8,1508.96,2011-09-09 14:14:00,2011-12-05 12:51:00,United Kingdom,91,188.62,2,Actifs à montant élevé
16911,636,2,255.25,2010-02-16 16:12:00,2010-03-14 12:18:00,United Kingdom,661,127.625,1,Achats anciens à faible montant
16912,29,15,4460.51,2009-12-09 12:32:00,2011-11-11 12:18:00,United Kingdom,731,297.36733333333336,2,Actifs à montant élevé
16913,290,3,423.90999999999997,2010-02-26 12:06:00,2011-02-22 12:56:00,United Kingdom,652,141.3033333333333,4,Achats anciens
16914,36,1,183.76,2011-11-03 15:27:00,2011-11-03 15:27:00,United Kingdom,36,183.76,3,Achats récents occasionnels
16915,9,11,1543.18,2010-05-19 13:32:00,2011-11-30 16:39:00,United Kingdom,569,140.2890909090909,2,Actifs à montant élevé
16916,24,4,1098.45,2010-10-20 12:56:00,2011-11-16 12:08:00,United Kingdom,415,274.6125,3,Achats récents occasionnels
16917,277,2,1851.88,2010-03-17 15:24:00,2011-03-08 11:55:00,United Kingdom,632,925.94,4,Achats anciens
16918,50,16,3206.54,2009-12-03 12:27:00,2011-10-21 12:50:00,United Kingdom,737,200.40875,2,Actifs à montant élevé
16919,156,24,5108.01,2010-08-19 15:28:00,2011-07-06 13:35:00,United Kingdom,477,212.83375,2,Actifs à montant élevé
16920,411,1,355.45,2010-10-24 14:07:00,2010-10-24 14:07:00,United Kingdom,411,355.45,1,Achats anciens à faible montant
16921,61,3,409.21,2010-04-18 15:34:00,2011-10-09 16:22:00,United Kingdom,600,136.40333333333334,3,Achats récents occasionnels
16922,573,1,611.08,2010-05-16 11:24:00,2010-05-16 11:24:00,United Kingdom,573,611.08,1,Achats anciens à faible montant
16923,12,32,13157.130000000001,2010-01-31 11:14:00,2011-11-27 13:00:00,United Kingdom,678,411.16031250000003,0,Champions
16924,21,3,829.89,2011-09-16 12:54:00,2011-11-18 12:53:00,United Kingdom,84,276.63,3,Achats récents occasionnels
16925,540,1,125.65,2010-06-17 15:03:00,2010-06-17 15:03:00,United Kingdom,540,125.65,1,Achats anciens à faible montant
16926,371,5,1399.8600000000001,2010-07-01 12:57:00,2010-12-03 13:42:00,United Kingdom,526,279.97200000000004,4,Achats anciens
16927,116,3,543.05,2010-12-13 11:57:00,2011-08-16 11:10:00,United Kingdom,362,181.01666666666665,4,Achats anciens
16928,80,29,4013.7799999999997,2010-02-03 12:30:00,2011-09-20 15:10:00,United Kingdom,675,138.4062068965517,0,Champions
16929,4,7,1295.39,2011-07-07 12:39:00,2011-12-06 08:37:00,United Kingdom,156,185.0557142857143,2,Actifs à montant élevé
16930,26,3,378.89,2011-10-02 14:25:00,2011-11-13 16:13:00,United Kingdom,68,126.29666666666667,3,Achats récents occasionnels
16931,5,23,5184.27,2010-11-07 13:24:00,2011-12-04 13:15:00,United Kingdom,397,225.40304347826088,0,Champions
16932,53,3,412.55,2010-05-17 14:15:00,2011-10-17 14:12:00,United Kingdom,571,137.51666666666668,3,Achats récents occasionnels
16933,1,9,3099.3,2009-12-09 15:03:00,2011-12-08 12:54:00,United Kingdom,730,344.3666666666667,0,Champions
16934,55,6,2083.14,2010-03-28 12:43:00,2011-10-16 12:40:00,United Kingdom,622,347.19,2,Actifs à montant élevé
16935,382,3,530.86,2010-10-14 13:09:00,2010-11-23 09:16:00,United Kingdom,421,176.95333333333335,4,Achats anciens
16936,26,2,548.29,2010-11-19 11:54:00,2011-11-14 11:04:00,United Kingdom,386,274.145,3,Achats récents occasionnels
16937,499,1,196.25,2010-07-28 17:56:00,2010-07-28 17:56:00,United Kingdom,499,196.25,1,Achats anciens à faible montant
16938,9,9,6995.360000000001,2010-02-17 14:47:00,2011-12-01 10:20:00,United Kingdom,660,777.2622222222222,0,Champions
16939,489,3,433.85,2010-02-28 13:33:00,2010-08-08 12:24:00,United Kingdom,649,144.61666666666667,4,Achats anciens
16940,52,8,6427.66,2009-12-08 13:08:00,2011-10-18 13:15:00,United Kingdom,731,803.4575,2,Actifs à montant élevé
16941,612,1,33.0,2010-04-07 11:13:00,2010-04-07 11:13:00,United Kingdom,612,33.0,1,Achats anciens à faible montant
16942,13,9,1904.99,2011-04-26 11:59:00,2011-11-27 12:40:00,United Kingdom,228,211.66555555555556,2,Actifs à montant élevé
16943,212,5,1299.49,2010-03-25 13:34:00,2011-05-12 11:57:00,United Kingdom,624,259.898,4,Achats anciens
16944,610,1,101.36,2010-04-09 11:03:00,2010-04-09 11:03:00,United Kingdom,610,101.36,1,Achats anciens à faible montant
16945,22,33,8548.16,2009-12-09 11:33:00,2011-11-18 11:39:00,United Kingdom,731,259.0351515151515,0,Champions
16946,383,5,1222.04,2010-03-02 10:49:00,2010-11-21 14:06:00,United Kingdom,648,244.408,4,Achats anciens
16947,236,5,955.21,2010-03-03 10:54:00,2011-04-18 09:38:00,United Kingdom,647,191.042,4,Achats anciens
16948,139,7,868.77,2010-02-21 13:48:00,2011-07-24 12:46:00,United Kingdom,656,124.11,4,Achats anciens
16949,4,6,1286.27,2011-01-27 12:11:00,2011-12-06 11:07:00,United Kingdom,317,214.37833333333333,2,Actifs à montant élevé
16950,57,10,3713.77,2010-01-24 11:26:00,2011-10-14 09:06:00,United Kingdom,685,371.377,2,Actifs à montant élevé
16951,135,3,1277.75,2011-02-08 14:58:00,2011-07-28 12:05:00,United Kingdom,304,425.9166666666667,4,Achats anciens
16952,109,5,795.83,2009-12-11 13:52:00,2011-08-22 13:03:00,United Kingdom,728,159.166,4,Achats anciens
16953,30,1,20.8,2011-11-09 15:54:00,2011-11-09 15:54:00,United Kingdom,30,20.8,1,Achats anciens à faible montant
16954,1,20,6081.88,2010-01-18 14:49:00,2011-12-09 09:46:00,United Kingdom,690,304.094,0,Champions
16955,185,6,1309.41,2010-01-31 11:38:00,2011-06-08 10:36:00,United Kingdom,678,218.235,4,Achats anciens
16956,18,1,308.74,2011-11-22 08:56:00,2011-11-22 08:56:00,United Kingdom,18,308.74,3,Achats récents occasionnels
16957,239,2,416.64,2011-03-03 09:25:00,2011-04-14 13:56:00,United Kingdom,282,208.32,1,Achats anciens à faible montant
16958,435,1,778.49,2010-09-30 14:25:00,2010-09-30 14:25:00,United Kingdom,435,778.49,1,Achats anciens à faible montant
16959,87,1,117.35000000000001,2011-09-13 15:03:00,2011-09-13 15:03:00,United Kingdom,87,117.35000000000001,1,Achats anciens à faible montant
16960,39,8,1990.88,2010-03-02 13:36:00,2011-11-01 11:35:00,United Kingdom,647,248.86,2,Actifs à montant élevé
16961,116,3,794.56,2010-06-25 14:36:00,2011-08-15 13:46:00,United Kingdom,532,264.8533333333333,4,Achats anciens
16962,410,1,251.04,2010-10-26 11:36:00,2010-10-26 11:36:00,United Kingdom,410,251.04,1,Achats anciens à faible montant
16963,187,1,110.55000000000001,2011-06-05 13:48:00,2011-06-05 13:48:00,United Kingdom,187,110.55000000000001,1,Achats anciens à faible montant
16964,733,2,207.85,2009-12-06 12:51:00,2009-12-06 12:53:00,United Kingdom,733,103.925,1,Achats anciens à faible montant
16965,227,1,201.19,2011-04-27 12:08:00,2011-04-27 12:08:00,United Kingdom,227,201.19,1,Achats anciens à faible montant
16966,8,7,2154.97,2011-04-13 14:17:00,2011-12-01 13:40:00,United Kingdom,240,307.8528571428571,2,Actifs à montant élevé
16967,189,1,319.02,2011-06-03 14:24:00,2011-06-03 14:24:00,United Kingdom,189,319.02,1,Achats anciens à faible montant
16968,4,2,439.43,2011-08-24 10:51:00,2011-12-05 15:02:00,United Kingdom,108,219.715,3,Achats récents occasionnels
16969,39,3,650.41,2011-06-01 12:10:00,2011-10-31 13:12:00,United Kingdom,192,216.8033333333333,3,Achats récents occasionnels
16970,626,1,71.4,2010-03-23 13:50:00,2010-03-23 13:50:00,United Kingdom,626,71.4,1,Achats anciens à faible montant
16971,38,1,357.21,2011-11-01 15:06:00,2011-11-01 15:06:00,United Kingdom,38,357.21,3,Achats récents occasionnels
16972,383,2,749.0,2010-09-09 11:20:00,2010-11-22 10:59:00,United Kingdom,457,374.5,4,Achats anciens
16973,386,1,127.0,2010-11-18 13:56:00,2010-11-18 13:56:00,United Kingdom,386,127.0,1,Achats anciens à faible montant
16974,523,2,365.5,2010-05-24 10:43:00,2010-07-05 10:18:00,United Kingdom,565,182.75,1,Achats anciens à faible montant
16975,423,3,926.12,2010-07-22 11:38:00,2010-10-12 17:53:00,United Kingdom,506,308.70666666666665,4,Achats anciens
16976,267,1,251.51999999999998,2011-03-17 16:33:00,2011-03-17 16:33:00,United Kingdom,267,251.51999999999998,1,Achats anciens à faible montant
16977,395,4,496.0,2010-03-18 11:06:00,2010-11-09 13:17:00,United Kingdom,632,124.0,4,Achats anciens
16978,78,3,768.88,2010-02-11 16:27:00,2011-09-23 12:50:00,United Kingdom,666,256.29333333333335,4,Achats anciens
16979,4,9,2859.74,2010-09-15 14:30:00,2011-12-06 12:21:00,United Kingdom,450,317.74888888888887,2,Actifs à montant élevé
16980,255,3,1422.8300000000002,2010-10-07 14:05:00,2011-03-29 16:36:00,United Kingdom,428,474.2766666666667,4,Achats anciens
16982,61,1,384.06,2011-10-10 12:28:00,2011-10-10 12:28:00,United Kingdom,61,384.06,3,Achats récents occasionnels
16983,13,11,3654.02,2010-09-19 12:38:00,2011-11-27 12:10:00,United Kingdom,447,332.18363636363637,2,Actifs à montant élevé
16984,88,9,10350.53,2010-03-07 15:34:00,2011-09-12 13:43:00,United Kingdom,642,1150.058888888889,2,Actifs à montant élevé
16985,17,23,10923.16,2009-12-10 13:34:00,2011-11-22 13:33:00,United Kingdom,729,474.92,0,Champions
16986,30,11,4888.75,2010-02-04 14:46:00,2011-11-10 11:55:00,United Kingdom,673,444.4318181818182,2,Actifs à montant élevé
16987,3,11,2521.4,2009-12-02 14:34:00,2011-12-06 17:26:00,United Kingdom,737,229.21818181818182,0,Champions
16988,5,2,382.67,2010-11-25 09:22:00,2011-12-04 16:02:00,United Kingdom,380,191.335,3,Achats récents occasionnels
16989,7,6,1133.25,2011-07-12 09:11:00,2011-12-02 16:39:00,United Kingdom,151,188.875,2,Actifs à montant élevé
16990,219,2,344.0,2010-10-13 11:42:00,2011-05-05 08:30:00,United Kingdom,423,172.0,1,Achats anciens à faible montant
16991,421,1,1041.21,2010-10-14 14:08:00,2010-10-14 14:08:00,United Kingdom,421,1041.21,4,Achats anciens
16992,11,13,5476.5,2010-02-11 12:36:00,2011-11-29 11:50:00,United Kingdom,667,421.2692307692308,0,Champions
16993,464,2,1950.9499999999998,2010-05-12 13:55:00,2010-09-02 12:16:00,United Kingdom,576,975.4749999999999,4,Achats anciens
16996,30,9,2123.61,2010-10-18 12:24:00,2011-11-09 16:43:00,United Kingdom,418,235.95666666666668,2,Actifs à montant élevé
16997,288,3,702.0,2011-01-18 11:51:00,2011-02-24 17:28:00,United Kingdom,326,234.0,4,Achats anciens
16998,150,5,402.0,2010-09-21 14:39:00,2011-07-13 09:44:00,United Kingdom,444,80.4,4,Achats anciens
16999,23,2,484.82,2011-09-26 15:43:00,2011-11-16 13:53:00,United Kingdom,74,242.41,3,Achats récents occasionnels
17000,396,2,406.3,2010-10-27 14:16:00,2010-11-08 13:35:00,United Kingdom,408,203.15,1,Achats anciens à faible montant
17001,1,19,6640.8,2010-03-25 12:41:00,2011-12-09 09:38:00,United Kingdom,625,349.5157894736842,0,Champions
17002,86,7,2571.55,2010-03-08 15:46:00,2011-09-15 12:40:00,United Kingdom,641,367.36428571428576,2,Actifs à montant élevé
17003,402,4,828.21,2010-05-10 11:20:00,2010-11-02 13:15:00,United Kingdom,579,207.0525,4,Achats anciens
17004,46,4,2324.36,2010-10-11 15:43:00,2011-10-24 14:25:00,United Kingdom,424,581.09,2,Actifs à montant élevé
17005,471,2,622.36,2010-04-30 10:55:00,2010-08-26 10:57:00,United Kingdom,589,311.18,4,Achats anciens
17006,5,8,1635.27,2010-03-05 13:33:00,2011-12-05 12:09:00,United Kingdom,644,204.40875,2,Actifs à montant élevé
17007,51,7,1120.1,2010-09-28 13:51:00,2011-10-20 10:47:00,United Kingdom,437,160.0142857142857,2,Actifs à montant élevé
17008,429,1,81.36,2010-10-06 15:19:00,2010-10-06 15:19:00,United Kingdom,429,81.36,1,Achats anciens à faible montant
17009,551,1,242.06,2010-06-06 16:01:00,2010-06-06 16:01:00,United Kingdom,551,242.06,1,Achats anciens à faible montant
17010,18,1,195.36,2011-11-21 14:49:00,2011-11-21 14:49:00,United Kingdom,18,195.36,3,Achats récents occasionnels
17011,30,3,671.7,2010-02-26 09:47:00,2011-11-09 13:30:00,United Kingdom,652,223.9,3,Achats récents occasionnels
17012,725,1,360.61,2009-12-14 17:34:00,2009-12-14 17:34:00,United Kingdom,725,360.61,1,Achats anciens à faible montant
17014,8,3,583.4300000000001,2011-10-04 11:36:00,2011-12-01 14:09:00,United Kingdom,67,194.4766666666667,3,Achats récents occasionnels
17015,29,3,1838.6100000000001,2011-06-07 13:19:00,2011-11-11 10:45:00,United Kingdom,185,612.87,3,Achats récents occasionnels
17016,577,1,552.4,2010-05-12 12:32:00,2010-05-12 12:32:00,United Kingdom,577,552.4,1,Achats anciens à faible montant
17017,3,29,14110.61,2009-12-03 13:22:00,2011-12-07 09:32:00,United Kingdom,736,486.5727586206897,0,Champions
17018,41,6,2287.7,2009-12-05 10:27:00,2011-10-30 11:42:00,United Kingdom,735,381.2833333333333,2,Actifs à montant élevé
17019,11,11,3961.11,2009-12-02 11:52:00,2011-11-28 13:06:00,United Kingdom,738,360.1009090909091,2,Actifs à montant élevé
17020,542,2,935.62,2010-03-03 12:27:00,2010-06-15 13:06:00,United Kingdom,647,467.81,4,Achats anciens
17021,442,6,1182.22,2010-04-29 20:05:00,2010-09-23 20:01:00,United Kingdom,589,197.03666666666666,4,Achats anciens
17022,31,2,260.0,2010-10-03 10:27:00,2011-11-08 17:09:00,United Kingdom,433,130.0,3,Achats récents occasionnels
17023,417,3,800.18,2010-01-11 15:09:00,2010-10-18 15:37:00,United Kingdom,697,266.72666666666663,4,Achats anciens
17024,45,3,95.85,2011-07-05 09:31:00,2011-10-25 13:47:00,United Kingdom,158,31.95,3,Achats récents occasionnels
17025,61,5,1510.6399999999999,2010-03-08 13:37:00,2011-10-10 09:06:00,United Kingdom,641,302.128,2,Actifs à montant élevé
17026,185,3,208.98,2010-10-18 15:22:00,2011-06-07 14:28:00,United Kingdom,417,69.66,1,Achats anciens à faible montant
17027,79,9,1310.63,2009-12-10 12:10:00,2011-09-22 12:24:00,United Kingdom,730,145.62555555555556,2,Actifs à montant élevé
17028,581,3,1593.83,2009-12-18 14:28:00,2010-05-07 15:33:00,United Kingdom,721,531.2766666666666,4,Achats anciens
17029,111,7,2137.3,2010-02-14 10:19:00,2011-08-21 11:06:00,United Kingdom,664,305.3285714285715,2,Actifs à montant élevé
17030,64,1,146.87,2011-10-07 08:49:00,2011-10-07 08:49:00,United Kingdom,64,146.87,1,Achats anciens à faible montant
17031,12,6,2773.85,2010-05-07 14:52:00,2011-11-28 10:23:00,United Kingdom,581,462.30833333333334,2,Actifs à montant élevé
17032,548,8,2984.32,2009-12-10 15:36:00,2010-06-10 12:16:00,United Kingdom,729,373.04,4,Achats anciens
17033,86,4,1332.79,2010-11-07 12:55:00,2011-09-14 14:34:00,United Kingdom,397,333.1975,4,Achats anciens
17034,16,5,1276.42,2010-07-14 12:55:00,2011-11-23 15:14:00,United Kingdom,513,255.28400000000002,2,Actifs à montant élevé
17035,246,4,613.59,2009-12-03 10:37:00,2011-04-08 11:23:00,United Kingdom,737,153.3975,4,Achats anciens
17036,383,1,176.9,2010-11-21 14:26:00,2010-11-21 14:26:00,United Kingdom,383,176.9,1,Achats anciens à faible montant
17037,88,1,1267.32,2011-09-13 12:49:00,2011-09-13 12:49:00,United Kingdom,88,1267.32,4,Achats anciens
17038,30,2,743.17,2010-10-20 16:04:00,2011-11-09 13:50:00,United Kingdom,415,371.585,3,Achats récents occasionnels
17039,604,1,1954.99,2010-04-14 12:56:00,2010-04-14 12:56:00,United Kingdom,604,1954.99,4,Achats anciens
17040,138,2,463.25,2010-06-07 15:08:00,2011-07-25 10:19:00,United Kingdom,550,231.625,4,Achats anciens
17041,27,6,1655.2,2010-04-18 14:25:00,2011-11-13 11:21:00,United Kingdom,600,275.8666666666667,2,Actifs à montant élevé
17042,3,5,1036.58,2011-04-06 14:53:00,2011-12-07 12:26:00,United Kingdom,247,207.31599999999997,3,Achats récents occasionnels
17043,32,8,2593.65,2009-12-09 15:20:00,2011-11-07 15:33:00,United Kingdom,730,324.20625,2,Actifs à montant élevé
17044,25,12,11962.3,2009-12-07 12:25:00,2011-11-14 14:28:00,United Kingdom,733,996.8583333333332,0,Champions
17045,113,5,827.6800000000001,2010-10-06 14:52:00,2011-08-18 17:09:00,United Kingdom,429,165.536,4,Achats anciens
17046,157,5,1906.07,2010-03-29 13:46:00,2011-07-05 14:24:00,United Kingdom,620,381.214,4,Achats anciens
17047,85,6,2289.23,2009-12-08 08:48:00,2011-09-15 13:27:00,United Kingdom,732,381.53833333333336,2,Actifs à montant élevé
17048,118,7,2071.68,2010-01-18 13:55:00,2011-08-14 11:49:00,United Kingdom,690,295.9542857142857,2,Actifs à montant élevé
17049,3,19,9942.53,2010-03-04 10:23:00,2011-12-07 10:48:00,United Kingdom,646,523.291052631579,0,Champions
17050,96,11,4648.59,2010-01-26 14:54:00,2011-09-04 13:48:00,United Kingdom,682,422.59909090909093,2,Actifs à montant élevé
17051,194,4,706.49,2010-03-21 14:55:00,2011-05-29 14:13:00,United Kingdom,628,176.6225,4,Achats anciens
17052,28,1,399.09,2011-11-11 14:50:00,2011-11-11 14:50:00,United Kingdom,28,399.09,3,Achats récents occasionnels
17053,131,1,498.48,2011-08-01 10:23:00,2011-08-01 10:23:00,United Kingdom,131,498.48,1,Achats anciens à faible montant
17054,28,5,1356.33,2011-04-08 13:14:00,2011-11-11 12:56:00,United Kingdom,245,271.26599999999996,2,Actifs à montant élevé
17055,446,1,232.85,2010-09-20 12:21:00,2010-09-20 12:21:00,United Kingdom,446,232.85,1,Achats anciens à faible montant
17056,738,1,128.60000000000002,2009-12-01 12:55:00,2009-12-01 12:55:00,United Kingdom,738,128.60000000000002,1,Achats anciens à faible montant
17057,596,1,294.74,2010-04-22 19:21:00,2010-04-22 19:21:00,United Kingdom,596,294.74,1,Achats anciens à faible montant
17058,82,3,1179.89,2011-04-14 09:18:00,2011-09-19 10:13:00,United Kingdom,240,393.2966666666667,4,Achats anciens
17059,30,9,5586.93,2010-01-26 14:43:00,2011-11-10 12:27:00,United Kingdom,682,620.77,2,Actifs à montant élevé
17060,266,1,234.24,2011-03-18 13:27:00,2011-03-18 13:27:00,United Kingdom,266,234.24,1,Achats anciens à faible montant
17061,74,11,5232.2300000000005,2011-04-21 13:29:00,2011-09-27 11:24:00,United Kingdom,232,475.65727272727275,2,Actifs à montant élevé
17062,314,6,1179.14,2010-09-26 11:57:00,2011-01-30 11:01:00,United Kingdom,440,196.52333333333334,4,Achats anciens
17063,21,13,3638.53,2009-12-01 12:36:00,2011-11-18 16:19:00,United Kingdom,739,279.8869230769231,2,Actifs à montant élevé
17064,59,3,855.45,2011-01-16 16:10:00,2011-10-12 10:18:00,United Kingdom,327,285.15000000000003,3,Achats récents occasionnels
17065,638,2,194.7,2010-03-12 11:40:00,2010-03-12 11:41:00,United Kingdom,638,97.35,1,Achats anciens à faible montant
17066,726,1,228.34,2009-12-13 13:24:00,2009-12-13 13:24:00,United Kingdom,726,228.34,1,Achats anciens à faible montant
17067,725,3,454.54,2009-12-08 12:03:00,2009-12-15 08:39:00,United Kingdom,732,151.51333333333335,4,Achats anciens
17068,12,47,9153.83,2010-03-28 14:26:00,2011-11-27 13:14:00,United Kingdom,621,194.7623404255319,0,Champions
17069,28,14,5794.28,2009-12-03 12:27:00,2011-11-11 17:13:00,United Kingdom,737,413.8771428571428,2,Actifs à montant élevé
17070,114,2,437.42,2010-10-25 15:57:00,2011-08-17 17:01:00,United Kingdom,410,218.71,4,Achats anciens
17071,28,13,3793.71,2010-01-24 13:05:00,2011-11-11 16:31:00,United Kingdom,684,291.82384615384615,2,Actifs à montant élevé
17072,625,1,273.35,2010-03-24 16:33:00,2010-03-24 16:33:00,United Kingdom,625,273.35,1,Achats anciens à faible montant
17073,18,4,1446.09,2011-08-22 14:37:00,2011-11-22 11:47:00,United Kingdom,109,361.5225,3,Achats récents occasionnels
17074,563,1,203.05,2010-05-26 12:04:00,2010-05-26 12:04:00,United Kingdom,563,203.05,1,Achats anciens à faible montant
17075,18,10,2236.63,2009-12-14 11:24:00,2011-11-22 11:58:00,United Kingdom,726,223.663,2,Actifs à montant élevé
17076,36,6,1242.75,2009-12-04 12:12:00,2011-11-03 17:53:00,United Kingdom,736,207.125,2,Actifs à montant élevé
17077,578,1,306.0,2010-05-10 16:36:00,2010-05-10 16:36:00,United Kingdom,578,306.0,1,Achats anciens à faible montant
17078,36,2,378.2,2011-11-03 18:49:00,2011-11-03 19:17:00,United Kingdom,36,189.1,3,Achats récents occasionnels
17079,78,1,118.80000000000001,2011-09-22 15:34:00,2011-09-22 15:34:00,United Kingdom,78,118.80000000000001,1,Achats anciens à faible montant
17080,22,7,957.53,2010-07-01 16:03:00,2011-11-17 12:59:00,United Kingdom,526,136.79,2,Actifs à montant élevé
17081,25,6,949.39,2010-02-22 13:19:00,2011-11-14 12:56:00,United Kingdom,655,158.23166666666665,2,Actifs à montant élevé
17082,33,6,4732.03,2009-12-15 11:25:00,2011-11-06 15:17:00,United Kingdom,725,788.6716666666666,2,Actifs à montant élevé
17083,109,9,4049.79,2010-02-09 11:46:00,2011-08-22 15:43:00,United Kingdom,669,449.9766666666667,2,Actifs à montant élevé
17084,35,3,5001.21,2010-11-08 14:20:00,2011-11-04 14:54:00,United Kingdom,396,1667.07,2,Actifs à montant élevé
17085,123,28,7847.67,2009-12-06 12:16:00,2011-08-08 14:15:00,United Kingdom,734,280.2739285714286,0,Champions
17086,7,6,2050.08,2011-10-07 11:22:00,2011-12-02 13:54:00,United Kingdom,64,341.68,2,Actifs à montant élevé
17087,738,1,221.53,2009-12-02 10:41:00,2009-12-02 10:41:00,United Kingdom,738,221.53,1,Achats anciens à faible montant
17088,28,4,1991.01,2011-03-31 09:48:00,2011-11-11 14:23:00,United Kingdom,254,497.7525,2,Actifs à montant élevé
17089,386,1,128.45,2010-11-18 15:33:00,2010-11-18 15:33:00,United Kingdom,386,128.45,1,Achats anciens à faible montant
17090,4,13,3080.1800000000003,2010-07-19 16:02:00,2011-12-05 13:44:00,United Kingdom,508,236.9369230769231,0,Champions
17091,3,19,7789.2,2009-12-16 15:45:00,2011-12-07 10:43:00,United Kingdom,723,409.9578947368421,0,Champions
17092,50,11,5511.41,2010-02-02 16:42:00,2011-10-20 19:51:00,United Kingdom,675,501.0372727272727,2,Actifs à montant élevé
17093,593,1,235.88,2010-04-26 10:22:00,2010-04-26 10:22:00,United Kingdom,593,235.88,1,Achats anciens à faible montant
17094,322,2,402.20000000000005,2010-10-12 10:48:00,2011-01-21 13:09:00,United Kingdom,424,201.10000000000002,1,Achats anciens à faible montant
17095,23,7,2572.25,2009-12-15 12:32:00,2011-11-17 12:21:00,United Kingdom,725,367.4642857142857,2,Actifs à montant élevé
17096,15,11,3697.93,2010-06-02 14:48:00,2011-11-24 15:01:00,United Kingdom,555,336.17545454545456,2,Actifs à montant élevé
17097,2,9,1318.08,2010-10-05 14:09:00,2011-12-07 17:05:00,Spain,430,146.45333333333332,2,Actifs à montant élevé
17098,382,3,591.0699999999999,2010-06-17 10:30:00,2010-11-23 12:13:00,United Kingdom,541,197.0233333333333,4,Achats anciens
17099,533,1,582.17,2010-06-24 16:25:00,2010-06-24 16:25:00,United Kingdom,533,582.17,1,Achats anciens à faible montant
17100,18,2,971.74,2011-11-21 16:36:00,2011-11-21 16:36:00,United Kingdom,18,485.87,3,Achats récents occasionnels
17101,10,7,2507.05,2010-06-07 15:12:00,2011-11-29 13:57:00,United Kingdom,550,358.15000000000003,2,Actifs à montant élevé
17102,262,1,25.5,2011-03-23 10:08:00,2011-03-23 10:08:00,United Kingdom,262,25.5,1,Achats anciens à faible montant
17103,722,1,424.3,2009-12-17 14:08:00,2009-12-17 14:08:00,United Kingdom,722,424.3,1,Achats anciens à faible montant
17104,424,1,474.03,2010-10-12 12:21:00,2010-10-12 12:21:00,United Kingdom,424,474.03,1,Achats anciens à faible montant
17105,159,2,665.78,2011-02-06 14:46:00,2011-07-03 15:53:00,United Kingdom,306,332.89,4,Achats anciens
17106,389,1,481.58,2010-11-15 14:11:00,2010-11-15 14:11:00,United Kingdom,389,481.58,1,Achats anciens à faible montant
17107,33,10,16052.72,2010-01-31 15:47:00,2011-11-06 14:14:00,United Kingdom,677,1605.272,0,Champions
17108,664,1,174.95,2010-02-14 12:22:00,2010-02-14 12:22:00,United Kingdom,664,174.95,1,Achats anciens à faible montant
17109,29,8,1291.71,2010-07-30 12:42:00,2011-11-10 16:59:00,United Kingdom,498,161.46375,2,Actifs à montant élevé
17110,165,3,499.9,2010-04-08 13:32:00,2011-06-27 12:58:00,United Kingdom,610,166.63333333333333,4,Achats anciens
17111,47,2,459.58,2010-10-10 15:21:00,2011-10-23 15:59:00,United Kingdom,425,229.79,3,Achats récents occasionnels
17112,503,1,197.57,2010-07-25 11:14:00,2010-07-25 11:14:00,United Kingdom,503,197.57,1,Achats anciens à faible montant
17113,574,6,2305.59,2010-01-11 10:14:00,2010-05-14 13:59:00,United Kingdom,698,384.26500000000004,4,Achats anciens
17114,6,8,801.12,2011-01-09 11:39:00,2011-12-04 12:17:00,United Kingdom,335,100.14,2,Actifs à montant élevé
17115,8,7,2761.4900000000002,2009-12-05 12:13:00,2011-12-01 14:30:00,United Kingdom,735,394.49857142857144,2,Actifs à montant élevé
17116,648,1,389.78,2010-03-01 16:29:00,2010-03-01 16:29:00,United Kingdom,648,389.78,1,Achats anciens à faible montant
17117,288,1,116.19999999999999,2011-02-24 13:54:00,2011-02-24 13:54:00,United Kingdom,288,116.19999999999999,1,Achats anciens à faible montant
17118,318,1,157.02,2011-01-26 12:19:00,2011-01-26 12:19:00,United Kingdom,318,157.02,1,Achats anciens à faible montant
17119,3,2,606.91,2011-10-11 11:03:00,2011-12-06 14:40:00,United Kingdom,60,303.455,3,Achats récents occasionnels
17120,233,1,307.46,2011-04-20 15:21:00,2011-04-20 15:21:00,United Kingdom,233,307.46,1,Achats anciens à faible montant
17121,403,1,314.74,2010-11-02 11:47:00,2010-11-02 11:47:00,United Kingdom,403,314.74,1,Achats anciens à faible montant
17122,119,4,570.5,2010-07-28 09:34:00,2011-08-12 14:33:00,United Kingdom,500,142.625,4,Achats anciens
17123,162,3,977.17,2010-05-16 11:52:00,2011-07-01 10:47:00,United Kingdom,573,325.7233333333333,4,Achats anciens
17124,185,1,294.24,2011-06-07 14:02:00,2011-06-07 14:02:00,United Kingdom,185,294.24,1,Achats anciens à faible montant
17125,50,1,230.5,2011-10-20 14:41:00,2011-10-20 14:41:00,United Kingdom,50,230.5,3,Achats récents occasionnels
17126,152,9,2016.43,2010-08-31 13:41:00,2011-07-10 13:52:00,United Kingdom,465,224.04777777777778,2,Actifs à montant élevé
17127,429,5,1155.0300000000002,2009-12-04 15:18:00,2010-10-07 09:54:00,United Kingdom,735,231.00600000000003,4,Achats anciens
17128,335,1,157.09,2011-01-09 12:02:00,2011-01-09 12:02:00,United Kingdom,335,157.09,1,Achats anciens à faible montant
17129,520,1,31.85,2010-07-07 13:46:00,2010-07-07 13:46:00,United Kingdom,520,31.85,1,Achats anciens à faible montant
17131,5,5,2463.17,2011-09-25 12:42:00,2011-12-04 12:52:00,United Kingdom,76,492.634,2,Actifs à montant élevé
17132,452,2,1220.9099999999999,2010-08-08 13:49:00,2010-09-13 16:31:00,United Kingdom,488,610.4549999999999,4,Achats anciens
17133,16,12,14622.33,2010-03-21 12:31:00,2011-11-24 12:27:00,United Kingdom,629,1218.5275,0,Champions
17134,107,3,625.3,2010-09-23 18:32:00,2011-08-25 09:53:00,United Kingdom,442,208.4333333333333,4,Achats anciens
17135,16,10,1937.76,2010-05-09 16:03:00,2011-11-23 16:48:00,United Kingdom,579,193.776,2,Actifs à montant élevé
17136,662,1,231.68,2010-02-15 13:13:00,2010-02-15 13:13:00,United Kingdom,662,231.68,1,Achats anciens à faible montant
17137,416,6,1099.81,2010-01-31 12:27:00,2010-10-19 14:51:00,United Kingdom,678,183.30166666666665,4,Achats anciens
17138,276,7,4417.27,2010-02-04 14:19:00,2011-03-09 11:54:00,United Kingdom,673,631.0385714285715,4,Achats anciens
17139,16,25,19566.76,2010-01-11 11:31:00,2011-11-24 10:12:00,United Kingdom,698,782.6704,0,Champions
17140,247,1,454.12,2011-04-06 13:33:00,2011-04-06 13:33:00,United Kingdom,247,454.12,1,Achats anciens à faible montant
17141,418,4,727.58,2010-01-24 14:19:00,2010-10-17 14:54:00,United Kingdom,684,181.895,4,Achats anciens
17142,239,4,1275.25,2010-01-24 15:23:00,2011-04-14 18:22:00,United Kingdom,684,318.8125,4,Achats anciens
17143,417,2,880.97,2010-07-12 13:26:00,2010-10-18 15:27:00,United Kingdom,515,440.485,4,Achats anciens
17144,1,2,984.57,2011-09-16 12:50:00,2011-12-08 17:57:00,United Kingdom,85,492.285,3,Achats récents occasionnels
17145,513,4,3120.91,2010-02-19 12:07:00,2010-07-15 09:02:00,United Kingdom,659,780.2275,4,Achats anciens
17146,106,13,5852.64,2010-02-02 09:39:00,2011-08-26 12:44:00,United Kingdom,676,450.20307692307694,2,Actifs à montant élevé
17147,23,9,3199.95,2010-01-11 09:38:00,2011-11-17 12:32:00,United Kingdom,698,355.54999999999995,2,Actifs à montant élevé
17148,52,1,124.88,2011-10-19 09:59:00,2011-10-19 09:59:00,United Kingdom,52,124.88,1,Achats anciens à faible montant
17149,451,1,143.10000000000002,2010-09-14 14:56:00,2010-09-14 14:56:00,United Kingdom,451,143.10000000000002,1,Achats anciens à faible montant
17150,377,6,1357.95,2009-12-06 10:51:00,2010-11-28 11:27:00,United Kingdom,734,226.32500000000002,4,Achats anciens
17151,735,1,231.90000000000003,2009-12-04 14:56:00,2009-12-04 14:56:00,United Kingdom,735,231.90000000000003,1,Achats anciens à faible montant
17152,195,4,2016.5,2010-10-10 12:40:00,2011-05-29 12:19:00,United Kingdom,426,504.125,4,Achats anciens
17153,24,1,213.78,2011-11-15 13:42:00,2011-11-15 13:42:00,United Kingdom,24,213.78,3,Achats récents occasionnels
17154,75,1,329.34,2011-09-25 13:42:00,2011-09-25 13:42:00,United Kingdom,75,329.34,3,Achats récents occasionnels
17155,18,7,892.46,2009-12-03 11:34:00,2011-11-22 12:38:00,United Kingdom,737,127.49428571428572,2,Actifs à montant élevé
17156,492,1,591.87,2010-08-05 11:30:00,2010-08-05 11:30:00,United Kingdom,492,591.87,1,Achats anciens à faible montant
17157,8,19,5151.9,2009-12-04 13:00:00,2011-12-02 09:10:00,United Kingdom,735,271.15263157894736,0,Champions
17158,32,5,1980.0,2010-03-07 15:50:00,2011-11-07 15:15:00,United Kingdom,642,396.0,2,Actifs à montant élevé
17159,22,5,2099.59,2010-03-04 14:53:00,2011-11-18 10:52:00,United Kingdom,645,419.918,2,Actifs à montant élevé
17160,31,17,10209.16,2009-12-04 10:57:00,2011-11-08 14:05:00,United Kingdom,736,600.5388235294117,0,Champions
17161,444,1,856.01,2010-09-21 16:44:00,2010-09-21 16:44:00,United Kingdom,444,856.01,4,Achats anciens
17162,29,10,1715.46,2011-02-07 12:27:00,2011-11-11 11:34:00,United Kingdom,306,171.546,2,Actifs à montant élevé
17163,22,4,699.78,2010-02-02 10:39:00,2011-11-18 08:57:00,United Kingdom,676,174.945,3,Achats récents occasionnels
17164,33,7,2467.35,2011-03-11 14:26:00,2011-11-07 09:14:00,United Kingdom,273,352.4785714285714,2,Actifs à montant élevé
17165,284,6,1794.32,2009-12-11 09:18:00,2011-02-28 16:39:00,United Kingdom,729,299.05333333333334,4,Achats anciens
17166,39,2,206.34,2011-05-20 08:18:00,2011-11-01 09:46:00,United Kingdom,204,103.17,3,Achats récents occasionnels
17167,380,3,867.11,2010-09-20 14:02:00,2010-11-25 10:05:00,United Kingdom,445,289.0366666666667,4,Achats anciens
17168,499,1,400.2,2010-07-29 12:33:00,2010-07-29 12:33:00,United Kingdom,499,400.2,1,Achats anciens à faible montant
17169,58,3,1156.73,2010-05-10 13:00:00,2011-10-13 10:25:00,United Kingdom,578,385.57666666666665,3,Achats récents occasionnels
17170,374,2,178.68,2010-11-15 16:23:00,2010-11-30 15:55:00,United Kingdom,389,89.34,1,Achats anciens à faible montant
17171,289,2,384.59,2010-02-16 12:02:00,2011-02-23 16:37:00,United Kingdom,662,192.295,1,Achats anciens à faible montant
17172,79,3,956.5699999999999,2009-12-13 11:46:00,2011-09-22 09:36:00,United Kingdom,727,318.8566666666666,4,Achats anciens
17173,5,8,3766.6,2011-07-31 15:26:00,2011-12-04 14:40:00,United Kingdom,131,470.825,2,Actifs à montant élevé
17174,218,1,59.9,2011-05-06 11:47:00,2011-05-06 11:47:00,United Kingdom,218,59.9,1,Achats anciens à faible montant
17175,44,4,1443.69,2011-02-16 14:56:00,2011-10-26 15:31:00,United Kingdom,296,360.9225,2,Actifs à montant élevé
17176,202,3,902.3199999999999,2010-01-31 15:49:00,2011-05-22 12:41:00,United Kingdom,677,300.7733333333333,4,Achats anciens
17177,505,1,119.5,2010-07-22 14:53:00,2010-07-22 14:53:00,United Kingdom,505,119.5,1,Achats anciens à faible montant
17178,731,1,432.96,2009-12-08 16:20:00,2009-12-08 16:20:00,United Kingdom,731,432.96,1,Achats anciens à faible montant
17179,178,6,1507.26,2010-05-26 11:22:00,2011-06-14 16:48:00,United Kingdom,563,251.21,4,Achats anciens
17180,56,11,2236.77,2010-01-21 17:43:00,2011-10-14 15:46:00,United Kingdom,687,203.34272727272727,2,Actifs à montant élevé
17181,57,3,465.37,2010-04-23 11:21:00,2011-10-13 14:48:00,United Kingdom,596,155.12333333333333,3,Achats récents occasionnels
17182,423,2,321.3,2009-12-21 15:22:00,2010-10-13 10:09:00,United Kingdom,718,160.65,1,Achats anciens à faible montant
17183,8,6,3347.31,2011-08-26 15:25:00,2011-12-02 10:07:00,United Kingdom,105,557.885,2,Actifs à montant élevé
17184,569,2,198.41000000000003,2009-12-09 14:17:00,2010-05-19 14:24:00,United Kingdom,730,99.20500000000001,1,Achats anciens à faible montant
17185,592,3,229.46,2010-04-20 13:49:00,2010-04-27 12:15:00,United Kingdom,598,76.48666666666666,1,Achats anciens à faible montant
17186,47,2,144.0,2011-10-10 12:52:00,2011-10-24 10:20:00,United Kingdom,60,72.0,3,Achats récents occasionnels
17187,227,2,467.71,2010-07-01 14:38:00,2011-04-27 12:39:00,United Kingdom,526,233.855,4,Achats anciens
17188,11,13,4592.93,2009-12-08 19:16:00,2011-11-28 13:53:00,United Kingdom,731,353.3023076923077,0,Champions
17189,106,5,953.63,2009-12-02 11:45:00,2011-08-25 19:39:00,United Kingdom,738,190.726,4,Achats anciens
17190,59,7,1726.57,2010-03-05 13:21:00,2011-10-12 11:33:00,United Kingdom,644,246.65285714285713,2,Actifs à montant élevé
17191,28,15,4820.45,2009-12-01 16:34:00,2011-11-11 16:58:00,United Kingdom,738,321.36333333333334,2,Actifs à montant élevé
17192,536,1,75.28,2010-06-21 16:07:00,2010-06-21 16:07:00,United Kingdom,536,75.28,1,Achats anciens à faible montant
17193,36,9,2310.04,2009-12-02 10:02:00,2011-11-04 12:47:00,United Kingdom,738,256.6711111111111,2,Actifs à montant élevé
17194,274,3,812.5,2010-06-27 13:16:00,2011-03-11 12:05:00,United Kingdom,530,270.8333333333333,4,Achats anciens
17195,655,1,562.98,2010-02-22 13:05:00,2010-02-22 13:05:00,United Kingdom,655,562.98,1,Achats anciens à faible montant
17196,428,1,327.75,2010-10-08 11:31:00,2010-10-08 11:31:00,United Kingdom,428,327.75,1,Achats anciens à faible montant
17197,30,1,1013.01,2011-11-10 10:32:00,2011-11-10 10:32:00,United Kingdom,30,1013.01,3,Achats récents occasionnels
17198,24,3,1213.88,2010-12-03 14:54:00,2011-11-16 10:39:00,United Kingdom,371,404.6266666666667,3,Achats récents occasionnels
17199,582,1,135.04000000000002,2010-05-06 13:53:00,2010-05-06 13:53:00,United Kingdom,582,135.04000000000002,1,Achats anciens à faible montant
17200,387,4,356.71,2010-02-25 13:23:00,2010-11-17 13:04:00,United Kingdom,652,89.1775,4,Achats anciens
17201,54,4,1143.1,2010-02-10 12:26:00,2011-10-17 11:55:00,United Kingdom,668,285.775,3,Achats récents occasionnels
17202,421,1,160.65,2010-10-15 11:25:00,2010-10-15 11:25:00,United Kingdom,421,160.65,1,Achats anciens à faible montant
17203,36,10,5564.09,2010-11-16 12:52:00,2011-11-04 12:27:00,United Kingdom,388,556.409,2,Actifs à montant élevé
17204,175,9,5504.6900000000005,2010-06-10 11:37:00,2011-06-17 14:46:00,United Kingdom,548,611.6322222222223,2,Actifs à montant élevé
17205,54,3,999.35,2010-05-24 15:36:00,2011-10-17 12:46:00,United Kingdom,564,333.1166666666667,3,Achats récents occasionnels
17206,53,1,204.24,2011-10-17 13:25:00,2011-10-17 13:25:00,United Kingdom,53,204.24,3,Achats récents occasionnels
17207,652,1,292.62,2010-02-25 19:08:00,2010-02-25 19:08:00,United Kingdom,652,292.62,1,Achats anciens à faible montant
17208,396,1,111.15,2010-11-09 12:50:00,2010-11-09 12:50:00,United Kingdom,396,111.15,1,Achats anciens à faible montant
17209,649,3,595.7,2009-12-03 11:10:00,2010-02-28 16:01:00,United Kingdom,737,198.5666666666667,4,Achats anciens
17210,393,1,251.72,2010-11-12 12:15:00,2010-11-12 12:15:00,United Kingdom,393,251.72,1,Achats anciens à faible montant
17211,27,13,4046.65,2009-12-13 13:17:00,2011-11-13 12:03:00,United Kingdom,726,311.28076923076924,2,Actifs à montant élevé
17212,253,3,794.41,2010-08-10 09:22:00,2011-03-31 19:42:00,United Kingdom,487,264.80333333333334,4,Achats anciens
17213,40,13,5182.3,2009-12-15 10:28:00,2011-10-30 14:53:00,United Kingdom,725,398.63846153846157,2,Actifs à montant élevé
17214,60,6,1059.1200000000001,2010-12-15 15:14:00,2011-10-10 13:17:00,United Kingdom,359,176.52,2,Actifs à montant élevé
17215,464,1,186.15,2010-09-01 13:39:00,2010-09-01 13:39:00,United Kingdom,464,186.15,1,Achats anciens à faible montant
17216,554,1,63.6,2010-06-03 13:03:00,2010-06-03 13:03:00,United Kingdom,554,63.6,1,Achats anciens à faible montant
17217,234,2,210.1,2010-03-30 13:35:00,2011-04-19 17:19:00,United Kingdom,619,105.05,1,Achats anciens à faible montant
17218,4,18,4178.93,2010-01-25 16:12:00,2011-12-05 13:52:00,United Kingdom,683,232.1627777777778,0,Champions
17219,32,2,259.13,2010-10-19 11:29:00,2011-11-08 11:25:00,United Kingdom,417,129.565,3,Achats récents occasionnels
17220,24,21,4457.31,2010-01-20 11:57:00,2011-11-15 13:47:00,United Kingdom,689,212.25285714285715,0,Champions
17221,7,5,976.62,2010-04-11 15:34:00,2011-12-02 13:35:00,United Kingdom,607,195.324,3,Achats récents occasionnels
17222,65,6,1579.51,2010-01-10 15:24:00,2011-10-05 13:58:00,United Kingdom,698,263.25166666666667,2,Actifs à montant élevé
17223,310,3,850.88,2010-11-29 17:19:00,2011-02-02 15:57:00,United Kingdom,375,283.62666666666667,4,Achats anciens
17224,501,1,100.86,2010-07-26 13:30:00,2010-07-26 13:30:00,United Kingdom,501,100.86,1,Achats anciens à faible montant
17225,582,1,131.15,2010-05-07 11:38:00,2010-05-07 11:38:00,United Kingdom,582,131.15,1,Achats anciens à faible montant
17226,309,3,895.47,2010-02-12 14:31:00,2011-02-04 11:52:00,United Kingdom,665,298.49,4,Achats anciens
17227,19,12,2021.18,2010-01-15 15:05:00,2011-11-21 10:51:00,United Kingdom,693,168.43166666666667,2,Actifs à montant élevé
17228,16,13,3175.98,2010-03-12 11:54:00,2011-11-24 10:24:00,United Kingdom,638,244.30615384615385,2,Actifs à montant élevé
17229,96,2,318.76,2011-07-20 12:38:00,2011-09-04 13:56:00,United Kingdom,143,159.38,3,Achats récents occasionnels
17230,264,18,9388.49,2009-12-08 13:41:00,2011-03-20 16:12:00,United Kingdom,731,521.5827777777778,2,Actifs à montant élevé
17231,12,25,7064.8,2009-12-07 16:38:00,2011-11-27 15:18:00,United Kingdom,732,282.592,0,Champions
17232,3,2,417.77,2011-11-25 12:24:00,2011-12-07 12:21:00,United Kingdom,15,208.885,3,Achats récents occasionnels
17233,35,3,560.86,2009-12-15 12:03:00,2011-11-04 14:06:00,United Kingdom,725,186.95333333333335,3,Achats récents occasionnels
17234,183,1,149.89000000000001,2011-06-10 11:20:00,2011-06-10 11:20:00,United Kingdom,183,149.89000000000001,1,Achats anciens à faible montant
17235,25,8,1904.8799999999999,2010-06-04 17:01:00,2011-11-14 15:51:00,United Kingdom,553,238.10999999999999,2,Actifs à montant élevé
17236,13,12,1929.26,2010-03-07 13:00:00,2011-11-27 12:00:00,United Kingdom,642,160.77166666666668,2,Actifs à montant élevé
17237,11,4,994.13,2010-11-23 11:45:00,2011-11-28 15:02:00,United Kingdom,382,248.5325,3,Achats récents occasionnels
17238,3,32,7701.76,2009-12-01 10:59:00,2011-12-07 11:35:00,United Kingdom,739,240.68,0,Champions
17239,313,4,1189.45,2010-07-01 10:53:00,2011-01-31 09:41:00,United Kingdom,527,297.3625,4,Achats anciens
17240,596,1,130.6,2010-04-22 15:44:00,2010-04-22 15:44:00,United Kingdom,596,130.6,1,Achats anciens à faible montant
17241,385,12,2736.64,2010-02-15 14:47:00,2010-11-19 13:01:00,United Kingdom,662,228.0533333333333,2,Actifs à montant élevé
17242,108,5,2889.28,2010-01-24 10:27:00,2011-08-23 14:55:00,United Kingdom,685,577.856,2,Actifs à montant élevé
17243,1,69,20460.48,2009-12-01 15:36:00,2011-12-08 13:26:00,United Kingdom,738,296.5286956521739,0,Champions
17244,53,5,1826.04,2009-12-06 11:27:00,2011-10-17 15:19:00,United Kingdom,734,365.20799999999997,2,Actifs à montant élevé
17245,205,2,371.63,2010-01-19 15:39:00,2011-05-19 10:43:00,United Kingdom,689,185.815,1,Achats anciens à faible montant
17246,547,2,38.92,2009-12-01 17:45:00,2010-06-11 12:36:00,United Kingdom,738,19.46,1,Achats anciens à faible montant
17247,15,1,280.09000000000003,2011-11-24 15:21:00,2011-11-24 15:21:00,United Kingdom,15,280.09000000000003,3,Achats récents occasionnels
17248,120,2,500.54,2010-08-15 11:55:00,2011-08-11 13:34:00,United Kingdom,482,250.27,4,Achats anciens
17249,429,1,68.03,2010-10-07 11:33:00,2010-10-07 11:33:00,United Kingdom,429,68.03,1,Achats anciens à faible montant
17250,4,2,381.97,2011-03-23 16:45:00,2011-12-06 12:15:00,United Kingdom,261,190.985,3,Achats récents occasionnels
17251,363,3,798.98,2009-12-15 10:36:00,2010-12-12 11:06:00,United Kingdom,725,266.32666666666665,4,Achats anciens
17252,117,2,348.91,2011-06-06 16:41:00,2011-08-15 09:45:00,United Kingdom,186,174.455,1,Achats anciens à faible montant
17253,18,1,178.26,2011-11-21 12:59:00,2011-11-21 12:59:00,United Kingdom,18,178.26,3,Achats récents occasionnels
17254,5,3,469.48,2010-11-03 14:00:00,2011-12-05 12:46:00,United Kingdom,401,156.49333333333334,3,Achats récents occasionnels
17255,41,4,781.7,2010-09-19 15:53:00,2011-10-30 12:18:00,United Kingdom,446,195.425,3,Achats récents occasionnels
17256,107,5,498.93,2010-04-18 13:40:00,2011-08-24 13:30:00,United Kingdom,600,99.786,4,Achats anciens
17257,436,2,189.78,2010-09-29 12:49:00,2010-09-29 12:51:00,United Kingdom,437,94.89,1,Achats anciens à faible montant
17258,397,2,417.3,2010-02-12 15:51:00,2010-11-08 12:37:00,United Kingdom,665,208.65,1,Achats anciens à faible montant
17259,148,6,1820.34,2010-02-22 13:38:00,2011-07-14 15:01:00,United Kingdom,655,303.39,4,Achats anciens
17260,411,1,120.95,2010-10-24 13:21:00,2010-10-24 13:21:00,United Kingdom,411,120.95,1,Achats anciens à faible montant
17261,510,1,221.59,2010-07-18 11:49:00,2010-07-18 11:49:00,United Kingdom,510,221.59,1,Achats anciens à faible montant
17262,52,11,2757.62,2009-12-15 11:26:00,2011-10-18 12:56:00,United Kingdom,725,250.69272727272727,2,Actifs à montant élevé
17263,208,1,63.440000000000005,2011-05-15 14:32:00,2011-05-15 14:32:00,United Kingdom,208,63.440000000000005,1,Achats anciens à faible montant
17264,424,1,268.28,2010-10-11 12:52:00,2010-10-11 12:52:00,United Kingdom,424,268.28,1,Achats anciens à faible montant
17265,139,2,550.01,2011-06-12 12:00:00,2011-07-24 10:49:00,United Kingdom,181,275.005,4,Achats anciens
17266,2,5,501.71999999999997,2010-03-09 10:42:00,2011-12-07 14:12:00,United Kingdom,641,100.344,3,Achats récents occasionnels
17267,127,2,317.2,2011-08-04 17:19:00,2011-08-04 17:22:00,United Kingdom,127,158.6,1,Achats anciens à faible montant
17268,108,11,1733.8899999999999,2009-12-08 11:46:00,2011-08-24 10:06:00,United Kingdom,732,157.62636363636364,2,Actifs à montant élevé
17269,386,1,491.81,2010-11-19 11:12:00,2010-11-19 11:12:00,United Kingdom,386,491.81,1,Achats anciens à faible montant
17270,469,2,601.4499999999999,2009-12-07 17:18:00,2010-08-27 14:09:00,United Kingdom,732,300.72499999999997,4,Achats anciens
17271,736,1,204.3,2009-12-03 13:49:00,2009-12-03 13:49:00,United Kingdom,736,204.3,1,Achats anciens à faible montant
17272,42,4,2148.63,2011-03-22 12:05:00,2011-10-28 16:37:00,United Kingdom,263,537.1575,2,Actifs à montant élevé
17273,424,1,141.12,2010-10-11 15:57:00,2010-10-11 15:57:00,United Kingdom,424,141.12,1,Achats anciens à faible montant
17274,35,2,573.22,2010-11-09 12:06:00,2011-11-04 13:16:00,United Kingdom,396,286.61,3,Achats récents occasionnels
17275,383,1,114.1,2010-11-21 13:26:00,2010-11-21 13:26:00,United Kingdom,383,114.1,1,Achats anciens à faible montant
17276,402,1,502.49,2010-11-02 16:20:00,2010-11-02 16:20:00,United Kingdom,402,502.49,1,Achats anciens à faible montant
17277,228,2,1065.3500000000001,2011-01-21 12:37:00,2011-04-26 12:47:00,United Kingdom,323,532.6750000000001,4,Achats anciens
17278,241,2,271.24,2010-05-23 13:49:00,2011-04-12 13:10:00,United Kingdom,565,135.62,1,Achats anciens à faible montant
17279,58,1,187.82999999999998,2011-10-13 11:58:00,2011-10-13 11:58:00,United Kingdom,58,187.82999999999998,3,Achats récents occasionnels
17280,438,1,118.85999999999999,2010-09-27 16:46:00,2010-09-27 16:46:00,United Kingdom,438,118.85999999999999,1,Achats anciens à faible montant
17281,374,6,797.8499999999999,2010-02-04 13:00:00,2010-11-30 18:05:00,United Kingdom,673,132.975,4,Achats anciens
17282,130,5,2308.54,2010-06-09 12:07:00,2011-08-01 14:29:00,United Kingdom,549,461.70799999999997,4,Achats anciens
17283,379,1,188.46,2010-11-26 11:53:00,2010-11-26 11:53:00,United Kingdom,379,188.46,1,Achats anciens à faible montant
17284,60,8,2788.06,2010-09-20 16:18:00,2011-10-10 14:38:00,United Kingdom,445,348.5075,2,Actifs à montant élevé
17285,628,2,407.94,2010-02-14 14:10:00,2010-03-21 13:38:00,United Kingdom,663,203.97,1,Achats anciens à faible montant
17286,22,3,389.18,2010-11-04 13:43:00,2011-11-18 12:47:00,United Kingdom,400,129.72666666666666,3,Achats récents occasionnels
17287,26,21,4049.56,2009-12-03 12:45:00,2011-11-13 13:27:00,United Kingdom,737,192.83619047619047,0,Champions
17288,9,11,2468.43,2010-11-10 14:44:00,2011-11-30 16:09:00,United Kingdom,394,224.40272727272725,2,Actifs à montant élevé
17289,32,9,2041.8,2010-03-08 12:52:00,2011-11-08 12:01:00,United Kingdom,641,226.86666666666667,2,Actifs à montant élevé
17290,4,8,1487.96,2009-12-13 13:28:00,2011-12-06 12:38:00,United Kingdom,726,185.995,2,Actifs à montant élevé
17291,308,1,550.8000000000001,2011-02-04 13:04:00,2011-02-04 13:04:00,United Kingdom,308,550.8000000000001,1,Achats anciens à faible montant
17292,472,2,271.75,2010-05-09 14:52:00,2010-08-24 17:14:00,United Kingdom,579,135.875,1,Achats anciens à faible montant
17293,8,17,3750.63,2009-12-03 15:09:00,2011-12-01 14:37:00,United Kingdom,736,220.62529411764706,0,Champions
17294,669,2,467.78999999999996,2010-02-08 14:21:00,2010-02-08 16:12:00,United Kingdom,669,233.89499999999998,1,Achats anciens à faible montant
17295,29,3,547.0,2011-10-06 12:22:00,2011-11-11 10:49:00,United Kingdom,65,182.33333333333334,3,Achats récents occasionnels
17296,730,1,338.13,2009-12-09 14:01:00,2009-12-09 14:01:00,United Kingdom,730,338.13,1,Achats anciens à faible montant
17297,17,1,128.18,2011-11-22 14:43:00,2011-11-22 14:43:00,United Kingdom,17,128.18,3,Achats récents occasionnels
17298,101,5,954.26,2010-03-08 08:56:00,2011-08-30 16:43:00,United Kingdom,642,190.852,4,Achats anciens
17299,12,6,993.23,2010-08-15 16:00:00,2011-11-28 12:01:00,United Kingdom,481,165.53833333333333,2,Actifs à montant élevé
17300,391,2,393.64,2010-08-15 11:02:00,2010-11-14 10:56:00,United Kingdom,482,196.82,1,Achats anciens à faible montant
17301,21,2,294.39,2010-03-25 13:16:00,2011-11-18 13:43:00,United Kingdom,624,147.195,3,Achats récents occasionnels
17302,15,5,1135.63,2011-02-07 10:14:00,2011-11-25 09:36:00,United Kingdom,306,227.12600000000003,3,Achats récents occasionnels
17303,361,1,250.04,2010-12-13 13:32:00,2010-12-13 13:32:00,United Kingdom,361,250.04,1,Achats anciens à faible montant
17304,534,1,111.5,2010-06-23 16:23:00,2010-06-23 16:23:00,United Kingdom,534,111.5,1,Achats anciens à faible montant
17305,649,1,2135.46,2010-03-01 12:47:00,2010-03-01 12:47:00,United Kingdom,649,2135.46,4,Achats anciens
17306,11,21,9782.35,2010-11-01 11:38:00,2011-11-29 12:14:00,United Kingdom,404,465.8261904761905,0,Champions
17307,395,11,3999.8900000000003,2010-01-19 16:38:00,2010-11-09 13:40:00,United Kingdom,689,363.6263636363637,2,Actifs à montant élevé
17308,393,2,4511.76,2010-09-13 09:35:00,2010-11-11 13:19:00,United Kingdom,453,2255.88,4,Achats anciens
17309,95,3,320.39,2010-02-04 15:49:00,2011-09-05 15:20:00,United Kingdom,673,106.79666666666667,3,Achats récents occasionnels
17310,387,2,1025.1,2010-06-23 11:38:00,2010-11-17 16:00:00,United Kingdom,535,512.55,4,Achats anciens
17311,78,6,3566.56,2010-02-03 12:38:00,2011-09-22 14:11:00,United Kingdom,675,594.4266666666666,2,Actifs à montant élevé
17312,139,3,644.3,2011-07-03 13:12:00,2011-07-24 11:52:00,United Kingdom,159,214.76666666666665,4,Achats anciens
17313,31,1,2328.84,2011-11-08 15:45:00,2011-11-08 15:45:00,United Kingdom,31,2328.84,3,Achats récents occasionnels
17314,25,17,4904.43,2009-12-03 11:25:00,2011-11-15 09:41:00,United Kingdom,737,288.4958823529412,0,Champions
17315,2,43,9599.58,2010-09-27 12:45:00,2011-12-08 12:15:00,United Kingdom,439,223.2460465116279,0,Champions
17316,420,1,124.45,2010-10-15 14:35:00,2010-10-15 14:35:00,United Kingdom,420,124.45,1,Achats anciens à faible montant
17317,46,3,2600.34,2011-09-11 12:45:00,2011-10-24 17:19:00,United Kingdom,90,866.7800000000001,2,Actifs à montant élevé
17318,725,1,157.32999999999998,2009-12-14 13:11:00,2009-12-14 13:11:00,United Kingdom,725,157.32999999999998,1,Achats anciens à faible montant
17319,669,1,29.1,2010-02-08 15:47:00,2010-02-08 15:47:00,United Kingdom,669,29.1,1,Achats anciens à faible montant
17320,100,6,2895.77,2010-01-21 16:29:00,2011-08-31 13:31:00,United Kingdom,687,482.62833333333333,2,Actifs à montant élevé
17321,8,6,1665.21,2010-05-11 12:10:00,2011-12-01 13:41:00,United Kingdom,578,277.535,2,Actifs à montant élevé
17322,376,5,922.59,2009-12-03 11:46:00,2010-11-28 14:41:00,United Kingdom,737,184.518,4,Achats anciens
17323,15,12,1551.04,2010-01-10 11:58:00,2011-11-24 17:29:00,United Kingdom,699,129.25333333333333,2,Actifs à montant élevé
17324,18,12,2298.12,2009-12-18 15:29:00,2011-11-22 10:34:00,United Kingdom,721,191.51,2,Actifs à montant élevé
17325,280,3,609.5699999999999,2010-03-08 11:31:00,2011-03-04 13:09:00,United Kingdom,642,203.18999999999997,4,Achats anciens
17326,408,2,312.35,2010-06-28 14:05:00,2010-10-27 15:38:00,United Kingdom,529,156.175,1,Achats anciens à faible montant
17327,410,2,152.35,2010-05-26 11:20:00,2010-10-26 09:54:00,United Kingdom,563,76.175,1,Achats anciens à faible montant
17328,673,1,104.7,2010-02-04 17:11:00,2010-02-04 17:11:00,United Kingdom,673,104.7,1,Achats anciens à faible montant
17329,14,5,998.53,2009-12-03 16:09:00,2011-11-25 14:24:00,United Kingdom,736,199.706,3,Achats récents occasionnels
17330,23,4,423.8,2010-03-02 09:20:00,2011-11-17 08:56:00,United Kingdom,648,105.95,3,Achats récents occasionnels
17331,124,1,175.2,2011-08-08 11:55:00,2011-08-08 11:55:00,United Kingdom,124,175.2,1,Achats anciens à faible montant
17332,528,5,838.27,2010-02-21 14:41:00,2010-06-29 16:10:00,United Kingdom,656,167.654,4,Achats anciens
17333,86,1,494.25,2011-09-15 10:11:00,2011-09-15 10:11:00,United Kingdom,86,494.25,3,Achats récents occasionnels
17334,302,3,635.15,2010-10-29 12:16:00,2011-02-10 14:59:00,United Kingdom,407,211.71666666666667,4,Achats anciens
17335,384,2,497.04,2010-01-24 11:15:00,2010-11-21 10:17:00,United Kingdom,685,248.52,4,Achats anciens
17336,472,1,81.12,2010-08-24 15:37:00,2010-08-24 15:37:00,United Kingdom,472,81.12,1,Achats anciens à faible montant
17337,151,4,1981.06,2011-02-02 17:06:00,2011-07-11 14:55:00,United Kingdom,310,495.265,4,Achats anciens
17338,17,17,11889.33,2010-03-10 16:09:00,2011-11-22 14:23:00,United Kingdom,639,699.3723529411765,0,Champions
17339,94,3,362.36,2010-07-18 13:08:00,2011-09-06 13:29:00,United Kingdom,509,120.78666666666668,3,Achats récents occasionnels
17340,30,18,22289.22,2010-02-14 14:54:00,2011-11-10 10:45:00,United Kingdom,663,1238.29,0,Champions
17341,157,5,1688.82,2010-06-17 18:17:00,2011-07-06 12:33:00,United Kingdom,540,337.764,4,Achats anciens
17342,380,4,1227.54,2010-02-08 09:16:00,2010-11-25 11:07:00,United Kingdom,670,306.885,4,Achats anciens
17343,355,6,1259.94,2009-12-03 18:30:00,2010-12-19 15:07:00,United Kingdom,736,209.99,4,Achats anciens
17344,46,2,457.36,2009-12-11 12:31:00,2011-10-24 12:56:00,United Kingdom,729,228.68,3,Achats récents occasionnels
17345,15,10,1586.6299999999999,2009-12-01 16:17:00,2011-11-24 15:03:00,United Kingdom,738,158.66299999999998,2,Actifs à montant élevé
17346,4,26,5132.72,2010-04-18 12:18:00,2011-12-06 12:18:00,United Kingdom,601,197.4123076923077,0,Champions
17347,86,1,228.96,2011-09-14 13:12:00,2011-09-14 13:12:00,United Kingdom,86,228.96,1,Achats anciens à faible montant
17348,15,9,2442.29,2010-03-10 12:13:00,2011-11-25 11:25:00,United Kingdom,640,271.36555555555555,2,Actifs à montant élevé
17349,179,5,772.41,2010-03-18 14:26:00,2011-06-13 14:29:00,United Kingdom,631,154.482,4,Achats anciens
17350,8,7,1893.701,2010-02-01 15:38:00,2011-12-01 15:47:00,United Kingdom,676,270.5287142857143,2,Actifs à montant élevé
17351,36,12,1988.23,2009-12-10 18:43:00,2011-11-03 18:45:00,United Kingdom,729,165.68583333333333,2,Actifs à montant élevé
17352,696,1,36.25,2010-01-12 16:13:00,2010-01-12 16:13:00,United Kingdom,696,36.25,1,Achats anciens à faible montant
17353,129,4,3242.0,2010-03-25 12:52:00,2011-08-02 17:19:00,United Kingdom,624,810.5,4,Achats anciens
17354,51,4,3133.96,2010-10-07 13:22:00,2011-10-20 10:34:00,United Kingdom,428,783.49,2,Actifs à montant élevé
17355,386,1,273.31,2010-11-18 13:18:00,2010-11-18 13:18:00,United Kingdom,386,273.31,1,Achats anciens à faible montant
17356,312,5,946.47,2010-01-20 12:14:00,2011-02-01 11:07:00,United Kingdom,689,189.294,4,Achats anciens
17357,24,2,384.39,2011-11-15 16:29:00,2011-11-15 16:30:00,United Kingdom,24,192.195,3,Achats récents occasionnels
17358,303,5,861.01,2010-02-24 16:42:00,2011-02-09 16:57:00,United Kingdom,653,172.202,4,Achats anciens
17359,11,2,284.46,2010-03-01 14:48:00,2011-11-28 14:37:00,United Kingdom,648,142.23,3,Achats récents occasionnels
17360,17,6,1200.51,2010-10-01 12:07:00,2011-11-22 13:11:00,United Kingdom,435,200.085,2,Actifs à montant élevé
17361,49,5,871.79,2010-02-01 14:30:00,2011-10-21 15:43:00,United Kingdom,676,174.358,3,Achats récents occasionnels
17362,239,7,1024.04,2010-01-06 10:53:00,2011-04-14 14:43:00,United Kingdom,703,146.29142857142855,4,Achats anciens
17363,395,3,920.46,2010-11-02 17:25:00,2010-11-09 17:11:00,United Kingdom,402,306.82,4,Achats anciens
17364,1,28,11972.92,2009-12-07 15:28:00,2011-12-09 09:00:00,United Kingdom,732,427.6042857142857,0,Champions
17365,13,15,8184.49,2010-02-01 11:56:00,2011-11-27 12:13:00,United Kingdom,677,545.6326666666666,0,Champions
17366,432,2,1077.24,2010-09-09 19:46:00,2010-10-03 16:04:00,United Kingdom,456,538.62,4,Achats anciens
17367,238,1,167.55,2011-04-15 14:21:00,2011-04-15 14:21:00,United Kingdom,238,167.55,1,Achats anciens à faible montant
17368,23,14,2758.29,2009-12-15 17:45:00,2011-11-16 15:26:00,United Kingdom,724,197.0207142857143,2,Actifs à montant élevé
17369,456,1,979.1999999999999,2010-09-10 09:49:00,2010-09-10 09:49:00,United Kingdom,456,979.1999999999999,4,Achats anciens
17370,73,4,446.18,2011-06-23 11:50:00,2011-09-28 10:14:00,United Kingdom,170,111.545,3,Achats récents occasionnels
17371,17,6,655.37,2009-12-08 12:25:00,2011-11-22 13:30:00,United Kingdom,732,109.22833333333334,3,Achats récents occasionnels
17372,41,28,4347.31,2009-12-03 18:41:00,2011-10-30 11:37:00,United Kingdom,736,155.26107142857146,0,Champions
17373,40,7,1167.5,2010-02-28 14:17:00,2011-10-30 15:28:00,United Kingdom,649,166.78571428571428,2,Actifs à montant élevé
17374,219,3,727.11,2010-11-09 17:14:00,2011-05-05 09:05:00,United Kingdom,395,242.37,4,Achats anciens
17375,199,4,660.55,2010-10-04 09:14:00,2011-05-24 15:45:00,United Kingdom,432,165.1375,4,Achats anciens
17376,71,4,453.64,2010-07-05 11:11:00,2011-09-30 12:36:00,United Kingdom,523,113.41,3,Achats récents occasionnels
17377,24,78,18232.57,2009-12-02 12:39:00,2011-11-16 11:17:00,United Kingdom,738,233.75089743589743,0,Champions
17378,374,1,10.95,2010-11-30 18:46:00,2010-11-30 18:46:00,United Kingdom,374,10.95,1,Achats anciens à faible montant
17379,11,1,389.71999999999997,2011-11-28 13:56:00,2011-11-28 13:56:00,United Kingdom,11,389.71999999999997,3,Achats récents occasionnels
17380,434,3,645.0,2010-06-23 11:24:00,2010-10-01 16:42:00,United Kingdom,535,215.0,4,Achats anciens
17381,9,38,40002.37,2010-06-09 12:55:00,2011-12-01 11:59:00,United Kingdom,548,1052.693947368421,0,Champions
17382,65,8,902.28,2010-05-19 11:33:00,2011-10-05 13:05:00,United Kingdom,570,112.785,2,Actifs à montant élevé
17383,4,2,304.09,2010-09-12 14:54:00,2011-12-05 17:36:00,United Kingdom,453,152.045,3,Achats récents occasionnels
17384,19,3,507.55,2010-08-29 16:01:00,2011-11-20 15:48:00,United Kingdom,467,169.18333333333334,3,Achats récents occasionnels
17385,15,1,256.11,2011-11-25 11:02:00,2011-11-25 11:02:00,United Kingdom,15,256.11,3,Achats récents occasionnels
17386,8,7,2812.77,2010-11-19 13:40:00,2011-12-02 11:28:00,United Kingdom,385,401.82428571428574,2,Actifs à montant élevé
17387,20,2,746.81,2011-11-06 11:25:00,2011-11-20 11:00:00,United Kingdom,34,373.405,3,Achats récents occasionnels
17388,78,11,2675.37,2009-12-10 11:45:00,2011-09-23 10:31:00,United Kingdom,730,243.21545454545455,2,Actifs à montant élevé
17389,1,61,57215.33,2009-12-04 12:06:00,2011-12-09 09:38:00,United Kingdom,736,937.9562295081968,0,Champions
17390,421,1,149.3,2010-10-15 11:29:00,2010-10-15 11:29:00,United Kingdom,421,149.3,1,Achats anciens à faible montant
17391,164,2,508.8,2011-06-28 12:21:00,2011-06-29 09:58:00,United Kingdom,165,254.4,4,Achats anciens
17392,307,3,585.92,2010-09-15 16:17:00,2011-02-06 12:48:00,United Kingdom,450,195.30666666666664,4,Achats anciens
17393,411,2,381.15,2010-08-08 15:53:00,2010-10-25 11:10:00,United Kingdom,488,190.575,1,Achats anciens à faible montant
17394,219,1,203.86999999999998,2011-05-04 13:22:00,2011-05-04 13:22:00,United Kingdom,219,203.86999999999998,1,Achats anciens à faible montant
17395,508,1,97.5,2010-07-19 15:34:00,2010-07-19 15:34:00,United Kingdom,508,97.5,1,Achats anciens à faible montant
17396,39,14,8807.1,2010-09-24 13:04:00,2011-10-31 14:12:00,United Kingdom,441,629.0785714285714,0,Champions
17397,22,3,1198.28,2010-10-19 13:20:00,2011-11-17 14:08:00,United Kingdom,416,399.4266666666667,3,Achats récents occasionnels
17398,115,3,653.38,2011-03-29 13:04:00,2011-08-17 09:48:00,United Kingdom,255,217.79333333333332,4,Achats anciens
17400,126,8,4623.28,2009-12-17 15:41:00,2011-08-05 15:38:00,United Kingdom,722,577.91,2,Actifs à montant élevé
17401,541,1,114.85,2010-06-16 16:54:00,2010-06-16 16:54:00,United Kingdom,541,114.85,1,Achats anciens à faible montant
17402,5,23,5095.53,2009-12-16 17:40:00,2011-12-05 10:15:00,United Kingdom,723,221.54478260869564,0,Champions
17403,36,2,382.87,2010-09-15 12:29:00,2011-11-03 15:18:00,United Kingdom,451,191.435,3,Achats récents occasionnels
17404,4,23,47781.12,2010-01-07 11:31:00,2011-12-05 16:26:00,Sweden,702,2077.44,0,Champions
17405,1,3,1031.41,2011-07-12 14:17:00,2011-12-08 17:12:00,United Kingdom,150,343.80333333333334,3,Achats récents occasionnels
17406,333,13,4889.05,2009-12-06 13:45:00,2011-01-10 15:07:00,United Kingdom,733,376.08076923076925,2,Actifs à montant élevé
17407,412,1,552.9,2010-10-24 11:57:00,2010-10-24 11:57:00,United Kingdom,412,552.9,1,Achats anciens à faible montant
17408,163,3,316.09000000000003,2010-07-13 14:02:00,2011-06-29 12:53:00,United Kingdom,514,105.36333333333334,4,Achats anciens
17409,185,10,7793.51,2009-12-11 12:17:00,2011-06-08 10:36:00,United Kingdom,729,779.351,2,Actifs à montant élevé
17410,16,5,1214.72,2011-05-08 15:21:00,2011-11-23 15:46:00,United Kingdom,215,242.94400000000002,2,Actifs à montant élevé
17411,12,5,1425.38,2009-12-03 12:02:00,2011-11-27 14:25:00,United Kingdom,737,285.076,2,Actifs à montant élevé
17412,3,16,4417.52,2009-12-02 13:51:00,2011-12-07 11:36:00,United Kingdom,737,276.095,0,Champions
17413,405,2,560.14,2010-05-19 11:11:00,2010-10-31 12:33:00,United Kingdom,570,280.07,4,Achats anciens
17414,44,6,2249.52,2009-12-03 16:49:00,2011-10-27 12:13:00,United Kingdom,736,374.92,2,Actifs à montant élevé
17415,80,1,507.84,2011-09-21 12:50:00,2011-09-21 12:50:00,United Kingdom,80,507.84,3,Achats récents occasionnels
17416,30,22,17298.45,2009-12-14 16:29:00,2011-11-10 12:47:00,United Kingdom,725,786.2931818181819,0,Champions
17417,549,1,164.18,2010-06-09 10:00:00,2010-06-09 10:00:00,United Kingdom,549,164.18,1,Achats anciens à faible montant
17418,42,3,670.0600000000001,2010-11-17 13:42:00,2011-10-28 13:00:00,United Kingdom,387,223.35333333333335,3,Achats récents occasionnels
17419,11,18,6500.52,2010-01-25 13:19:00,2011-11-28 13:47:00,United Kingdom,683,361.14000000000004,0,Champions
17420,50,6,1084.43,2010-11-03 13:09:00,2011-10-20 14:52:00,United Kingdom,401,180.73833333333334,2,Actifs à montant élevé
17421,386,3,1059.41,2009-12-04 15:43:00,2010-11-18 16:57:00,United Kingdom,735,353.1366666666667,4,Achats anciens
17422,16,11,3594.76,2010-06-23 10:19:00,2011-11-23 13:27:00,United Kingdom,535,326.79636363636365,2,Actifs à montant élevé
17423,46,3,1118.95,2010-11-11 12:26:00,2011-10-24 13:36:00,United Kingdom,394,372.98333333333335,3,Achats récents occasionnels
17425,19,2,759.17,2011-10-10 11:37:00,2011-11-20 15:30:00,United Kingdom,61,379.585,3,Achats récents occasionnels
17426,8,13,8077.77,2010-02-17 13:39:00,2011-12-01 18:07:00,United Kingdom,660,621.3669230769231,0,Champions
17427,72,1,100.8,2011-09-29 11:29:00,2011-09-29 11:29:00,United Kingdom,72,100.8,1,Achats anciens à faible montant
17428,1,45,31819.760000000002,2009-12-01 17:28:00,2011-12-09 09:45:00,United Kingdom,738,707.1057777777778,0,Champions
17429,128,5,1357.46,2010-10-06 12:30:00,2011-08-03 13:22:00,United Kingdom,430,271.492,4,Achats anciens
17430,33,4,735.17,2010-08-17 11:52:00,2011-11-07 09:24:00,United Kingdom,480,183.7925,3,Achats récents occasionnels
17431,313,1,403.3,2011-01-30 14:36:00,2011-01-30 14:36:00,United Kingdom,313,403.3,1,Achats anciens à faible montant
17432,18,9,1728.99,2009-12-03 19:13:00,2011-11-21 17:33:00,United Kingdom,736,192.11,2,Actifs à montant élevé
17433,88,2,569.96,2010-11-19 13:37:00,2011-09-12 14:24:00,United Kingdom,385,284.98,3,Achats récents occasionnels
17434,2,7,2373.82,2011-09-15 13:54:00,2011-12-07 13:16:00,United Kingdom,85,339.1171428571429,2,Actifs à montant élevé
17435,411,1,331.35,2010-10-24 13:55:00,2010-10-24 13:55:00,United Kingdom,411,331.35,1,Achats anciens à faible montant
17436,2,5,534.06,2009-12-07 12:31:00,2011-12-08 12:30:00,United Kingdom,733,106.81199999999998,3,Achats récents occasionnels
17437,530,1,369.68,2010-06-28 11:11:00,2010-06-28 11:11:00,United Kingdom,530,369.68,1,Achats anciens à faible montant
17438,254,5,1422.77,2010-03-08 16:53:00,2011-03-31 10:26:00,United Kingdom,641,284.554,4,Achats anciens
17439,656,1,325.74,2010-02-22 12:48:00,2010-02-22 12:48:00,United Kingdom,656,325.74,1,Achats anciens à faible montant
17440,157,4,323.58,2010-06-08 14:40:00,2011-07-06 11:54:00,United Kingdom,549,80.895,4,Achats anciens
17441,732,1,293.35,2009-12-07 13:32:00,2009-12-07 13:32:00,United Kingdom,732,293.35,1,Achats anciens à faible montant
17442,37,15,4620.3,2010-02-15 15:54:00,2011-11-03 09:17:00,United Kingdom,662,308.02000000000004,2,Actifs à montant élevé
17443,220,1,534.24,2011-05-04 10:47:00,2011-05-04 10:47:00,Canada,220,534.24,1,Achats anciens à faible montant
17444,148,3,2940.04,2011-06-20 09:04:00,2011-07-15 12:05:00,Canada,173,980.0133333333333,4,Achats anciens
17446,177,2,120.9,2011-02-02 14:40:00,2011-06-16 10:42:00,United Kingdom,310,60.45,1,Achats anciens à faible montant
17447,40,2,541.53,2011-09-29 10:10:00,2011-10-30 14:18:00,United Kingdom,72,270.765,3,Achats récents occasionnels
17448,497,46,14523.67,2010-03-04 17:29:00,2010-07-30 14:07:00,United Kingdom,645,315.7319565217391,0,Champions
17449,2,13,4868.15,2009-12-09 14:16:00,2011-12-07 16:56:00,United Kingdom,730,374.4730769230769,0,Champions
17450,8,51,246813.09,2010-09-27 16:59:00,2011-12-01 13:29:00,United Kingdom,438,4839.472352941177,0,Champions
17451,1,7,1721.4,2011-08-26 11:54:00,2011-12-08 15:02:00,United Kingdom,106,245.91428571428574,2,Actifs à montant élevé
17453,18,2,486.71999999999997,2011-10-06 17:02:00,2011-11-22 09:42:00,United Kingdom,64,243.35999999999999,3,Achats récents occasionnels
17454,192,10,1547.94,2010-01-15 15:40:00,2011-05-31 13:58:00,United Kingdom,693,154.794,2,Actifs à montant élevé
17455,204,1,131.7,2011-05-20 12:31:00,2011-05-20 12:31:00,United Kingdom,204,131.7,1,Achats anciens à faible montant
17456,365,2,1225.42,2010-09-09 15:28:00,2010-12-09 15:23:00,United Kingdom,456,612.71,4,Achats anciens
17457,127,14,5984.8099999999995,2009-12-07 14:52:00,2011-08-05 12:48:00,United Kingdom,732,427.4864285714285,2,Actifs à montant élevé
17458,15,2,529.58,2010-11-23 11:43:00,2011-11-24 13:01:00,United Kingdom,382,264.79,3,Achats récents occasionnels
17459,43,2,657.3,2011-10-10 17:00:00,2011-10-27 13:25:00,United Kingdom,60,328.65,3,Achats récents occasionnels
17460,94,16,2228.27,2010-01-22 13:25:00,2011-09-06 15:04:00,United Kingdom,686,139.266875,2,Actifs à montant élevé
17461,23,3,735.82,2011-11-10 12:01:00,2011-11-17 10:21:00,United Kingdom,30,245.27333333333334,3,Achats récents occasionnels
17462,60,2,675.69,2011-02-28 17:01:00,2011-10-10 13:56:00,United Kingdom,284,337.845,3,Achats récents occasionnels
17463,16,7,2535.26,2010-04-29 17:57:00,2011-11-23 13:40:00,United Kingdom,589,362.18,2,Actifs à montant élevé
17464,158,3,907.14,2010-03-30 13:15:00,2011-07-04 13:19:00,United Kingdom,619,302.38,4,Achats anciens
17465,426,7,2542.79,2009-12-03 13:25:00,2010-10-10 11:56:00,United Kingdom,736,363.2557142857143,4,Achats anciens
17466,10,2,763.28,2011-09-22 09:16:00,2011-11-29 13:15:00,United Kingdom,79,381.64,3,Achats récents occasionnels
17467,395,1,102.6,2010-11-09 12:58:00,2010-11-09 12:58:00,United Kingdom,395,102.6,1,Achats anciens à faible montant
17468,10,3,194.8,2010-11-29 17:25:00,2011-11-29 15:33:00,United Kingdom,375,64.93333333333334,3,Achats récents occasionnels
17469,16,17,5051.25,2009-12-16 15:06:00,2011-11-23 13:15:00,United Kingdom,723,297.13235294117646,0,Champions
17470,45,11,2804.87,2010-07-19 16:16:00,2011-10-26 12:42:00,United Kingdom,508,254.9881818181818,2,Actifs à montant élevé
17471,475,1,321.65000000000003,2010-08-22 11:53:00,2010-08-22 11:53:00,United Kingdom,475,321.65000000000003,1,Achats anciens à faible montant
17472,191,4,922.35,2010-03-21 13:27:00,2011-06-01 14:57:00,United Kingdom,628,230.5875,4,Achats anciens
17473,409,2,607.0,2010-09-09 19:03:00,2010-10-27 11:45:00,United Kingdom,456,303.5,4,Achats anciens
17474,600,1,1047.0,2010-04-19 10:43:00,2010-04-19 10:43:00,United Kingdom,600,1047.0,4,Achats anciens
17475,79,1,194.37,2011-09-21 14:55:00,2011-09-21 14:55:00,United Kingdom,79,194.37,1,Achats anciens à faible montant
17476,396,2,489.86,2009-12-02 12:09:00,2010-11-09 10:21:00,United Kingdom,738,244.93,1,Achats anciens à faible montant
17477,613,2,1144.3,2010-03-02 11:53:00,2010-04-06 10:06:00,United Kingdom,648,572.15,4,Achats anciens
17478,408,2,1272.8,2010-03-16 14:19:00,2010-10-27 15:01:00,United Kingdom,633,636.4,4,Achats anciens
17479,633,1,389.26000000000005,2010-03-17 09:26:00,2010-03-17 09:26:00,United Kingdom,633,389.26000000000005,1,Achats anciens à faible montant
17480,78,2,882.23,2010-09-21 12:31:00,2011-09-23 11:39:00,United Kingdom,445,441.115,3,Achats récents occasionnels
17481,4,4,1255.59,2011-09-07 09:57:00,2011-12-06 12:28:00,United Kingdom,94,313.8975,3,Achats récents occasionnels
17482,487,2,775.64,2010-05-10 14:10:00,2010-08-09 15:33:00,United Kingdom,578,387.82,4,Achats anciens
17483,65,4,591.73,2010-10-21 12:43:00,2011-10-05 13:10:00,United Kingdom,415,147.9325,3,Achats récents occasionnels
17484,576,2,209.57,2010-03-25 16:17:00,2010-05-12 15:41:00,United Kingdom,624,104.785,1,Achats anciens à faible montant
17486,261,1,396.87,2011-03-23 14:00:00,2011-03-23 14:00:00,United Kingdom,261,396.87,1,Achats anciens à faible montant
17487,728,1,160.55,2009-12-11 15:06:00,2009-12-11 15:06:00,United Kingdom,728,160.55,1,Achats anciens à faible montant
17488,641,1,336.5,2010-03-08 14:07:00,2010-03-08 14:07:00,United Kingdom,641,336.5,1,Achats anciens à faible montant
17489,59,2,376.64,2011-05-11 11:34:00,2011-10-12 08:56:00,United Kingdom,213,188.32,3,Achats récents occasionnels
17490,1,9,2750.5,2010-05-19 12:40:00,2011-12-09 09:08:00,United Kingdom,570,305.6111111111111,0,Champions
17491,1,17,5981.07,2010-04-28 11:57:00,2011-12-08 16:18:00,United Kingdom,591,351.8276470588235,0,Champions
17492,248,3,1122.42,2010-07-09 13:27:00,2011-04-05 15:21:00,United Kingdom,518,374.14000000000004,4,Achats anciens
17493,385,1,100.91000000000001,2010-11-19 16:57:00,2010-11-19 16:57:00,United Kingdom,385,100.91000000000001,1,Achats anciens à faible montant
17494,502,1,54.699999999999996,2010-07-26 10:06:00,2010-07-26 10:06:00,United Kingdom,502,54.699999999999996,1,Achats anciens à faible montant
17495,8,3,806.72,2010-11-14 11:50:00,2011-12-02 12:08:00,United Kingdom,391,268.9066666666667,3,Achats récents occasionnels
17496,359,4,1412.89,2010-01-14 13:36:00,2010-12-16 08:39:00,United Kingdom,694,353.2225,4,Achats anciens
17497,390,2,287.25,2010-04-08 08:01:00,2010-11-14 14:17:00,United Kingdom,611,143.625,1,Achats anciens à faible montant
17498,76,1,272.22,2011-09-25 12:25:00,2011-09-25 12:25:00,United Kingdom,76,272.22,1,Achats anciens à faible montant
17499,290,2,1341.39,2010-05-27 09:59:00,2011-02-23 09:14:00,United Kingdom,562,670.695,4,Achats anciens
17500,17,3,1138.0,2011-11-10 09:08:00,2011-11-22 14:25:00,United Kingdom,30,379.3333333333333,3,Achats récents occasionnels
17501,221,2,288.6,2011-05-03 09:46:00,2011-05-03 09:47:00,United Kingdom,221,144.3,1,Achats anciens à faible montant
17502,9,4,689.1,2011-11-10 16:39:00,2011-11-30 13:13:00,United Kingdom,29,172.275,3,Achats récents occasionnels
17503,3,2,558.96,2011-11-01 11:12:00,2011-12-07 09:18:00,United Kingdom,39,279.48,3,Achats récents occasionnels
17504,206,18,9490.17,2010-02-08 09:22:00,2011-05-17 12:59:00,United Kingdom,670,527.2316666666667,2,Actifs à montant élevé
17505,162,5,2435.48,2010-04-13 16:33:00,2011-07-01 12:50:00,United Kingdom,605,487.096,4,Achats anciens
17506,76,1,302.2,2011-09-25 11:39:00,2011-09-25 11:39:00,United Kingdom,76,302.2,1,Achats anciens à faible montant
17507,262,2,605.58,2011-02-03 18:08:00,2011-03-23 11:48:00,United Kingdom,309,302.79,4,Achats anciens
17508,281,8,4579.23,2009-12-07 11:46:00,2011-03-04 08:10:00,Greece,733,572.40375,2,Actifs à montant élevé
17509,58,8,6083.64,2011-10-07 13:14:00,2011-10-13 10:26:00,United Kingdom,63,760.455,2,Actifs à montant élevé
17510,25,2,514.56,2010-10-15 10:20:00,2011-11-15 10:00:00,United Kingdom,421,257.28,3,Achats récents occasionnels
17511,3,60,175603.55,2009-12-02 10:52:00,2011-12-07 10:12:00,United Kingdom,738,2926.725833333333,0,Champions
17512,29,18,5467.820000000001,2009-12-10 19:35:00,2011-11-11 12:11:00,United Kingdom,729,303.76777777777784,0,Champions
17513,72,3,1158.8,2010-08-17 15:08:00,2011-09-28 16:42:00,United Kingdom,479,386.26666666666665,4,Achats anciens
17514,128,2,522.0,2010-02-08 14:00:00,2011-08-03 15:45:00,United Kingdom,669,261.0,4,Achats anciens
17515,31,9,1602.51,2010-06-07 13:29:00,2011-11-08 14:04:00,United Kingdom,550,178.05666666666667,2,Actifs à montant élevé
17516,15,6,947.5,2010-11-26 12:50:00,2011-11-24 16:51:00,United Kingdom,379,157.91666666666666,2,Actifs à montant élevé
17517,309,1,153.94,2011-02-04 11:48:00,2011-02-04 11:48:00,United Kingdom,309,153.94,1,Achats anciens à faible montant
17518,426,2,329.42,2010-03-28 13:31:00,2010-10-10 12:40:00,United Kingdom,621,164.71,1,Achats anciens à faible montant
17519,17,15,5109.47,2009-12-01 09:57:00,2011-11-22 16:43:00,United Kingdom,739,340.6313333333334,0,Champions
17520,54,1,546.81,2011-10-17 12:04:00,2011-10-17 12:04:00,United Kingdom,54,546.81,3,Achats récents occasionnels
17521,30,5,1278.06,2010-10-01 11:49:00,2011-11-10 11:22:00,United Kingdom,435,255.612,2,Actifs à montant élevé
17522,2,5,1070.71,2011-05-05 16:31:00,2011-12-08 12:31:00,United Kingdom,218,214.142,3,Achats récents occasionnels
17523,11,4,652.74,2011-11-20 13:40:00,2011-11-28 13:20:00,United Kingdom,19,163.185,3,Achats récents occasionnels
17524,361,3,539.14,2010-09-27 16:20:00,2010-12-13 14:32:00,United Kingdom,438,179.71333333333334,4,Achats anciens
17525,360,3,1161.9,2010-10-07 09:12:00,2010-12-15 12:05:00,United Kingdom,429,387.3,4,Achats anciens
17526,5,12,4166.04,2009-12-17 16:18:00,2011-12-05 11:05:00,United Kingdom,722,347.17,0,Champions
17527,54,4,939.37,2011-05-05 13:43:00,2011-10-17 12:32:00,United Kingdom,218,234.8425,3,Achats récents occasionnels
17528,1,8,3628.5,2011-09-29 13:04:00,2011-12-08 13:27:00,United Kingdom,71,453.5625,0,Champions
17529,610,2,1240.25,2010-01-11 12:29:00,2010-04-08 17:51:00,United Kingdom,698,620.125,4,Achats anciens
17530,1,12,3092.33,2009-12-06 16:17:00,2011-12-08 18:42:00,United Kingdom,733,257.69416666666666,0,Champions
17531,190,3,1266.82,2010-03-31 12:57:00,2011-06-02 19:17:00,United Kingdom,618,422.2733333333333,4,Achats anciens
17532,386,1,65.34,2010-11-19 08:13:00,2010-11-19 08:13:00,United Kingdom,386,65.34,1,Achats anciens à faible montant
17533,435,1,34.8,2010-10-01 09:14:00,2010-10-01 09:14:00,United Kingdom,435,34.8,1,Achats anciens à faible montant
17534,54,5,1668.83,2010-02-25 16:55:00,2011-10-17 12:47:00,United Kingdom,652,333.76599999999996,2,Actifs à montant élevé
17535,280,1,164.4,2011-03-04 15:20:00,2011-03-04 15:20:00,United Kingdom,280,164.4,1,Achats anciens à faible montant
17536,177,3,364.83,2010-01-26 12:00:00,2011-06-15 13:23:00,United Kingdom,683,121.61,4,Achats anciens
17537,30,2,887.67,2011-02-09 13:37:00,2011-11-10 10:56:00,United Kingdom,303,443.835,3,Achats récents occasionnels
17538,26,1,98.42,2011-11-14 12:12:00,2011-11-14 12:12:00,United Kingdom,26,98.42,3,Achats récents occasionnels
17539,618,4,1176.84,2009-12-13 12:36:00,2010-04-01 12:07:00,United Kingdom,727,294.21,4,Achats anciens
17540,25,6,1590.6000000000001,2010-04-19 09:47:00,2011-11-15 11:56:00,United Kingdom,600,265.1,2,Actifs à montant élevé
17541,510,1,119.86,2010-07-18 11:36:00,2010-07-18 11:36:00,United Kingdom,510,119.86,1,Achats anciens à faible montant
17542,270,3,340.85,2010-03-08 12:08:00,2011-03-15 11:45:00,United Kingdom,642,113.61666666666667,4,Achats anciens
17543,550,1,120.05,2010-06-08 12:41:00,2010-06-08 12:41:00,United Kingdom,550,120.05,1,Achats anciens à faible montant
17544,390,3,944.82,2010-11-14 14:47:00,2010-11-14 15:08:00,United Kingdom,390,314.94,4,Achats anciens
17545,43,6,1409.8600000000001,2010-05-11 10:04:00,2011-10-27 14:04:00,United Kingdom,578,234.9766666666667,2,Actifs à montant élevé
17547,376,2,727.85,2010-02-12 14:34:00,2010-11-29 09:41:00,United Kingdom,665,363.925,4,Achats anciens
17548,234,4,731.26,2010-11-08 16:19:00,2011-04-20 12:01:00,United Kingdom,396,182.815,4,Achats anciens
17549,24,2,148.86,2011-10-19 10:05:00,2011-11-16 09:59:00,United Kingdom,52,74.43,3,Achats récents occasionnels
17550,197,9,2506.64,2010-02-07 15:07:00,2011-05-26 14:09:00,United Kingdom,670,278.5155555555555,2,Actifs à montant élevé
17551,359,1,290.34,2010-12-15 14:12:00,2010-12-15 14:12:00,United Kingdom,359,290.34,1,Achats anciens à faible montant
17552,60,12,3085.29,2010-03-22 09:19:00,2011-10-10 17:00:00,United Kingdom,628,257.1075,2,Actifs à montant élevé
17553,130,4,3757.6,2010-04-08 09:44:00,2011-08-02 10:00:00,United Kingdom,611,939.4,4,Achats anciens
17554,1,5,1952.45,2011-07-14 20:01:00,2011-12-08 14:15:00,United Kingdom,148,390.49,2,Actifs à montant élevé
17555,20,5,1045.74,2010-05-02 16:02:00,2011-11-20 12:22:00,United Kingdom,586,209.148,3,Achats récents occasionnels
17556,206,2,300.67,2010-11-25 17:00:00,2011-05-18 10:48:00,United Kingdom,379,150.335,1,Achats anciens à faible montant
17557,14,4,575.46,2009-12-07 10:15:00,2011-11-25 12:57:00,United Kingdom,733,143.865,3,Achats récents occasionnels
17558,393,1,259.17,2010-11-11 14:36:00,2010-11-11 14:36:00,United Kingdom,393,259.17,1,Achats anciens à faible montant
17559,513,1,167.62,2010-07-15 12:02:00,2010-07-15 12:02:00,United Kingdom,513,167.62,1,Achats anciens à faible montant
17560,95,8,1895.8,2010-02-17 12:11:00,2011-09-06 09:18:00,United Kingdom,661,236.975,2,Actifs à montant élevé
17561,19,4,703.02,2009-12-06 13:29:00,2011-11-20 12:53:00,United Kingdom,733,175.755,3,Achats récents occasionnels
17562,14,7,1122.38,2011-06-19 13:06:00,2011-11-25 14:21:00,United Kingdom,173,160.34,2,Actifs à montant élevé
17563,578,2,392.38,2010-04-07 10:02:00,2010-05-10 14:54:00,United Kingdom,612,196.19,1,Achats anciens à faible montant
17564,24,3,454.01,2011-09-20 14:00:00,2011-11-15 13:27:00,United Kingdom,80,151.33666666666667,3,Achats récents occasionnels
17565,587,1,131.83,2010-05-02 11:54:00,2010-05-02 11:54:00,United Kingdom,587,131.83,1,Achats anciens à faible montant
17566,8,2,869.77,2011-11-14 13:42:00,2011-12-01 19:54:00,United Kingdom,25,434.885,3,Achats récents occasionnels
17567,7,9,5356.03,2010-09-24 10:48:00,2011-12-02 15:48:00,United Kingdom,442,595.1144444444444,0,Champions
17568,633,1,374.45,2010-03-16 16:45:00,2010-03-16 16:45:00,United Kingdom,633,374.45,1,Achats anciens à faible montant
17569,332,1,344.14,2011-01-11 14:15:00,2011-01-11 14:15:00,United Kingdom,332,344.14,1,Achats anciens à faible montant
17570,382,1,100.0,2010-11-23 11:56:00,2010-11-23 11:56:00,United Kingdom,382,100.0,1,Achats anciens à faible montant
17571,50,5,1630.91,2010-06-15 12:50:00,2011-10-20 15:57:00,United Kingdom,543,326.182,2,Actifs à montant élevé
17572,71,10,723.01,2009-12-15 10:00:00,2011-09-29 17:53:00,United Kingdom,725,72.301,2,Actifs à montant élevé
17573,29,3,380.6,2011-09-07 10:36:00,2011-11-10 13:01:00,United Kingdom,94,126.86666666666667,3,Achats récents occasionnels
17574,243,1,185.65,2011-04-11 09:47:00,2011-04-11 09:47:00,United Kingdom,243,185.65,1,Achats anciens à faible montant
17575,667,1,171.7,2010-02-10 13:48:00,2010-02-10 13:48:00,United Kingdom,667,171.7,1,Achats anciens à faible montant
17576,8,41,8831.6,2009-12-03 16:54:00,2011-12-01 17:56:00,United Kingdom,736,215.4048780487805,0,Champions
17577,645,2,348.75,2010-02-09 10:10:00,2010-03-04 13:01:00,United Kingdom,669,174.375,1,Achats anciens à faible montant
17578,218,7,1047.33,2010-06-28 11:55:00,2011-05-05 18:38:00,United Kingdom,530,149.6185714285714,4,Achats anciens
17579,5,4,753.28,2010-05-10 14:28:00,2011-12-05 12:28:00,United Kingdom,578,188.32,3,Achats récents occasionnels
17580,253,5,541.02,2010-10-13 14:28:00,2011-04-01 12:41:00,United Kingdom,422,108.204,4,Achats anciens
17581,1,43,18737.95,2009-12-03 12:34:00,2011-12-09 12:21:00,United Kingdom,737,435.76627906976745,0,Champions
17582,236,5,1446.95,2010-03-26 12:23:00,2011-04-17 13:18:00,United Kingdom,624,289.39,4,Achats anciens
17583,560,1,135.95,2010-05-28 14:24:00,2010-05-28 14:24:00,United Kingdom,560,135.95,1,Achats anciens à faible montant
17584,7,6,5309.42,2010-01-25 08:17:00,2011-12-02 17:12:00,United Kingdom,684,884.9033333333333,2,Actifs à montant élevé
17585,109,7,2064.71,2010-08-18 16:39:00,2011-08-22 13:30:00,United Kingdom,478,294.9585714285714,2,Actifs à montant élevé
17586,619,1,167.4,2010-03-30 13:12:00,2010-03-30 13:12:00,United Kingdom,619,167.4,1,Achats anciens à faible montant
17587,628,1,176.71,2010-03-21 14:16:00,2010-03-21 14:16:00,United Kingdom,628,176.71,1,Achats anciens à faible montant
17588,100,7,2939.55,2010-03-12 12:34:00,2011-08-31 13:37:00,United Kingdom,638,419.9357142857143,2,Actifs à montant élevé
17589,60,18,13837.94,2010-03-07 13:48:00,2011-10-10 16:58:00,United Kingdom,642,768.7744444444445,0,Champions
17590,2,3,1468.02,2011-10-30 14:05:00,2011-12-07 12:55:00,United Kingdom,40,489.34,3,Achats récents occasionnels
17591,73,8,2723.62,2010-01-17 16:09:00,2011-09-27 13:42:00,United Kingdom,691,340.4525,2,Actifs à montant élevé
17592,739,1,148.3,2009-12-01 10:49:00,2009-12-01 10:49:00,United Kingdom,739,148.3,1,Achats anciens à faible montant
17593,4,11,8092.32,2009-12-04 14:35:00,2011-12-06 10:30:00,United Kingdom,735,735.6654545454545,0,Champions
17594,85,4,2497.88,2010-04-14 08:53:00,2011-09-15 16:34:00,United Kingdom,605,624.47,2,Actifs à montant élevé
17595,12,2,386.69,2011-11-02 16:19:00,2011-11-27 16:08:00,United Kingdom,37,193.345,3,Achats récents occasionnels
17596,23,13,4882.43,2009-12-15 13:21:00,2011-11-16 14:11:00,United Kingdom,724,375.57153846153847,2,Actifs à montant élevé
17597,214,5,3484.09,2010-05-05 15:33:00,2011-05-10 11:54:00,United Kingdom,583,696.818,4,Achats anciens
17598,381,1,409.98,2010-11-23 17:43:00,2010-11-23 17:43:00,United Kingdom,381,409.98,1,Achats anciens à faible montant
17599,478,1,52.05,2010-08-19 12:50:00,2010-08-19 12:50:00,United Kingdom,478,52.05,1,Achats anciens à faible montant
17600,18,1,161.67000000000002,2011-11-22 09:43:00,2011-11-22 09:43:00,United Kingdom,18,161.67000000000002,3,Achats récents occasionnels
17601,239,2,413.08,2010-11-24 14:29:00,2011-04-14 18:02:00,United Kingdom,380,206.54,1,Achats anciens à faible montant
17602,2,14,7354.43,2010-03-30 17:25:00,2011-12-07 13:53:00,United Kingdom,619,525.3164285714286,0,Champions
17603,78,4,1788.38,2009-12-10 09:44:00,2011-09-22 14:18:00,United Kingdom,730,447.095,4,Achats anciens
17604,217,6,942.38,2010-01-27 12:19:00,2011-05-06 13:43:00,United Kingdom,682,157.06333333333333,4,Achats anciens
17605,590,1,160.75,2010-04-28 14:45:00,2010-04-28 14:45:00,United Kingdom,590,160.75,1,Achats anciens à faible montant
17606,737,1,87.30000000000001,2009-12-02 13:32:00,2009-12-02 13:32:00,United Kingdom,737,87.30000000000001,1,Achats anciens à faible montant
17607,376,1,333.81,2010-11-28 13:11:00,2010-11-28 13:11:00,United Kingdom,376,333.81,1,Achats anciens à faible montant
17608,33,4,488.06,2010-04-11 13:37:00,2011-11-06 13:06:00,United Kingdom,607,122.015,3,Achats récents occasionnels
17609,41,11,1887.8999999999999,2010-04-09 16:54:00,2011-10-30 12:28:00,United Kingdom,609,171.62727272727273,2,Actifs à montant élevé
17610,540,5,1511.94,2009-12-06 16:07:00,2010-06-17 16:34:00,United Kingdom,733,302.38800000000003,4,Achats anciens
17611,7,28,8337.53,2009-12-01 13:29:00,2011-12-02 13:29:00,United Kingdom,738,297.7689285714286,0,Champions
17612,53,18,5394.86,2009-12-17 11:59:00,2011-10-17 14:59:00,United Kingdom,723,299.71444444444444,2,Actifs à montant élevé
17613,23,14,4544.55,2011-02-07 11:20:00,2011-11-17 10:51:00,United Kingdom,306,324.6107142857143,2,Actifs à montant élevé
17614,57,1,386.32,2011-10-13 16:01:00,2011-10-13 16:01:00,United Kingdom,57,386.32,3,Achats récents occasionnels
17615,130,6,721.8,2010-08-11 12:54:00,2011-08-01 14:06:00,United Kingdom,485,120.3,4,Achats anciens
17616,174,4,1060.8,2010-09-14 10:43:00,2011-06-19 10:11:00,United Kingdom,452,265.2,4,Achats anciens
17617,559,1,385.19,2010-05-30 12:48:00,2010-05-30 12:48:00,United Kingdom,559,385.19,1,Achats anciens à faible montant
17618,6,11,4001.64,2010-01-24 11:03:00,2011-12-04 11:50:00,United Kingdom,685,363.7854545454545,0,Champions
17619,312,1,214.37,2011-01-31 14:18:00,2011-01-31 14:18:00,United Kingdom,312,214.37,1,Achats anciens à faible montant
17620,60,1,81.44,2011-10-11 12:08:00,2011-10-11 12:08:00,United Kingdom,60,81.44,1,Achats anciens à faible montant
17621,21,6,3175.12,2010-10-04 09:37:00,2011-11-18 17:11:00,United Kingdom,432,529.1866666666666,2,Actifs à montant élevé
17622,598,2,1130.21,2010-04-20 13:38:00,2010-04-21 12:36:00,United Kingdom,598,565.105,4,Achats anciens
17623,33,7,2365.77,2009-12-14 14:36:00,2011-11-07 11:32:00,United Kingdom,725,337.96714285714285,2,Actifs à montant élevé
17624,15,4,1568.63,2009-12-20 12:35:00,2011-11-25 10:52:00,United Kingdom,720,392.1575,3,Achats récents occasionnels
17625,18,8,5978.9,2009-12-15 11:49:00,2011-11-21 13:36:00,United Kingdom,725,747.3625,2,Actifs à montant élevé
17626,603,1,254.0,2010-04-16 12:15:00,2010-04-16 12:15:00,United Kingdom,603,254.0,1,Achats anciens à faible montant
17627,479,1,296.36,2010-08-18 11:27:00,2010-08-18 11:27:00,United Kingdom,479,296.36,1,Achats anciens à faible montant
17628,81,1,75.75,2011-09-19 15:21:00,2011-09-19 15:21:00,United Kingdom,81,75.75,1,Achats anciens à faible montant
17629,6,10,2455.52,2010-10-14 13:35:00,2011-12-04 10:56:00,United Kingdom,421,245.552,2,Actifs à montant élevé
17630,170,2,503.59999999999997,2011-04-21 14:03:00,2011-06-23 11:58:00,United Kingdom,232,251.79999999999998,4,Achats anciens
17631,2,7,998.49,2009-12-09 14:15:00,2011-12-08 09:47:00,United Kingdom,730,142.64142857142858,2,Actifs à montant élevé
17633,31,7,2057.39,2010-11-15 14:55:00,2011-11-08 13:25:00,United Kingdom,389,293.91285714285715,2,Actifs à montant élevé
17634,36,9,2358.59,2011-01-06 12:45:00,2011-11-03 13:09:00,United Kingdom,338,262.0655555555556,2,Actifs à montant élevé
17635,424,3,1265.58,2010-04-28 10:51:00,2010-10-11 15:12:00,United Kingdom,591,421.85999999999996,4,Achats anciens
17636,19,1,285.56,2011-11-20 14:40:00,2011-11-20 14:40:00,United Kingdom,19,285.56,3,Achats récents occasionnels
17637,31,2,547.0600000000001,2011-08-16 13:25:00,2011-11-08 12:51:00,United Kingdom,115,273.53000000000003,3,Achats récents occasionnels
17638,647,2,842.4,2009-12-18 09:58:00,2010-03-02 14:32:00,United Kingdom,722,421.2,4,Achats anciens
17639,276,6,615.17,2010-08-13 11:59:00,2011-03-08 15:22:00,United Kingdom,484,102.52833333333332,4,Achats anciens
17640,87,6,3168.94,2010-03-23 09:15:00,2011-09-14 09:13:00,United Kingdom,627,528.1566666666666,2,Actifs à montant élevé
17642,120,5,1824.49,2009-12-05 16:01:00,2011-08-12 09:11:00,United Kingdom,734,364.898,4,Achats anciens
17643,373,2,541.25,2010-07-22 13:07:00,2010-12-01 14:38:00,United Kingdom,505,270.625,4,Achats anciens
17644,1,20,6028.6,2010-02-16 08:44:00,2011-12-08 13:43:00,United Kingdom,662,301.43,0,Champions
17646,219,12,4149.79,2009-12-16 09:37:00,2011-05-04 13:17:00,United Kingdom,724,345.81583333333333,2,Actifs à montant élevé
17647,65,3,331.65999999999997,2010-02-08 14:39:00,2011-10-05 15:38:00,United Kingdom,669,110.55333333333333,3,Achats récents occasionnels
17648,61,5,2216.37,2010-11-19 16:41:00,2011-10-10 09:41:00,United Kingdom,385,443.274,2,Actifs à montant élevé
17649,138,3,1578.89,2010-08-24 13:01:00,2011-07-24 15:53:00,United Kingdom,472,526.2966666666667,4,Achats anciens
17650,21,1,166.08,2011-11-18 14:52:00,2011-11-18 14:52:00,United Kingdom,21,166.08,3,Achats récents occasionnels
17651,12,16,5703.52,2010-07-01 12:17:00,2011-11-28 10:29:00,United Kingdom,527,356.47,0,Champions
17652,25,12,4867.72,2011-03-03 14:05:00,2011-11-14 12:55:00,United Kingdom,281,405.6433333333334,2,Actifs à montant élevé
17653,37,4,1207.56,2011-08-11 15:24:00,2011-11-03 12:46:00,United Kingdom,120,301.89,3,Achats récents occasionnels
17654,277,1,117.55,2011-03-07 13:17:00,2011-03-07 13:17:00,United Kingdom,277,117.55,1,Achats anciens à faible montant
17655,11,9,3652.48,2010-10-19 10:20:00,2011-11-29 11:34:00,United Kingdom,417,405.8311111111111,2,Actifs à montant élevé
17656,73,5,1674.69,2011-08-03 10:45:00,2011-09-27 13:04:00,United Kingdom,129,334.938,2,Actifs à montant élevé
17657,430,1,126.0,2010-10-05 14:52:00,2010-10-05 14:52:00,United Kingdom,430,126.0,1,Achats anciens à faible montant
17658,26,2,595.42,2011-05-12 15:23:00,2011-11-14 12:07:00,United Kingdom,211,297.71,3,Achats récents occasionnels
17659,17,14,3834.79,2010-11-18 14:20:00,2011-11-22 13:29:00,United Kingdom,386,273.9135714285714,2,Actifs à montant élevé
17660,141,2,342.22,2009-12-02 16:02:00,2011-07-21 13:37:00,United Kingdom,737,171.11,1,Achats anciens à faible montant
17662,662,2,412.92,2009-12-17 09:54:00,2010-02-16 09:38:00,United Kingdom,723,206.46,1,Achats anciens à faible montant
17663,26,17,5175.83,2010-03-04 11:42:00,2011-11-14 08:56:00,United Kingdom,646,304.4605882352941,0,Champions
17664,19,4,1166.23,2010-03-29 17:17:00,2011-11-21 11:29:00,United Kingdom,620,291.5575,3,Achats récents occasionnels
17665,493,1,563.1,2010-08-03 13:12:00,2010-08-03 13:12:00,United Kingdom,493,563.1,1,Achats anciens à faible montant
17666,4,5,2047.8,2010-06-30 12:03:00,2011-12-06 09:06:00,United Kingdom,528,409.56,2,Actifs à montant élevé
17667,66,9,3950.7,2010-02-23 09:57:00,2011-10-04 14:32:00,United Kingdom,655,438.96666666666664,2,Actifs à montant élevé
17668,1,2,347.75,2011-11-01 14:45:00,2011-12-08 13:25:00,United Kingdom,38,173.875,3,Achats récents occasionnels
17669,43,10,6142.35,2010-04-01 18:48:00,2011-10-28 08:53:00,United Kingdom,617,614.235,2,Actifs à montant élevé
17670,228,1,205.7,2011-04-26 09:12:00,2011-04-26 09:12:00,United Kingdom,228,205.7,1,Achats anciens à faible montant
17671,16,5,2403.34,2010-11-29 11:53:00,2011-11-24 12:21:00,United Kingdom,376,480.668,2,Actifs à montant élevé
17672,50,7,5778.63,2010-01-26 17:20:00,2011-10-20 14:18:00,United Kingdom,682,825.5185714285715,2,Actifs à montant élevé
17673,2,13,4173.88,2010-03-19 14:02:00,2011-12-08 12:50:00,United Kingdom,630,321.0676923076923,0,Champions
17674,74,2,851.7,2010-12-06 10:20:00,2011-09-26 13:35:00,United Kingdom,369,425.85,3,Achats récents occasionnels
17675,1,70,38259.6,2009-12-10 16:10:00,2011-12-08 18:03:00,United Kingdom,729,546.5657142857143,0,Champions
17676,4,10,2749.34,2010-03-30 10:49:00,2011-12-05 15:16:00,United Kingdom,620,274.934,0,Champions
17677,2,54,36675.06,2009-12-16 11:23:00,2011-12-08 09:56:00,United Kingdom,724,679.1677777777777,0,Champions
17678,264,2,599.76,2010-04-15 13:54:00,2011-03-21 11:52:00,United Kingdom,603,299.88,4,Achats anciens
17679,53,7,3577.61,2009-12-03 17:32:00,2011-10-18 07:43:00,United Kingdom,736,511.08714285714285,2,Actifs à montant élevé
17680,24,3,497.45,2010-07-16 16:07:00,2011-11-16 12:42:00,United Kingdom,511,165.81666666666666,3,Achats récents occasionnels
17681,597,5,731.2,2010-01-15 11:53:00,2010-04-21 17:22:00,United Kingdom,694,146.24,4,Achats anciens
17682,10,11,4456.78,2010-03-08 09:49:00,2011-11-29 15:59:00,United Kingdom,642,405.16181818181815,0,Champions
17683,386,3,819.01,2010-06-03 17:15:00,2010-11-19 10:11:00,United Kingdom,554,273.00333333333333,4,Achats anciens
17684,44,1,239.41,2011-10-27 11:10:00,2011-10-27 11:10:00,United Kingdom,44,239.41,3,Achats récents occasionnels
17685,17,12,5907.47,2010-02-11 13:44:00,2011-11-23 11:36:00,United Kingdom,666,492.2891666666667,0,Champions
17686,7,9,8296.81,2010-06-24 09:49:00,2011-12-02 15:39:00,United Kingdom,534,921.8677777777777,0,Champions
17687,421,1,432.68,2010-10-15 12:30:00,2010-10-15 12:30:00,United Kingdom,421,432.68,1,Achats anciens à faible montant
17688,394,1,304.2,2010-11-11 10:41:00,2010-11-11 10:41:00,United Kingdom,394,304.2,1,Achats anciens à faible montant
17689,388,2,317.08,2010-08-22 13:54:00,2010-11-16 13:22:00,United Kingdom,474,158.54,1,Achats anciens à faible montant
17690,30,20,7412.0,2010-02-03 14:26:00,2011-11-09 15:17:00,United Kingdom,674,370.6,0,Champions
17691,358,4,780.0500000000001,2010-06-11 11:50:00,2010-12-16 17:20:00,United Kingdom,547,195.01250000000002,4,Achats anciens
17692,127,12,2975.8,2010-06-17 11:14:00,2011-08-04 14:01:00,United Kingdom,541,247.98333333333335,2,Actifs à montant élevé
17693,137,1,200.47,2011-07-25 15:48:00,2011-07-25 15:48:00,United Kingdom,137,200.47,1,Achats anciens à faible montant
17694,142,3,1695.97,2010-05-26 08:27:00,2011-07-21 12:00:00,United Kingdom,563,565.3233333333334,4,Achats anciens
17695,132,5,1746.04,2010-01-28 09:27:00,2011-07-31 10:40:00,United Kingdom,681,349.20799999999997,4,Achats anciens
17696,38,27,7679.59,2009-12-10 17:09:00,2011-11-01 13:43:00,United Kingdom,729,284.42925925925925,0,Champions
17697,236,1,338.95,2011-04-17 15:40:00,2011-04-17 15:40:00,United Kingdom,236,338.95,1,Achats anciens à faible montant
17698,261,1,154.95,2011-03-24 11:34:00,2011-03-24 11:34:00,United Kingdom,261,154.95,1,Achats anciens à faible montant
17699,477,2,442.0,2010-05-27 11:53:00,2010-08-20 09:39:00,United Kingdom,562,221.0,1,Achats anciens à faible montant
17700,17,14,6679.97,2009-12-01 11:37:00,2011-11-23 11:51:00,United Kingdom,739,477.1407142857143,0,Champions
17701,253,1,417.95,2011-04-01 12:25:00,2011-04-01 12:25:00,United Kingdom,253,417.95,1,Achats anciens à faible montant
17702,30,6,3144.04,2010-11-04 12:09:00,2011-11-09 16:03:00,United Kingdom,401,524.0066666666667,2,Actifs à montant élevé
17703,35,4,1094.84,2010-10-17 16:16:00,2011-11-04 15:51:00,United Kingdom,418,273.71,3,Achats récents occasionnels
17704,169,2,885.19,2011-04-14 09:28:00,2011-06-24 09:40:00,United Kingdom,240,442.595,4,Achats anciens
17705,3,11,2083.9,2010-05-12 09:47:00,2011-12-06 13:45:00,United Kingdom,577,189.44545454545457,0,Champions
17706,4,31,20749.98,2010-01-19 12:13:00,2011-12-05 13:34:00,United Kingdom,690,669.3541935483871,0,Champions
17707,185,8,609.3000000000001,2009-12-07 12:19:00,2011-06-07 15:03:00,United Kingdom,733,76.16250000000001,4,Achats anciens
17708,188,4,884.1800000000001,2010-10-12 12:13:00,2011-06-05 10:12:00,United Kingdom,424,221.04500000000002,4,Achats anciens
17709,170,5,671.01,2010-04-15 14:48:00,2011-06-23 11:55:00,United Kingdom,603,134.202,4,Achats anciens
17710,424,1,293.5,2010-10-12 07:49:00,2010-10-12 07:49:00,United Kingdom,424,293.5,1,Achats anciens à faible montant
17711,11,2,385.1,2011-02-23 11:32:00,2011-11-29 11:40:00,United Kingdom,290,192.55,3,Achats récents occasionnels
17712,45,1,522.91,2011-10-26 12:28:00,2011-10-26 12:28:00,United Kingdom,45,522.91,3,Achats récents occasionnels
17713,382,4,1198.09,2010-06-09 09:33:00,2010-11-22 16:50:00,United Kingdom,549,299.5225,4,Achats anciens
17714,321,5,1410.18,2010-07-14 10:41:00,2011-01-23 10:32:00,United Kingdom,514,282.036,4,Achats anciens
17715,201,2,489.59999999999997,2010-04-26 12:17:00,2011-05-23 12:32:00,United Kingdom,593,244.79999999999998,4,Achats anciens
17716,23,24,15956.97,2009-12-02 17:18:00,2011-11-17 12:00:00,United Kingdom,737,664.87375,0,Champions
17717,421,1,376.92,2010-10-14 12:54:00,2010-10-14 12:54:00,United Kingdom,421,376.92,1,Achats anciens à faible montant
17718,232,2,439.18,2010-03-05 08:01:00,2011-04-21 13:39:00,United Kingdom,645,219.59,1,Achats anciens à faible montant
17719,38,15,5396.04,2011-03-29 11:29:00,2011-11-02 10:36:00,United Kingdom,256,359.736,2,Actifs à montant élevé
17720,26,10,2768.91,2010-05-10 09:58:00,2011-11-13 15:04:00,United Kingdom,579,276.89099999999996,2,Actifs à montant élevé
17721,659,1,307.21000000000004,2010-02-18 15:18:00,2010-02-18 15:18:00,United Kingdom,659,307.21000000000004,1,Achats anciens à faible montant
17722,96,5,4430.36,2010-11-29 09:44:00,2011-09-04 15:22:00,United Kingdom,376,886.0719999999999,2,Actifs à montant élevé
17723,127,7,3378.4000000000005,2010-11-29 10:35:00,2011-08-04 18:37:00,United Kingdom,376,482.6285714285715,2,Actifs à montant élevé
17724,71,3,1033.0,2011-07-24 13:26:00,2011-09-29 15:26:00,United Kingdom,138,344.3333333333333,4,Achats anciens
17725,16,11,3439.08,2011-03-17 19:47:00,2011-11-23 16:34:00,United Kingdom,267,312.64363636363635,2,Actifs à montant élevé
17726,395,7,1092.06,2010-01-26 14:58:00,2010-11-09 13:37:00,United Kingdom,682,156.00857142857143,4,Achats anciens
17727,15,1,1060.25,2011-11-24 17:06:00,2011-11-24 17:06:00,United Kingdom,15,1060.25,3,Achats récents occasionnels
17728,4,5,4238.76,2010-09-12 14:58:00,2011-12-06 08:52:00,United Kingdom,453,847.7520000000001,2,Actifs à montant élevé
17729,596,1,438.65000000000003,2010-04-22 15:03:00,2010-04-22 15:03:00,United Kingdom,596,438.65000000000003,1,Achats anciens à faible montant
17730,3,20,7773.8,2010-04-29 11:48:00,2011-12-06 15:43:00,United Kingdom,590,388.69,0,Champions
17731,79,6,1708.99,2010-02-09 12:37:00,2011-09-21 15:02:00,United Kingdom,669,284.83166666666665,2,Actifs à montant élevé
17732,373,8,2470.39,2010-08-09 08:41:00,2010-12-02 09:29:00,United Kingdom,488,308.79875,4,Achats anciens
17733,39,2,692.19,2011-03-23 09:54:00,2011-11-01 08:16:00,United Kingdom,262,346.095,3,Achats récents occasionnels
17734,54,6,1442.32,2010-03-07 13:55:00,2011-10-17 12:33:00,United Kingdom,642,240.38666666666666,2,Actifs à montant élevé
17735,2,26,17244.93,2010-07-30 13:25:00,2011-12-07 16:47:00,United Kingdom,497,663.2665384615385,0,Champions
17736,9,3,377.44,2011-08-18 14:33:00,2011-11-30 15:36:00,United Kingdom,113,125.81333333333333,3,Achats récents occasionnels
17737,9,2,168.24,2011-10-12 14:42:00,2011-11-30 15:16:00,United Kingdom,58,84.12,3,Achats récents occasionnels
17738,19,13,4183.56,2010-03-19 10:07:00,2011-11-20 15:05:00,United Kingdom,631,321.81230769230774,2,Actifs à montant élevé
17739,12,18,7730.59,2009-12-07 10:48:00,2011-11-28 09:12:00,United Kingdom,733,429.4772222222222,0,Champions
17740,389,6,426.9,2010-01-11 13:11:00,2010-11-15 16:33:00,United Kingdom,697,71.14999999999999,4,Achats anciens
17741,407,2,101.1,2010-05-28 12:11:00,2010-10-29 11:59:00,United Kingdom,561,50.55,1,Achats anciens à faible montant
17742,113,11,2098.48,2009-12-01 13:16:00,2011-08-18 15:28:00,United Kingdom,738,190.7709090909091,2,Actifs à montant élevé
17743,448,1,229.2,2010-09-17 14:54:00,2010-09-17 14:54:00,United Kingdom,448,229.2,1,Achats anciens à faible montant
17744,4,7,2649.14,2010-11-24 09:34:00,2011-12-06 12:11:00,United Kingdom,381,378.4485714285714,2,Actifs à montant élevé
17745,478,2,600.34,2010-06-02 09:03:00,2010-08-19 12:30:00,United Kingdom,556,300.17,4,Achats anciens
17746,240,4,904.1800000000001,2010-04-08 12:54:00,2011-04-13 14:31:00,United Kingdom,610,226.04500000000002,4,Achats anciens
17747,113,1,71.4,2011-08-19 08:13:00,2011-08-19 08:13:00,United Kingdom,113,71.4,1,Achats anciens à faible montant
17748,527,1,358.15,2010-06-30 13:49:00,2010-06-30 13:49:00,United Kingdom,527,358.15,1,Achats anciens à faible montant
17749,178,3,1026.18,2010-06-11 14:56:00,2011-06-14 15:45:00,United Kingdom,546,342.06,4,Achats anciens
17750,5,9,1710.45,2011-06-28 15:44:00,2011-12-04 14:09:00,United Kingdom,164,190.05,2,Actifs à montant élevé
17751,421,1,157.85999999999999,2010-10-14 13:57:00,2010-10-14 13:57:00,United Kingdom,421,157.85999999999999,1,Achats anciens à faible montant
17752,359,1,80.64,2010-12-15 16:19:00,2010-12-15 16:19:00,United Kingdom,359,80.64,1,Achats anciens à faible montant
17753,464,4,382.06,2010-01-06 14:20:00,2010-09-01 15:49:00,United Kingdom,702,95.515,4,Achats anciens
17754,1,13,4451.22,2009-12-11 15:52:00,2011-12-09 11:20:00,United Kingdom,728,342.4015384615385,0,Champions
17756,376,3,728.75,2010-11-10 12:54:00,2010-11-29 12:20:00,United Kingdom,394,242.91666666666666,4,Achats anciens
17757,1,56,9366.5,2010-01-13 15:56:00,2011-12-08 15:31:00,United Kingdom,695,167.25892857142858,0,Champions
17758,19,12,4964.03,2010-05-20 13:18:00,2011-11-20 14:45:00,United Kingdom,568,413.6691666666666,2,Actifs à montant élevé
17759,17,5,1261.88,2010-05-05 11:40:00,2011-11-22 16:02:00,United Kingdom,584,252.37600000000003,2,Actifs à montant élevé
17760,22,6,918.93,2010-02-28 12:15:00,2011-11-18 10:56:00,United Kingdom,650,153.155,2,Actifs à montant élevé
17761,33,1,712.78,2011-11-07 10:23:00,2011-11-07 10:23:00,United Kingdom,33,712.78,3,Achats récents occasionnels
17762,456,1,129.75,2010-09-09 17:40:00,2010-09-09 17:40:00,United Kingdom,456,129.75,1,Achats anciens à faible montant
17763,263,4,86.15,2010-02-18 14:32:00,2011-03-21 14:25:00,United Kingdom,659,21.5375,1,Achats anciens à faible montant
17764,51,5,1513.57,2009-12-03 14:28:00,2011-10-20 11:03:00,United Kingdom,736,302.714,2,Actifs à montant élevé
17765,159,4,524.0,2010-09-17 12:45:00,2011-07-04 12:41:00,United Kingdom,449,131.0,4,Achats anciens
17766,381,2,299.61,2010-11-23 14:17:00,2010-11-23 14:29:00,United Kingdom,381,149.805,1,Achats anciens à faible montant
17767,15,2,413.05,2010-10-25 16:22:00,2011-11-24 14:42:00,United Kingdom,410,206.525,3,Achats récents occasionnels
17768,8,7,3292.73,2009-12-02 12:26:00,2011-12-01 13:22:00,United Kingdom,738,470.39,2,Actifs à montant élevé
17769,13,17,7053.38,2010-01-19 11:33:00,2011-11-27 11:18:00,United Kingdom,690,414.90470588235297,0,Champions
17770,199,5,1143.27,2011-03-02 13:35:00,2011-05-25 12:34:00,United Kingdom,282,228.654,4,Achats anciens
17771,57,4,387.41,2010-04-29 13:21:00,2011-10-14 11:43:00,United Kingdom,589,96.8525,3,Achats récents occasionnels
17772,11,3,360.75,2010-11-12 11:31:00,2011-11-29 11:05:00,United Kingdom,393,120.25,3,Achats récents occasionnels
17773,514,2,575.37,2010-01-18 14:32:00,2010-07-13 14:07:00,United Kingdom,690,287.685,4,Achats anciens
17774,97,9,3273.83,2010-02-08 16:06:00,2011-09-04 12:49:00,United Kingdom,669,363.75888888888886,2,Actifs à montant élevé
17775,255,1,56.4,2011-03-30 10:50:00,2011-03-30 10:50:00,United Kingdom,255,56.4,1,Achats anciens à faible montant
17776,387,2,330.56,2009-12-16 14:59:00,2010-11-18 12:14:00,United Kingdom,723,165.28,1,Achats anciens à faible montant
17777,25,3,647.56,2011-08-31 14:35:00,2011-11-15 12:02:00,United Kingdom,100,215.85333333333332,3,Achats récents occasionnels
17778,662,1,197.70000000000002,2010-02-16 12:44:00,2010-02-16 12:44:00,United Kingdom,662,197.70000000000002,1,Achats anciens à faible montant
17779,21,3,650.32,2011-07-19 12:19:00,2011-11-18 14:15:00,United Kingdom,144,216.77333333333334,3,Achats récents occasionnels
17780,667,3,346.56,2010-01-24 11:21:00,2010-02-10 13:43:00,United Kingdom,685,115.52,1,Achats anciens à faible montant
17781,159,2,188.02,2011-03-31 19:54:00,2011-07-03 16:00:00,United Kingdom,253,94.01,1,Achats anciens à faible montant
17782,383,2,679.02,2010-11-22 10:03:00,2010-11-22 11:15:00,United Kingdom,383,339.51,4,Achats anciens
17783,72,3,376.96,2010-07-15 12:50:00,2011-09-28 16:07:00,United Kingdom,513,125.65333333333332,3,Achats récents occasionnels
17784,550,1,112.86,2010-06-07 16:08:00,2010-06-07 16:08:00,United Kingdom,550,112.86,1,Achats anciens à faible montant
17785,53,3,403.38,2010-05-23 13:01:00,2011-10-17 13:43:00,United Kingdom,565,134.46,3,Achats récents occasionnels
17786,85,2,266.85,2011-01-26 14:35:00,2011-09-15 12:51:00,United Kingdom,317,133.425,3,Achats récents occasionnels
17787,153,4,2553.82,2010-12-03 13:43:00,2011-07-10 11:24:00,United Kingdom,371,638.455,4,Achats anciens
17788,74,2,1117.9,2011-08-02 10:38:00,2011-09-27 10:09:00,United Kingdom,130,558.95,3,Achats récents occasionnels
17789,281,2,397.15,2010-02-16 13:16:00,2011-03-03 13:14:00,United Kingdom,661,198.575,1,Achats anciens à faible montant
17790,27,20,2779.41,2010-06-13 13:30:00,2011-11-13 11:30:00,United Kingdom,544,138.9705,2,Actifs à montant élevé
17791,30,1,106.1,2011-11-10 12:09:00,2011-11-10 12:09:00,United Kingdom,30,106.1,3,Achats récents occasionnels
17792,467,2,368.35,2010-08-18 13:08:00,2010-08-29 14:30:00,United Kingdom,478,184.175,1,Achats anciens à faible montant
17793,25,1,300.34,2011-11-14 14:24:00,2011-11-14 14:24:00,United Kingdom,25,300.34,3,Achats récents occasionnels
17794,687,2,147.3,2010-01-20 12:17:00,2010-01-22 10:18:00,United Kingdom,689,73.65,1,Achats anciens à faible montant
17795,180,2,342.83,2011-03-20 12:02:00,2011-06-13 12:36:00,United Kingdom,265,171.415,1,Achats anciens à faible montant
17796,40,7,1351.04,2010-10-14 13:37:00,2011-10-30 15:38:00,United Kingdom,421,193.00571428571428,2,Actifs à montant élevé
17797,22,8,1971.87,2009-12-15 14:30:00,2011-11-17 13:21:00,United Kingdom,724,246.48375,2,Actifs à montant élevé
17798,582,1,178.07,2010-05-07 11:42:00,2010-05-07 11:42:00,United Kingdom,582,178.07,1,Achats anciens à faible montant
17799,22,20,6246.93,2009-12-13 16:03:00,2011-11-17 15:16:00,United Kingdom,726,312.3465,0,Champions
17800,37,9,1187.21,2011-01-09 13:50:00,2011-11-02 12:57:00,United Kingdom,334,131.91222222222223,2,Actifs à montant élevé
17801,451,3,770.03,2010-01-17 11:31:00,2010-09-14 14:32:00,United Kingdom,692,256.6766666666667,4,Achats anciens
17802,82,10,5046.42,2009-12-13 13:39:00,2011-09-18 14:56:00,United Kingdom,726,504.642,2,Actifs à montant élevé
17803,392,1,184.66,2010-11-12 13:53:00,2010-11-12 13:53:00,United Kingdom,392,184.66,1,Achats anciens à faible montant
17804,376,3,383.78000000000003,2009-12-01 12:22:00,2010-11-28 14:01:00,United Kingdom,739,127.92666666666668,4,Achats anciens
17805,74,2,927.03,2010-04-08 14:36:00,2011-09-27 11:49:00,United Kingdom,610,463.515,3,Achats récents occasionnels
17806,11,1,546.04,2011-11-28 14:12:00,2011-11-28 14:12:00,United Kingdom,11,546.04,3,Achats récents occasionnels
17807,395,3,437.87,2010-01-04 14:00:00,2010-11-09 16:21:00,United Kingdom,704,145.95666666666668,4,Achats anciens
17808,549,4,262.64,2010-05-07 16:26:00,2010-06-09 10:44:00,United Kingdom,581,65.66,1,Achats anciens à faible montant
17809,16,20,11337.39,2009-12-02 14:52:00,2011-11-23 12:59:00,United Kingdom,737,566.8695,0,Champions
17810,669,2,373.16,2010-01-25 10:26:00,2010-02-09 10:47:00,United Kingdom,684,186.58,1,Achats anciens à faible montant
17811,4,47,9519.8,2010-09-20 11:24:00,2011-12-05 13:46:00,United Kingdom,446,202.54893617021276,0,Champions
17812,13,7,1105.29,2010-06-27 13:34:00,2011-11-27 11:47:00,United Kingdom,530,157.89857142857142,2,Actifs à montant élevé
17813,14,5,1698.07,2011-09-29 15:57:00,2011-11-25 16:13:00,United Kingdom,71,339.614,2,Actifs à montant élevé
17814,375,2,1609.37,2010-10-13 14:03:00,2010-11-29 14:21:00,United Kingdom,422,804.685,4,Achats anciens
17815,393,1,591.96,2010-11-11 14:39:00,2010-11-11 14:39:00,United Kingdom,393,591.96,1,Achats anciens à faible montant
17816,37,6,112.32,2009-12-15 15:27:00,2011-11-03 11:34:00,United Kingdom,724,18.72,3,Achats récents occasionnels
17817,4,6,788.15,2010-10-13 15:07:00,2011-12-05 14:39:00,United Kingdom,422,131.35833333333332,3,Achats récents occasionnels
17818,738,1,124.78,2009-12-02 11:34:00,2009-12-02 11:34:00,United Kingdom,738,124.78,1,Achats anciens à faible montant
17819,72,12,6612.5199999999995,2009-12-13 15:24:00,2011-09-29 10:52:00,United Kingdom,726,551.0433333333333,2,Actifs à montant élevé
17820,374,1,180.60999999999999,2010-11-30 17:43:00,2010-11-30 17:43:00,United Kingdom,374,180.60999999999999,1,Achats anciens à faible montant
17821,406,1,334.62,2010-10-29 13:20:00,2010-10-29 13:20:00,United Kingdom,406,334.62,1,Achats anciens à faible montant
17822,420,5,2162.93,2010-05-28 12:15:00,2010-10-15 13:47:00,United Kingdom,561,432.58599999999996,4,Achats anciens
17823,421,2,449.25,2010-10-14 16:14:00,2010-10-14 16:24:00,United Kingdom,421,224.625,1,Achats anciens à faible montant
17824,51,1,298.4,2011-10-19 14:14:00,2011-10-19 14:14:00,United Kingdom,51,298.4,3,Achats récents occasionnels
17825,599,4,701.96,2009-12-14 12:09:00,2010-04-20 12:01:00,United Kingdom,726,175.49,4,Achats anciens
17826,374,1,133.34,2010-11-30 13:23:00,2010-11-30 13:23:00,United Kingdom,374,133.34,1,Achats anciens à faible montant
17827,5,6,2376.17,2010-03-28 12:20:00,2011-12-04 15:00:00,United Kingdom,622,396.02833333333336,2,Actifs à montant élevé
17828,23,4,1820.09,2011-06-08 08:31:00,2011-11-17 08:41:00,Malta,185,455.0225,2,Actifs à montant élevé
17829,299,5,4756.74,2010-02-22 15:39:00,2011-02-14 12:46:00,United Arab Emirates,655,951.348,4,Achats anciens
17830,2,3,398.7,2011-02-24 10:15:00,2011-12-08 12:28:00,United Kingdom,289,132.9,3,Achats récents occasionnels
17831,33,1,35.400000000000006,2011-11-06 15:09:00,2011-11-06 15:09:00,United Kingdom,33,35.400000000000006,1,Achats anciens à faible montant
17832,50,1,155.37,2011-10-21 11:43:00,2011-10-21 11:43:00,United Kingdom,50,155.37,3,Achats récents occasionnels
17833,723,1,338.46000000000004,2009-12-16 13:40:00,2009-12-16 13:40:00,United Kingdom,723,338.46000000000004,1,Achats anciens à faible montant
17834,415,2,689.6700000000001,2010-09-20 15:32:00,2010-10-21 12:09:00,United Kingdom,445,344.83500000000004,4,Achats anciens
17835,3,3,342.24,2011-11-16 16:30:00,2011-12-07 11:48:00,United Kingdom,23,114.08,3,Achats récents occasionnels
17836,47,1,110.21000000000001,2011-10-23 16:13:00,2011-10-23 16:13:00,United Kingdom,47,110.21000000000001,1,Achats anciens à faible montant
17837,42,8,1541.23,2011-06-29 16:44:00,2011-10-28 16:13:00,United Kingdom,163,192.65375,2,Actifs à montant élevé
17838,27,13,6507.5,2010-03-19 09:53:00,2011-11-13 11:20:00,United Kingdom,631,500.5769230769231,2,Actifs à montant élevé
17839,42,1,318.15,2011-10-28 17:27:00,2011-10-28 17:27:00,United Kingdom,42,318.15,3,Achats récents occasionnels
17840,444,1,175.9,2010-09-22 12:24:00,2010-09-22 12:24:00,United Kingdom,444,175.9,1,Achats anciens à faible montant
17841,2,211,70081.86,2009-12-02 15:41:00,2011-12-08 12:07:00,United Kingdom,737,332.1415165876777,0,Champions
17842,602,1,430.69,2010-04-16 14:23:00,2010-04-16 14:23:00,United Kingdom,602,430.69,1,Achats anciens à faible montant
17843,303,2,320.4,2010-10-24 10:56:00,2011-02-09 15:33:00,United Kingdom,412,160.2,1,Achats anciens à faible montant
17844,107,1,51.559999999999995,2011-08-25 11:27:00,2011-08-25 11:27:00,Canada,107,51.559999999999995,1,Achats anciens à faible montant
17845,555,4,596.09,2010-05-12 13:04:00,2010-06-02 15:20:00,United Kingdom,576,149.0225,4,Achats anciens
17846,85,1,2033.1,2011-09-15 15:20:00,2011-09-15 15:20:00,United Kingdom,85,2033.1,4,Achats anciens
17847,516,2,129.69,2010-03-04 12:57:00,2010-07-12 10:00:00,United Kingdom,645,64.845,1,Achats anciens à faible montant
17848,81,30,3559.11,2009-12-06 13:19:00,2011-09-19 16:49:00,United Kingdom,733,118.637,0,Champions
17849,218,8,1063.76,2010-03-14 15:17:00,2011-05-05 13:46:00,United Kingdom,635,132.97,4,Achats anciens
17850,372,155,56600.08,2009-12-05 12:28:00,2010-12-02 15:27:00,United Kingdom,735,365.1618064516129,0,Champions
17851,422,6,1552.35,2009-12-03 17:46:00,2010-10-13 15:13:00,United Kingdom,736,258.72499999999997,4,Achats anciens
17852,12,5,657.8100000000001,2009-12-08 12:51:00,2011-11-28 12:36:00,United Kingdom,731,131.562,3,Achats récents occasionnels
17853,407,3,1596.29,2009-12-03 15:09:00,2010-10-28 15:29:00,United Kingdom,736,532.0966666666667,4,Achats anciens
17854,185,6,1068.5,2009-12-08 11:13:00,2011-06-07 16:21:00,United Kingdom,732,178.08333333333334,4,Achats anciens
17855,373,1,417.94,2010-12-02 09:44:00,2010-12-02 09:44:00,United Kingdom,373,417.94,1,Achats anciens à faible montant
17856,2,4,1418.03,2011-03-03 11:40:00,2011-12-08 09:40:00,United Kingdom,282,354.5075,3,Achats récents occasionnels
17857,4,24,28682.24,2010-03-08 12:09:00,2011-12-05 13:13:00,United Kingdom,642,1195.0933333333335,0,Champions
17858,6,30,12754.9,2009-12-06 15:41:00,2011-12-04 11:56:00,United Kingdom,733,425.1633333333333,0,Champions
17859,305,1,141.92000000000002,2011-02-08 10:32:00,2011-02-08 10:32:00,United Kingdom,305,141.92000000000002,1,Achats anciens à faible montant
17860,369,4,943.84,2009-12-11 16:48:00,2010-12-06 12:41:00,United Kingdom,728,235.96,4,Achats anciens
17861,3,18,5088.29,2009-12-10 11:27:00,2011-12-06 16:21:00,United Kingdom,730,282.6827777777778,0,Champions
17862,324,4,1254.89,2010-05-25 17:22:00,2011-01-20 12:23:00,United Kingdom,563,313.7225,4,Achats anciens
17863,59,12,5745.2,2010-02-25 12:01:00,2011-10-11 13:45:00,United Kingdom,653,478.76666666666665,2,Actifs à montant élevé
17864,13,5,876.57,2010-10-08 11:49:00,2011-11-27 11:15:00,United Kingdom,428,175.31400000000002,3,Achats récents occasionnels
17865,31,46,26312.190000000002,2009-12-01 10:49:00,2011-11-09 12:08:00,United Kingdom,739,572.0041304347826,0,Champions
17866,143,3,1134.95,2009-12-14 16:01:00,2011-07-20 11:07:00,United Kingdom,725,378.31666666666666,4,Achats anciens
17867,30,15,1582.0500000000002,2009-12-02 13:39:00,2011-11-09 14:15:00,United Kingdom,737,105.47000000000001,2,Actifs à montant élevé
17868,386,1,227.15,2010-11-18 18:55:00,2010-11-18 18:55:00,United Kingdom,386,227.15,1,Achats anciens à faible montant
17869,107,7,1027.96,2010-06-10 13:47:00,2011-08-24 16:16:00,United Kingdom,547,146.85142857142858,4,Achats anciens
17870,2,13,3079.69,2010-11-23 11:39:00,2011-12-07 15:07:00,United Kingdom,382,236.89923076923077,0,Champions
17871,205,5,1068.95,2010-01-15 14:48:00,2011-05-19 11:32:00,United Kingdom,693,213.79000000000002,4,Achats anciens
17872,382,1,235.87,2010-11-23 12:02:00,2010-11-23 12:02:00,United Kingdom,382,235.87,1,Achats anciens à faible montant
17873,80,18,6470.280000000001,2009-12-16 15:11:00,2011-09-20 16:41:00,United Kingdom,723,359.46000000000004,2,Actifs à montant élevé
17874,185,6,683.46,2011-03-29 11:25:00,2011-06-07 12:54:00,United Kingdom,256,113.91000000000001,4,Achats anciens
17875,688,1,167.1,2010-01-20 15:30:00,2010-01-20 15:30:00,United Kingdom,688,167.1,1,Achats anciens à faible montant
17876,400,3,3424.02,2010-02-02 13:00:00,2010-11-05 10:52:00,United Kingdom,675,1141.34,4,Achats anciens
17877,170,1,237.61,2011-06-22 13:00:00,2011-06-22 13:00:00,United Kingdom,170,237.61,1,Achats anciens à faible montant
17878,44,3,1378.93,2010-11-09 13:50:00,2011-10-27 11:24:00,United Kingdom,395,459.6433333333334,3,Achats récents occasionnels
17879,174,1,178.51999999999998,2011-06-19 12:36:00,2011-06-19 12:36:00,United Kingdom,174,178.51999999999998,1,Achats anciens à faible montant
17880,365,3,824.9200000000001,2009-12-09 16:13:00,2010-12-10 10:21:00,United Kingdom,730,274.97333333333336,4,Achats anciens
17881,304,1,133.35000000000002,2011-02-08 17:16:00,2011-02-08 17:16:00,United Kingdom,304,133.35000000000002,1,Achats anciens à faible montant
17882,379,2,291.56,2010-11-25 14:35:00,2010-11-25 14:40:00,United Kingdom,379,145.78,1,Achats anciens à faible montant
17883,3,7,988.42,2010-02-25 20:07:00,2011-12-06 17:49:00,United Kingdom,652,141.20285714285714,2,Actifs à montant élevé
17884,4,20,3020.99,2009-12-04 16:23:00,2011-12-06 11:33:00,United Kingdom,735,151.0495,0,Champions
17885,12,1,156.34,2011-11-27 14:40:00,2011-11-27 14:40:00,United Kingdom,12,156.34,3,Achats récents occasionnels
17886,32,6,1572.55,2010-04-29 11:10:00,2011-11-08 10:09:00,United Kingdom,590,262.09166666666664,2,Actifs à montant élevé
17887,129,1,111.35,2011-08-02 17:29:00,2011-08-02 17:29:00,United Kingdom,129,111.35,1,Achats anciens à faible montant
17888,21,25,1807.44,2009-12-21 16:34:00,2011-11-18 13:45:00,United Kingdom,718,72.2976,0,Champions
17889,212,7,746.42,2010-03-31 10:54:00,2011-05-11 16:26:00,United Kingdom,619,106.63142857142857,4,Achats anciens
17890,323,2,586.89,2010-12-13 15:12:00,2011-01-21 11:19:00,United Kingdom,361,293.445,4,Achats anciens
17891,162,1,203.85999999999999,2011-06-30 20:08:00,2011-06-30 20:08:00,United Kingdom,162,203.85999999999999,1,Achats anciens à faible montant
17892,56,3,244.1,2011-07-07 12:56:00,2011-10-14 16:49:00,United Kingdom,155,81.36666666666666,3,Achats récents occasionnels
17893,225,1,107.21,2011-04-28 13:50:00,2011-04-28 13:50:00,United Kingdom,225,107.21,1,Achats anciens à faible montant
17894,72,18,2411.35,2010-08-27 14:13:00,2011-09-29 09:23:00,United Kingdom,469,133.96388888888887,2,Actifs à montant élevé
17895,44,1,95.45,2011-10-26 17:00:00,2011-10-26 17:00:00,United Kingdom,44,95.45,1,Achats anciens à faible montant
17896,23,1,256.32,2011-11-16 13:59:00,2011-11-16 13:59:00,United Kingdom,23,256.32,3,Achats récents occasionnels
17897,173,9,2510.56,2010-05-12 16:03:00,2011-06-20 11:23:00,United Kingdom,576,278.9511111111111,2,Actifs à montant élevé
17898,85,4,299.18,2010-05-21 17:22:00,2011-09-15 14:56:00,United Kingdom,567,74.795,3,Achats récents occasionnels
17899,159,1,154.55,2011-07-03 14:58:00,2011-07-03 14:58:00,United Kingdom,159,154.55,1,Achats anciens à faible montant
17900,190,2,112.19999999999999,2011-06-02 14:28:00,2011-06-02 14:38:00,United Kingdom,190,56.099999999999994,1,Achats anciens à faible montant
17901,29,3,260.08,2010-07-06 10:54:00,2011-11-10 17:29:00,United Kingdom,522,86.69333333333333,3,Achats récents occasionnels
17902,547,1,216.39999999999998,2010-06-11 12:25:00,2010-06-11 12:25:00,United Kingdom,547,216.39999999999998,1,Achats anciens à faible montant
17903,394,1,381.09000000000003,2010-11-10 15:39:00,2010-11-10 15:39:00,United Kingdom,394,381.09000000000003,1,Achats anciens à faible montant
17904,21,1,181.07,2011-11-18 12:57:00,2011-11-18 12:57:00,United Kingdom,21,181.07,3,Achats récents occasionnels
17905,71,13,2379.37,2010-01-28 17:54:00,2011-09-29 17:33:00,United Kingdom,680,183.02846153846153,2,Actifs à montant élevé
17906,247,1,72.9,2011-04-06 17:25:00,2011-04-06 17:25:00,United Kingdom,247,72.9,1,Achats anciens à faible montant
17907,641,1,291.76,2010-03-09 12:33:00,2010-03-09 12:33:00,United Kingdom,641,291.76,1,Achats anciens à faible montant
17908,374,5,1374.5,2009-12-14 12:24:00,2010-12-01 11:45:00,United Kingdom,726,274.9,4,Achats anciens
17909,737,1,110.05,2009-12-02 13:10:00,2009-12-02 13:10:00,United Kingdom,737,110.05,1,Achats anciens à faible montant
17910,726,1,261.7,2009-12-13 16:04:00,2009-12-13 16:04:00,United Kingdom,726,261.7,1,Achats anciens à faible montant
17911,9,1,366.23,2011-11-30 14:52:00,2011-11-30 14:52:00,United Kingdom,9,366.23,3,Achats récents occasionnels
17912,310,6,374.55,2010-11-29 13:53:00,2011-02-02 14:25:00,United Kingdom,375,62.425000000000004,4,Achats anciens
17913,59,14,3429.29,2009-12-03 13:02:00,2011-10-12 10:45:00,United Kingdom,736,244.9492857142857,2,Actifs à montant élevé
17914,4,1,329.36,2011-12-06 11:58:00,2011-12-06 11:58:00,United Kingdom,4,329.36,3,Achats récents occasionnels
17915,551,1,225.78,2010-06-06 13:22:00,2010-06-06 13:22:00,United Kingdom,551,225.78,1,Achats anciens à faible montant
17916,629,2,43.87,2009-12-06 14:10:00,2010-03-21 12:26:00,United Kingdom,733,21.935,1,Achats anciens à faible montant
17917,45,3,335.03,2010-12-12 12:08:00,2011-10-25 13:20:00,United Kingdom,363,111.67666666666666,3,Achats récents occasionnels
17918,501,3,396.39,2010-07-22 14:20:00,2010-07-27 11:51:00,United Kingdom,505,132.13,4,Achats anciens
17919,88,2,1840.32,2010-09-27 10:40:00,2011-09-12 13:41:00,United Kingdom,439,920.16,4,Achats anciens
17920,4,54,24256.74,2009-12-06 10:37:00,2011-12-05 14:29:00,United Kingdom,734,449.1988888888889,0,Champions
17921,64,10,2394.36,2010-07-15 20:05:00,2011-10-06 18:56:00,United Kingdom,512,239.436,2,Actifs à montant élevé
17922,543,1,170.4,2010-06-14 16:32:00,2010-06-14 16:32:00,United Kingdom,543,170.4,1,Achats anciens à faible montant
17923,282,3,497.0,2010-06-13 13:58:00,2011-03-02 15:15:00,United Kingdom,544,165.66666666666666,4,Achats anciens
17924,12,8,3536.7000000000003,2010-10-21 12:17:00,2011-11-28 09:11:00,United Kingdom,415,442.08750000000003,2,Actifs à montant élevé
17925,373,1,488.16,2010-12-02 10:10:00,2010-12-02 10:10:00,United Kingdom,373,488.16,1,Achats anciens à faible montant
17926,133,5,1035.49,2010-05-09 14:07:00,2011-07-29 14:39:00,United Kingdom,579,207.098,4,Achats anciens
17927,722,1,294.0,2009-12-18 11:03:00,2009-12-18 11:03:00,United Kingdom,722,294.0,1,Achats anciens à faible montant
17928,45,3,341.24,2010-05-17 15:30:00,2011-10-25 13:52:00,United Kingdom,571,113.74666666666667,3,Achats récents occasionnels
17929,11,12,3082.1,2009-12-09 11:40:00,2011-11-28 16:01:00,United Kingdom,731,256.84166666666664,2,Actifs à montant élevé
17930,36,13,4275.22,2010-03-04 10:41:00,2011-11-04 10:23:00,United Kingdom,646,328.86307692307696,2,Actifs à montant élevé
17931,134,14,3402.24,2010-02-16 15:47:00,2011-07-28 18:33:00,United Kingdom,661,243.01714285714283,2,Actifs à montant élevé
17932,29,3,1331.57,2011-05-12 13:58:00,2011-11-10 19:49:00,United Kingdom,211,443.8566666666666,3,Achats récents occasionnels
17933,632,1,114.69,2010-03-17 15:11:00,2010-03-17 15:11:00,United Kingdom,632,114.69,1,Achats anciens à faible montant
17934,52,3,1049.15,2010-10-29 12:23:00,2011-10-19 11:16:00,United Kingdom,407,349.7166666666667,3,Achats récents occasionnels
17935,138,7,686.14,2009-12-04 14:33:00,2011-07-24 13:18:00,United Kingdom,735,98.02,4,Achats anciens
17936,5,1,380.13,2011-12-04 13:32:00,2011-12-04 13:32:00,United Kingdom,5,380.13,3,Achats récents occasionnels
17937,9,7,4301.22,2010-12-12 14:43:00,2011-12-01 11:45:00,United Kingdom,362,614.46,2,Actifs à montant élevé
17938,420,1,144.29,2010-10-15 14:27:00,2010-10-15 14:27:00,United Kingdom,420,144.29,1,Achats anciens à faible montant
17939,160,1,99.14,2011-07-03 12:27:00,2011-07-03 12:27:00,United Kingdom,160,99.14,1,Achats anciens à faible montant
17940,49,16,30306.79,2009-12-03 12:31:00,2011-10-21 13:27:00,United Kingdom,737,1894.174375,0,Champions
17941,131,4,1433.28,2010-01-06 15:37:00,2011-08-01 08:30:00,United Kingdom,702,358.32,4,Achats anciens
17942,8,1,77.50000000000001,2011-12-02 10:45:00,2011-12-02 10:45:00,United Kingdom,8,77.50000000000001,3,Achats récents occasionnels
17944,423,1,74.99,2010-10-12 16:25:00,2010-10-12 16:25:00,United Kingdom,423,74.99,1,Achats anciens à faible montant
17945,697,3,360.35,2010-01-12 11:33:00,2010-01-12 11:40:00,United Kingdom,697,120.11666666666667,1,Achats anciens à faible montant
17946,233,2,149.57999999999998,2011-03-25 14:34:00,2011-04-20 17:00:00,United Kingdom,259,74.78999999999999,1,Achats anciens à faible montant
17947,37,1,176.68,2011-11-02 13:05:00,2011-11-02 13:05:00,United Kingdom,37,176.68,3,Achats récents occasionnels
17948,147,1,358.56000000000006,2011-07-15 12:58:00,2011-07-15 12:58:00,United Kingdom,147,358.56000000000006,1,Achats anciens à faible montant
17949,1,118,118628.08,2009-12-02 11:07:00,2011-12-08 18:46:00,United Kingdom,738,1005.3227118644068,0,Champions
17950,72,7,1429.46,2010-01-04 17:39:00,2011-09-28 15:18:00,United Kingdom,704,204.20857142857145,2,Actifs à montant élevé
17951,40,4,1636.0800000000002,2010-10-31 15:15:00,2011-10-31 12:30:00,United Kingdom,404,409.02000000000004,2,Actifs à montant élevé
17952,378,4,788.46,2010-06-16 11:54:00,2010-11-26 13:54:00,United Kingdom,542,197.115,4,Achats anciens
17953,540,1,159.17000000000002,2010-06-17 15:08:00,2010-06-17 15:08:00,United Kingdom,540,159.17000000000002,1,Achats anciens à faible montant
17954,5,19,3933.06,2009-12-09 13:22:00,2011-12-04 14:15:00,United Kingdom,730,207.00315789473683,0,Champions
17955,199,6,949.9,2010-02-12 16:27:00,2011-05-25 12:00:00,United Kingdom,665,158.31666666666666,4,Achats anciens
17956,249,1,12.75,2011-04-04 13:47:00,2011-04-04 13:47:00,United Kingdom,249,12.75,1,Achats anciens à faible montant
17957,66,1,111.68,2011-10-04 14:58:00,2011-10-04 14:58:00,United Kingdom,66,111.68,1,Achats anciens à faible montant
17958,117,2,973.88,2009-12-11 15:37:00,2011-08-15 12:19:00,United Kingdom,728,486.94,4,Achats anciens
17959,592,1,140.75,2010-04-26 14:12:00,2010-04-26 14:12:00,United Kingdom,592,140.75,1,Achats anciens à faible montant
17960,171,3,135.08,2010-03-08 12:22:00,2011-06-21 14:15:00,United Kingdom,642,45.02666666666667,1,Achats anciens à faible montant
17961,21,100,2994.29,2009-12-01 14:48:00,2011-11-18 16:55:00,United Kingdom,738,29.942899999999998,0,Champions
17962,142,4,666.96,2010-01-13 15:24:00,2011-07-20 14:16:00,United Kingdom,695,166.74,4,Achats anciens
17963,471,4,643.16,2010-01-19 17:25:00,2010-08-25 15:58:00,United Kingdom,689,160.79,4,Achats anciens
17964,32,2,724.97,2010-12-02 13:32:00,2011-11-08 10:44:00,United Kingdom,372,362.485,3,Achats récents occasionnels
17965,38,29,7157.2,2009-12-14 13:19:00,2011-11-02 09:31:00,United Kingdom,725,246.79999999999998,0,Champions
17966,38,10,1963.92,2010-01-18 13:24:00,2011-11-02 10:26:00,United Kingdom,690,196.392,2,Actifs à montant élevé
17967,372,2,335.69,2010-10-19 13:19:00,2010-12-03 11:19:00,United Kingdom,416,167.845,1,Achats anciens à faible montant
17968,374,4,855.54,2010-07-15 15:01:00,2010-12-01 12:23:00,United Kingdom,512,213.885,4,Achats anciens
17969,166,20,2354.29,2009-12-06 13:53:00,2011-06-26 13:00:00,United Kingdom,733,117.7145,2,Actifs à montant élevé
17970,211,1,562.79,2011-05-12 20:03:00,2011-05-12 20:03:00,United Kingdom,211,562.79,1,Achats anciens à faible montant
17971,548,1,161.94,2010-06-09 14:04:00,2010-06-09 14:04:00,United Kingdom,548,161.94,1,Achats anciens à faible montant
17972,242,1,135.19,2011-04-12 12:16:00,2011-04-12 12:16:00,United Kingdom,242,135.19,1,Achats anciens à faible montant
17973,52,1,337.04,2011-10-19 10:34:00,2011-10-19 10:34:00,United Kingdom,52,337.04,3,Achats récents occasionnels
17974,25,6,1739.09,2010-10-28 20:03:00,2011-11-15 11:37:00,United Kingdom,407,289.8483333333333,2,Actifs à montant élevé
17975,15,24,7010.43,2010-08-06 11:24:00,2011-11-24 13:27:00,United Kingdom,491,292.10125,0,Champions
17976,372,1,643.58,2010-12-02 13:49:00,2010-12-02 13:49:00,United Kingdom,372,643.58,1,Achats anciens à faible montant
17977,29,2,1511.45,2010-11-04 14:26:00,2011-11-10 13:28:00,United Kingdom,400,755.725,3,Achats récents occasionnels
17978,365,4,1460.9099999999999,2009-12-08 13:27:00,2010-12-09 14:05:00,United Kingdom,731,365.22749999999996,4,Achats anciens
17979,36,4,732.41,2011-03-25 11:34:00,2011-11-04 12:05:00,United Kingdom,260,183.1025,3,Achats récents occasionnels
17980,166,4,1012.72,2010-11-11 14:42:00,2011-06-27 12:01:00,United Kingdom,393,253.18,4,Achats anciens
17981,411,1,239.12,2010-10-25 10:40:00,2010-10-25 10:40:00,United Kingdom,411,239.12,1,Achats anciens à faible montant
17982,681,1,138.18,2010-01-28 09:38:00,2010-01-28 09:38:00,United Kingdom,681,138.18,1,Achats anciens à faible montant
17983,395,1,171.71,2010-11-09 13:23:00,2010-11-09 13:24:00,United Kingdom,395,171.71,1,Achats anciens à faible montant
17984,145,5,1152.19,2009-12-01 11:51:00,2011-07-17 15:59:00,United Kingdom,739,230.43800000000002,4,Achats anciens
17985,22,1,631.35,2011-11-17 14:24:00,2011-11-17 14:24:00,United Kingdom,22,631.35,3,Achats récents occasionnels
17986,56,1,20.8,2011-10-14 14:22:00,2011-10-14 14:22:00,United Kingdom,56,20.8,1,Achats anciens à faible montant
17987,185,5,965.4399999999999,2010-06-07 11:23:00,2011-06-07 14:22:00,United Kingdom,551,193.088,4,Achats anciens
17988,12,14,489.54,2009-12-07 13:35:00,2011-11-28 11:00:00,United Kingdom,732,34.96714285714286,2,Actifs à montant élevé
17989,379,1,207.32999999999998,2010-11-25 13:49:00,2010-11-25 13:49:00,United Kingdom,379,207.32999999999998,1,Achats anciens à faible montant
17990,237,6,1527.6100000000001,2009-12-07 15:19:00,2011-04-17 11:44:00,United Kingdom,732,254.6016666666667,4,Achats anciens
17991,225,3,300.3,2010-04-27 12:46:00,2011-04-28 15:58:00,United Kingdom,592,100.10000000000001,1,Achats anciens à faible montant
17992,389,1,252.88,2010-11-15 13:04:00,2010-11-15 13:04:00,United Kingdom,389,252.88,1,Achats anciens à faible montant
17993,617,1,225.99,2010-04-01 14:23:00,2010-04-01 14:23:00,United Kingdom,617,225.99,1,Achats anciens à faible montant
17994,122,11,2270.0299999999997,2010-03-29 10:37:00,2011-08-10 11:41:00,United Kingdom,621,206.36636363636362,2,Actifs à montant élevé
17995,282,3,495.48,2010-11-17 17:01:00,2011-03-03 12:30:00,United Kingdom,387,165.16,4,Achats anciens
17996,380,3,482.33,2010-06-11 11:48:00,2010-11-25 11:00:00,United Kingdom,547,160.77666666666667,4,Achats anciens
17997,74,8,1962.46,2011-06-28 17:28:00,2011-09-26 16:13:00,United Kingdom,164,245.3075,2,Actifs à montant élevé
17998,380,3,639.24,2009-12-01 13:07:00,2010-11-24 15:31:00,United Kingdom,738,213.08,4,Achats anciens
17999,37,3,718.8,2010-11-26 13:16:00,2011-11-02 15:56:00,United Kingdom,378,239.6,3,Achats récents occasionnels
18000,564,1,124.25,2010-05-24 17:34:00,2010-05-24 17:34:00,United Kingdom,564,124.25,1,Achats anciens à faible montant
18001,12,6,924.14,2009-12-02 15:38:00,2011-11-27 16:02:00,United Kingdom,737,154.02333333333334,2,Actifs à montant élevé
18002,376,4,244.37,2009-12-08 11:07:00,2010-11-29 10:57:00,United Kingdom,732,61.0925,1,Achats anciens à faible montant
18003,376,1,353.51,2010-11-28 15:09:00,2010-11-28 15:09:00,United Kingdom,376,353.51,1,Achats anciens à faible montant
18004,362,1,157.92,2010-12-12 13:47:00,2010-12-12 13:47:00,United Kingdom,362,157.92,1,Achats anciens à faible montant
18005,4,2,226.47,2011-10-23 14:40:00,2011-12-06 11:51:00,United Kingdom,47,113.235,3,Achats récents occasionnels
18006,23,4,969.51,2009-12-17 12:27:00,2011-11-16 16:52:00,United Kingdom,723,242.3775,3,Achats récents occasionnels
18007,393,1,215.22,2010-11-12 11:08:00,2010-11-12 11:08:00,United Kingdom,393,215.22,1,Achats anciens à faible montant
18008,70,23,19759.079999999998,2010-01-06 12:35:00,2011-09-30 15:17:00,United Kingdom,703,859.0904347826087,0,Champions
18009,235,8,2144.23,2010-02-25 11:49:00,2011-04-18 13:36:00,United Kingdom,653,268.02875,4,Achats anciens
18010,257,1,174.8,2011-03-28 12:27:00,2011-03-28 12:27:00,United Kingdom,257,174.8,1,Achats anciens à faible montant
18011,373,2,513.58,2010-05-21 13:28:00,2010-12-01 17:35:00,United Kingdom,567,256.79,4,Achats anciens
18012,723,1,115.3,2009-12-16 13:16:00,2009-12-16 13:16:00,United Kingdom,723,115.3,1,Achats anciens à faible montant
18013,155,2,187.29,2011-07-07 14:08:00,2011-07-07 14:11:00,United Kingdom,155,93.645,1,Achats anciens à faible montant
18014,28,1,162.22,2011-11-11 15:28:00,2011-11-11 15:28:00,United Kingdom,28,162.22,3,Achats récents occasionnels
18015,4,1,120.03,2011-12-05 14:49:00,2011-12-05 14:49:00,United Kingdom,4,120.03,3,Achats récents occasionnels
18016,32,7,1954.56,2010-01-27 16:00:00,2011-11-07 13:25:00,United Kingdom,681,279.22285714285715,2,Actifs à montant élevé
18017,81,4,688.0,2010-10-04 15:11:00,2011-09-19 16:15:00,United Kingdom,431,172.0,4,Achats anciens
18018,108,4,297.99,2010-10-15 11:05:00,2011-08-23 17:37:00,United Kingdom,421,74.4975,4,Achats anciens
18019,52,1,38.45,2011-10-19 12:10:00,2011-10-19 12:10:00,United Kingdom,52,38.45,1,Achats anciens à faible montant
18020,544,1,190.48000000000002,2010-06-14 12:31:00,2010-06-14 12:31:00,United Kingdom,544,190.48000000000002,1,Achats anciens à faible montant
18021,510,2,216.41,2010-07-15 18:47:00,2010-07-18 10:52:00,United Kingdom,512,108.205,1,Achats anciens à faible montant
18022,36,5,1507.25,2010-06-11 13:59:00,2011-11-04 12:45:00,United Kingdom,546,301.45,2,Actifs à montant élevé
18024,153,2,389.78,2011-07-10 12:28:00,2011-07-10 12:40:00,United Kingdom,153,194.89,1,Achats anciens à faible montant
18025,380,6,1177.72,2010-03-30 17:33:00,2010-11-25 12:37:00,United Kingdom,619,196.28666666666666,4,Achats anciens
18026,501,2,2074.07,2010-07-22 16:21:00,2010-07-27 10:37:00,United Kingdom,505,1037.035,4,Achats anciens
18027,99,1,115.31,2011-09-02 10:38:00,2011-09-02 10:38:00,United Kingdom,99,115.31,1,Achats anciens à faible montant
18028,583,1,192.05,2010-05-05 13:28:00,2010-05-05 13:28:00,United Kingdom,583,192.05,1,Achats anciens à faible montant
18029,642,1,433.77,2010-03-07 15:30:00,2010-03-07 15:30:00,United Kingdom,642,433.77,1,Achats anciens à faible montant
18030,4,2,230.64999999999998,2011-10-28 13:55:00,2011-12-05 16:37:00,United Kingdom,42,115.32499999999999,3,Achats récents occasionnels
18031,379,1,451.3,2010-11-26 11:00:00,2010-11-26 11:00:00,United Kingdom,379,451.3,1,Achats anciens à faible montant
18032,334,1,73.5,2011-01-09 15:32:00,2011-01-09 15:32:00,United Kingdom,334,73.5,1,Achats anciens à faible montant
18033,65,1,93.82000000000001,2011-10-05 17:28:00,2011-10-05 17:28:00,United Kingdom,65,93.82000000000001,1,Achats anciens à faible montant
18034,22,3,754.2,2010-11-29 12:36:00,2011-11-18 12:22:00,United Kingdom,376,251.4,3,Achats récents occasionnels
18035,36,5,1260.23,2010-11-19 13:42:00,2011-11-04 12:39:00,United Kingdom,385,252.046,2,Actifs à montant élevé
18036,32,11,1545.49,2009-12-18 12:04:00,2011-11-07 14:40:00,United Kingdom,722,140.4990909090909,2,Actifs à montant élevé
18037,154,15,167.42,2009-12-01 13:48:00,2011-07-08 13:39:00,United Kingdom,738,11.161333333333333,4,Achats anciens
18038,556,1,141.48,2010-06-01 15:59:00,2010-06-01 15:59:00,United Kingdom,556,141.48,1,Achats anciens à faible montant
18039,374,4,548.22,2010-03-09 11:19:00,2010-11-30 13:07:00,United Kingdom,641,137.055,4,Achats anciens
18040,19,2,357.20000000000005,2011-04-08 08:27:00,2011-11-20 14:20:00,United Kingdom,246,178.60000000000002,3,Achats récents occasionnels
18041,12,38,8633.66,2010-01-14 10:04:00,2011-11-28 11:39:00,United Kingdom,695,227.2015789473684,0,Champions
18042,54,2,281.15,2010-06-16 10:53:00,2011-10-17 11:49:00,United Kingdom,542,140.575,3,Achats récents occasionnels
18043,25,3,817.2,2010-12-08 12:35:00,2011-11-15 12:48:00,United Kingdom,367,272.40000000000003,3,Achats récents occasionnels
18044,4,18,3505.61,2010-05-28 15:31:00,2011-12-05 14:26:00,United Kingdom,560,194.75611111111112,0,Champions
18045,45,1,178.34,2011-10-25 13:07:00,2011-10-25 13:07:00,United Kingdom,45,178.34,3,Achats récents occasionnels
18046,650,1,189.63,2010-02-28 11:36:00,2010-02-28 11:36:00,United Kingdom,650,189.63,1,Achats anciens à faible montant
18047,381,2,326.09,2010-11-23 12:57:00,2010-11-23 13:11:00,United Kingdom,381,163.045,1,Achats anciens à faible montant
18048,203,3,394.93,2010-08-03 13:03:00,2011-05-20 14:58:00,United Kingdom,493,131.64333333333335,4,Achats anciens
18049,437,2,500.92,2010-04-28 13:24:00,2010-09-28 14:26:00,United Kingdom,590,250.46,1,Achats anciens à faible montant
18050,359,2,412.06,2010-11-11 15:51:00,2010-12-15 14:25:00,United Kingdom,393,206.03,1,Achats anciens à faible montant
18051,634,7,2282.28,2009-12-09 12:17:00,2010-03-15 13:58:00,United Kingdom,731,326.04,4,Achats anciens
18052,565,1,10877.18,2010-05-24 11:11:00,2010-05-24 11:11:00,United Kingdom,565,10877.18,4,Achats anciens
18053,71,3,571.07,2010-06-30 12:36:00,2011-09-30 09:05:00,United Kingdom,528,190.35666666666668,3,Achats récents occasionnels
18054,393,1,176.5,2010-11-12 08:18:00,2010-11-12 08:18:00,United Kingdom,393,176.5,1,Achats anciens à faible montant
18055,7,14,11143.12,2010-10-22 13:27:00,2011-12-02 14:25:00,United Kingdom,413,795.9371428571429,0,Champions
18056,288,2,554.6,2010-03-31 12:29:00,2011-02-24 14:27:00,United Kingdom,619,277.3,4,Achats anciens
18057,393,3,1188.46,2010-01-18 12:42:00,2010-11-11 16:55:00,United Kingdom,691,396.15333333333336,4,Achats anciens
18058,10,3,774.06,2010-02-10 09:38:00,2011-11-30 08:38:00,United Kingdom,668,258.02,3,Achats récents occasionnels
18059,23,3,306.46,2011-10-03 09:30:00,2011-11-16 16:49:00,United Kingdom,68,102.15333333333332,3,Achats récents occasionnels
18060,408,2,1185.46,2010-05-24 08:34:00,2010-10-27 16:41:00,United Kingdom,565,592.73,4,Achats anciens
18061,22,28,6488.97,2009-12-04 11:36:00,2011-11-18 11:20:00,United Kingdom,736,231.7489285714286,0,Champions
18062,173,6,1632.67,2010-04-21 08:55:00,2011-06-19 14:47:00,United Kingdom,598,272.1116666666667,4,Achats anciens
18063,391,2,186.60000000000002,2010-03-16 13:05:00,2010-11-14 10:46:00,United Kingdom,633,93.30000000000001,1,Achats anciens à faible montant
18064,133,11,4481.83,2010-02-01 15:01:00,2011-07-29 16:39:00,United Kingdom,676,407.4390909090909,2,Actifs à montant élevé
18065,6,29,5866.63,2009-12-09 16:00:00,2011-12-04 10:30:00,United Kingdom,730,202.29758620689657,0,Champions
18066,75,3,1440.4,2010-10-20 11:42:00,2011-09-25 15:30:00,United Kingdom,416,480.1333333333334,4,Achats anciens
18067,40,1,396.33,2011-10-30 15:58:00,2011-10-30 15:58:00,United Kingdom,40,396.33,3,Achats récents occasionnels
18068,289,1,101.69999999999999,2011-02-23 14:50:00,2011-02-23 14:50:00,United Kingdom,289,101.69999999999999,1,Achats anciens à faible montant
18069,26,11,4464.92,2010-02-28 16:14:00,2011-11-13 16:03:00,United Kingdom,649,405.9018181818182,2,Actifs à montant élevé
18070,669,1,314.1,2010-02-08 13:28:00,2010-02-08 13:28:00,United Kingdom,669,314.1,1,Achats anciens à faible montant
18071,258,6,1428.63,2009-12-05 10:31:00,2011-03-27 11:59:00,United Kingdom,735,238.10500000000002,4,Achats anciens
18072,186,1,247.44,2011-06-07 10:44:00,2011-06-07 10:44:00,United Kingdom,186,247.44,1,Achats anciens à faible montant
18073,114,12,3859.82,2011-05-26 19:38:00,2011-08-17 14:02:00,United Kingdom,197,321.6516666666667,2,Actifs à montant élevé
18074,374,2,1509.04,2010-07-22 10:31:00,2010-12-01 09:53:00,United Kingdom,506,754.52,4,Achats anciens
18075,23,20,5783.29,2010-07-29 11:47:00,2011-11-16 15:21:00,United Kingdom,499,289.1645,0,Champions
18076,380,1,151.49,2010-11-24 14:02:00,2010-11-24 14:02:00,United Kingdom,380,151.49,1,Achats anciens à faible montant
18077,8,18,4283.66,2009-12-07 11:40:00,2011-12-01 13:32:00,United Kingdom,733,237.9811111111111,0,Champions
18078,217,4,725.53,2010-03-21 15:50:00,2011-05-06 14:32:00,United Kingdom,628,181.3825,4,Achats anciens
18079,45,5,4203.93,2010-08-05 12:19:00,2011-10-25 15:27:00,United Kingdom,492,840.7860000000001,2,Actifs à montant élevé
18080,19,2,1231.5,2011-04-11 10:10:00,2011-11-21 08:02:00,United Kingdom,243,615.75,3,Achats récents occasionnels
18081,36,3,343.45,2011-07-29 11:56:00,2011-11-03 16:30:00,United Kingdom,134,114.48333333333333,3,Achats récents occasionnels
18082,26,1,680.84,2011-11-14 12:45:00,2011-11-14 12:45:00,United Kingdom,26,680.84,3,Achats récents occasionnels
18083,398,1,463.53,2010-11-07 11:44:00,2010-11-07 11:44:00,United Kingdom,398,463.53,1,Achats anciens à faible montant
18084,16,3,795.2299999999999,2010-11-16 08:09:00,2011-11-23 13:57:00,United Kingdom,389,265.07666666666665,3,Achats récents occasionnels
18085,330,4,1645.75,2010-03-21 11:57:00,2011-01-13 15:17:00,United Kingdom,629,411.4375,4,Achats anciens
18086,274,1,101.34,2011-03-10 13:34:00,2011-03-10 13:34:00,United Kingdom,274,101.34,1,Achats anciens à faible montant
18087,98,17,14761.519999999999,2009-12-01 09:43:00,2011-09-02 15:12:00,United Kingdom,739,868.3247058823529,0,Champions
18088,61,1,166.03,2011-10-09 13:41:00,2011-10-09 13:41:00,United Kingdom,61,166.03,1,Achats anciens à faible montant
18089,447,1,428.45,2010-09-19 11:57:00,2010-09-19 11:57:00,United Kingdom,447,428.45,1,Achats anciens à faible montant
18090,422,1,321.9,2010-10-14 12:32:00,2010-10-14 12:32:00,United Kingdom,422,321.9,1,Achats anciens à faible montant
18091,593,1,360.85,2010-04-25 13:18:00,2010-04-25 13:18:00,United Kingdom,593,360.85,1,Achats anciens à faible montant
18092,2,18,16179.44,2009-12-04 12:37:00,2011-12-07 13:14:00,United Kingdom,736,898.8577777777778,0,Champions
18093,93,8,4452.71,2010-03-31 10:27:00,2011-09-07 15:43:00,United Kingdom,619,556.58875,2,Actifs à montant élevé
18094,82,13,6391.52,2010-01-07 11:16:00,2011-09-19 09:28:00,United Kingdom,702,491.65538461538466,2,Actifs à montant élevé
18095,313,5,2303.09,2010-04-19 14:09:00,2011-01-31 12:50:00,United Kingdom,599,460.61800000000005,4,Achats anciens
18096,12,6,1657.87,2010-07-14 14:30:00,2011-11-28 12:44:00,United Kingdom,513,276.31166666666667,2,Actifs à montant élevé
18097,8,11,4627.92,2009-12-17 11:06:00,2011-12-02 11:16:00,United Kingdom,723,420.72,0,Champions
18098,396,1,527.94,2010-11-08 16:31:00,2010-11-08 16:31:00,United Kingdom,396,527.94,1,Achats anciens à faible montant
18099,127,1,168.31,2011-08-04 15:52:00,2011-08-04 15:52:00,United Kingdom,127,168.31,1,Achats anciens à faible montant
18100,550,1,451.56,2010-06-07 14:19:00,2010-06-07 14:19:00,United Kingdom,550,451.56,1,Achats anciens à faible montant
18101,11,5,622.01,2010-02-03 13:52:00,2011-11-28 13:37:00,United Kingdom,674,124.402,3,Achats récents occasionnels
18102,1,145,608821.65,2009-12-01 09:24:00,2011-12-09 11:50:00,United Kingdom,739,4198.77,0,Champions
18103,549,1,105.8,2010-06-08 13:36:00,2010-06-08 13:36:00,United Kingdom,549,105.8,1,Achats anciens à faible montant
18104,37,1,754.64,2011-11-02 14:07:00,2011-11-02 14:07:00,United Kingdom,37,754.64,3,Achats récents occasionnels
18105,38,1,113.48000000000002,2011-11-02 12:04:00,2011-11-02 12:04:00,United Kingdom,38,113.48000000000002,3,Achats récents occasionnels
18106,330,6,1441.06,2010-01-15 11:36:00,2011-01-14 12:23:00,United Kingdom,694,240.17666666666665,4,Achats anciens
18107,442,1,165.88,2010-09-23 13:03:00,2010-09-23 13:03:00,United Kingdom,442,165.88,1,Achats anciens à faible montant
18108,254,3,848.8100000000001,2009-12-02 12:47:00,2011-03-30 13:56:00,United Kingdom,738,282.93666666666667,4,Achats anciens
18109,2,38,9833.16,2010-07-01 12:13:00,2011-12-08 11:36:00,United Kingdom,527,258.76736842105265,0,Champions
18110,20,2,392.28000000000003,2010-10-24 14:21:00,2011-11-20 12:34:00,United Kingdom,411,196.14000000000001,3,Achats récents occasionnels
18111,589,1,405.85,2010-04-29 12:58:00,2010-04-29 12:58:00,United Kingdom,589,405.85,1,Achats anciens à faible montant
18112,12,4,773.36,2010-06-06 12:40:00,2011-11-27 14:43:00,United Kingdom,552,193.34,3,Achats récents occasionnels
18113,369,1,152.64000000000001,2010-12-06 12:31:00,2010-12-06 12:31:00,United Kingdom,369,152.64000000000001,1,Achats anciens à faible montant
18114,290,1,220.1,2011-02-22 13:20:00,2011-02-22 13:20:00,United Kingdom,290,220.1,1,Achats anciens à faible montant
18115,698,1,9.700000000000001,2010-01-11 11:57:00,2010-01-11 11:57:00,United Kingdom,698,9.700000000000001,1,Achats anciens à faible montant
18116,68,13,2134.4900000000002,2010-10-24 15:29:00,2011-10-03 11:00:00,United Kingdom,411,164.19153846153847,2,Actifs à montant élevé
18117,26,1,315.65,2011-11-14 12:47:00,2011-11-14 12:47:00,United Kingdom,26,315.65,3,Achats récents occasionnels
18118,11,29,6693.13,2010-11-23 13:36:00,2011-11-29 11:32:00,United Kingdom,381,230.79758620689657,0,Champions
18119,368,1,361.4,2010-12-07 11:59:00,2010-12-07 11:59:00,United Kingdom,368,361.4,1,Achats anciens à faible montant
18120,214,1,111.15,2011-05-09 13:45:00,2011-05-09 13:45:00,United Kingdom,214,111.15,1,Achats anciens à faible montant
18121,149,2,653.3,2011-07-08 12:14:00,2011-07-13 12:53:00,United Kingdom,155,326.65,4,Achats anciens
18122,8,6,1793.06,2011-07-12 11:37:00,2011-12-01 13:08:00,United Kingdom,151,298.8433333333333,2,Actifs à montant élevé
18123,24,3,666.64,2010-07-14 12:47:00,2011-11-15 14:23:00,United Kingdom,514,222.21333333333334,3,Achats récents occasionnels
18124,472,1,102.65,2010-08-24 17:21:00,2010-08-24 17:21:00,United Kingdom,472,102.65,1,Achats anciens à faible montant
18125,30,4,1131.75,2011-01-27 15:02:00,2011-11-10 12:29:00,United Kingdom,316,282.9375,3,Achats récents occasionnels
18126,61,1,200.92000000000002,2011-10-10 12:19:00,2011-10-10 12:19:00,United Kingdom,61,200.92000000000002,1,Achats anciens à faible montant
18127,19,4,556.13,2010-11-01 13:56:00,2011-11-20 14:05:00,United Kingdom,403,139.0325,3,Achats récents occasionnels
18128,537,1,399.29,2010-06-20 13:19:00,2010-06-20 13:19:00,United Kingdom,537,399.29,1,Achats anciens à faible montant
18129,243,1,112.55000000000001,2011-04-10 14:16:00,2011-04-10 14:16:00,United Kingdom,243,112.55000000000001,1,Achats anciens à faible montant
18130,15,3,1059.39,2011-10-13 15:58:00,2011-11-24 14:40:00,United Kingdom,57,353.13000000000005,3,Achats récents occasionnels
18131,632,1,222.95999999999998,2010-03-18 08:48:00,2010-03-18 08:48:00,United Kingdom,632,222.95999999999998,1,Achats anciens à faible montant
18132,504,1,220.13,2010-07-23 16:54:00,2010-07-23 16:54:00,United Kingdom,504,220.13,1,Achats anciens à faible montant
18133,212,1,931.4999999999999,2011-05-11 14:14:00,2011-05-11 14:14:00,United Kingdom,212,931.4999999999999,4,Achats anciens
18134,598,2,445.0,2010-01-14 11:59:00,2010-04-20 14:02:00,United Kingdom,695,222.5,1,Achats anciens à faible montant
18135,29,10,1249.6200000000001,2010-03-15 13:55:00,2011-11-10 19:32:00,United Kingdom,634,124.96200000000002,2,Actifs à montant élevé
18136,63,5,1631.3600000000001,2010-09-14 15:50:00,2011-10-07 15:40:00,United Kingdom,451,326.27200000000005,2,Actifs à montant élevé
18137,551,2,145.99,2010-06-06 13:45:00,2010-06-06 14:18:00,United Kingdom,551,72.995,1,Achats anciens à faible montant
18138,295,1,152.65,2011-02-17 14:51:00,2011-02-17 14:51:00,United Kingdom,295,152.65,1,Achats anciens à faible montant
18139,18,6,8438.34,2011-11-21 14:06:00,2011-11-22 10:44:00,United Kingdom,18,1406.39,2,Actifs à montant élevé
18140,474,1,536.41,2010-08-23 11:58:00,2010-08-23 11:58:00,West Indies,474,536.41,1,Achats anciens à faible montant
18141,402,2,882.47,2010-04-29 15:32:00,2010-11-03 11:44:00,United Kingdom,589,441.235,4,Achats anciens
18142,157,2,1019.52,2011-05-08 12:31:00,2011-07-05 13:19:00,United Kingdom,216,509.76,4,Achats anciens
18143,117,2,1000.16,2011-07-21 10:44:00,2011-08-15 12:07:00,United Kingdom,142,500.08,4,Achats anciens
18144,8,19,5058.0,2009-12-16 15:57:00,2011-12-02 12:46:00,United Kingdom,723,266.2105263157895,0,Champions
18145,13,11,5609.74,2009-12-08 12:30:00,2011-11-27 11:22:00,United Kingdom,732,509.9763636363636,0,Champions
18146,141,2,160.35000000000002,2011-05-03 16:35:00,2011-07-22 12:08:00,United Kingdom,220,80.17500000000001,1,Achats anciens à faible montant
18147,46,2,179.33999999999997,2011-08-23 12:22:00,2011-10-25 11:46:00,United Kingdom,109,89.66999999999999,3,Achats récents occasionnels
18148,647,1,112.85000000000001,2010-03-03 11:40:00,2010-03-03 11:40:00,United Kingdom,647,112.85000000000001,1,Achats anciens à faible montant
18149,51,7,1553.96,2010-03-14 12:41:00,2011-10-20 12:04:00,United Kingdom,636,221.99428571428572,2,Actifs à montant élevé
18150,32,3,566.58,2011-05-22 10:47:00,2011-11-07 16:49:00,United Kingdom,202,188.86,3,Achats récents occasionnels
18151,135,6,1879.44,2010-03-04 10:47:00,2011-07-28 11:35:00,United Kingdom,646,313.24,4,Achats anciens
18152,646,1,426.69,2010-03-03 15:26:00,2010-03-03 15:26:00,United Kingdom,646,426.69,1,Achats anciens à faible montant
18153,659,1,246.22,2010-02-18 15:50:00,2010-02-18 15:50:00,United Kingdom,659,246.22,1,Achats anciens à faible montant
18154,3,5,932.6,2010-08-06 09:18:00,2011-12-06 16:41:00,United Kingdom,491,186.52,3,Achats récents occasionnels
18155,75,3,371.62,2011-02-21 10:36:00,2011-09-25 13:32:00,United Kingdom,292,123.87333333333333,3,Achats récents occasionnels
18156,13,2,862.52,2010-12-05 12:29:00,2011-11-27 12:24:00,United Kingdom,370,431.26,3,Achats récents occasionnels
18157,571,1,213.9,2010-05-17 14:09:00,2010-05-17 14:09:00,United Kingdom,571,213.9,1,Achats anciens à faible montant
18158,9,2,453.4,2011-09-12 09:03:00,2011-11-30 16:19:00,United Kingdom,89,226.7,3,Achats récents occasionnels
18159,301,1,530.15,2011-02-11 14:26:00,2011-02-11 14:26:00,United Kingdom,301,530.15,1,Achats anciens à faible montant
18160,57,3,1003.88,2010-11-18 16:33:00,2011-10-13 15:50:00,United Kingdom,386,334.62666666666667,3,Achats récents occasionnels
18161,15,6,1803.1000000000001,2010-11-25 15:55:00,2011-11-24 16:40:00,United Kingdom,379,300.5166666666667,2,Actifs à montant élevé
18162,732,1,371.51,2009-12-07 13:24:00,2009-12-07 13:24:00,United Kingdom,732,371.51,1,Achats anciens à faible montant
18163,584,1,728.84,2010-05-04 14:51:00,2010-05-04 14:51:00,United Kingdom,584,728.84,1,Achats anciens à faible montant
18164,37,1,399.65000000000003,2011-11-02 12:56:00,2011-11-02 12:56:00,United Kingdom,37,399.65000000000003,3,Achats récents occasionnels
18165,177,1,302.46000000000004,2011-06-15 13:23:00,2011-06-15 13:23:00,United Kingdom,177,302.46000000000004,1,Achats anciens à faible montant
18166,624,1,175.5,2010-03-26 12:26:00,2010-03-26 12:26:00,United Kingdom,624,175.5,1,Achats anciens à faible montant
18167,23,3,1384.8600000000001,2011-08-26 11:40:00,2011-11-16 15:56:00,United Kingdom,106,461.62000000000006,3,Achats récents occasionnels
18168,176,16,3698.8,2009-12-03 17:29:00,2011-06-16 19:21:00,United Kingdom,736,231.175,2,Actifs à montant élevé
18169,61,1,202.65,2011-10-10 12:18:00,2011-10-10 12:18:00,United Kingdom,61,202.65,3,Achats récents occasionnels
18170,33,9,2878.0,2010-01-08 14:10:00,2011-11-06 14:35:00,United Kingdom,700,319.77777777777777,2,Actifs à montant élevé
18171,59,9,2437.31,2010-01-05 10:46:00,2011-10-12 09:13:00,United Kingdom,704,270.8122222222222,2,Actifs à montant élevé
18172,15,52,17467.24,2009-12-11 09:58:00,2011-11-25 11:12:00,United Kingdom,729,335.90846153846155,0,Champions
18173,87,5,2696.36,2010-04-06 10:43:00,2011-09-14 11:26:00,United Kingdom,613,539.272,2,Actifs à montant élevé
18174,7,2,162.5,2010-04-15 12:17:00,2011-12-02 16:56:00,United Kingdom,604,81.25,3,Achats récents occasionnels
18175,676,1,176.1,2010-02-02 10:25:00,2010-02-02 10:25:00,United Kingdom,676,176.1,1,Achats anciens à faible montant
18176,358,1,476.35,2010-12-16 15:45:00,2010-12-16 15:45:00,United Kingdom,358,476.35,1,Achats anciens à faible montant
18177,31,9,2216.32,2009-12-15 18:57:00,2011-11-08 14:44:00,United Kingdom,724,246.2577777777778,2,Actifs à montant élevé
18178,129,11,6103.74,2010-02-18 14:25:00,2011-08-03 09:30:00,United Kingdom,659,554.8854545454545,2,Actifs à montant élevé
18179,9,8,2547.55,2010-02-14 15:51:00,2011-11-30 16:23:00,United Kingdom,663,318.44375,2,Actifs à montant élevé
18180,5,6,1843.75,2011-07-20 08:59:00,2011-12-05 08:39:00,United Kingdom,143,307.2916666666667,2,Actifs à montant élevé
18181,24,5,1188.34,2009-12-04 15:30:00,2011-11-15 15:08:00,United Kingdom,735,237.66799999999998,2,Actifs à montant élevé
18182,463,1,291.13,2010-09-02 14:25:00,2010-09-02 14:25:00,United Kingdom,463,291.13,1,Achats anciens à faible montant
18183,227,2,632.07,2011-03-10 10:08:00,2011-04-26 15:26:00,United Kingdom,275,316.035,4,Achats anciens
18184,15,1,49.8,2011-11-24 15:28:00,2011-11-24 15:28:00,United Kingdom,15,49.8,3,Achats récents occasionnels
18185,249,1,304.25,2011-04-04 13:42:00,2011-04-04 13:42:00,United Kingdom,249,304.25,1,Achats anciens à faible montant
18186,723,1,329.58,2009-12-17 10:22:00,2009-12-17 10:22:00,United Kingdom,723,329.58,1,Achats anciens à faible montant
18187,632,1,724.89,2010-03-18 09:49:00,2010-03-18 09:49:00,United Kingdom,632,724.89,1,Achats anciens à faible montant
18188,15,6,3280.59,2010-03-26 11:37:00,2011-11-24 16:46:00,United Kingdom,624,546.765,2,Actifs à montant élevé
18189,78,3,1403.73,2010-03-24 09:57:00,2011-09-23 12:40:00,United Kingdom,626,467.91,4,Achats anciens
18190,192,5,745.62,2009-12-22 12:05:00,2011-05-31 14:48:00,United Kingdom,718,149.124,4,Achats anciens
18191,262,2,529.4,2010-08-19 17:42:00,2011-03-23 12:08:00,United Kingdom,477,264.7,4,Achats anciens
18192,72,1,957.97,2011-09-29 09:53:00,2011-09-29 09:53:00,United Kingdom,72,957.97,3,Achats récents occasionnels
18193,165,3,1207.35,2010-09-23 13:33:00,2011-06-27 13:58:00,United Kingdom,442,402.45,4,Achats anciens
18194,82,6,4162.04,2010-01-28 15:30:00,2011-09-18 13:29:00,United Kingdom,680,693.6733333333333,2,Actifs à montant élevé
18195,387,1,101.16,2010-11-17 15:03:00,2010-11-17 15:03:00,United Kingdom,387,101.16,1,Achats anciens à faible montant
18196,95,4,1457.19,2010-03-17 14:55:00,2011-09-05 16:22:00,United Kingdom,632,364.2975,4,Achats anciens
18197,576,1,230.1,2010-05-13 10:46:00,2010-05-13 10:46:00,United Kingdom,576,230.1,1,Achats anciens à faible montant
18198,4,17,5425.56,2011-01-07 13:39:00,2011-12-05 14:49:00,United Kingdom,336,319.15058823529415,0,Champions
18199,684,1,344.75,2010-01-25 11:32:00,2010-01-25 11:32:00,United Kingdom,684,344.75,1,Achats anciens à faible montant
18200,106,1,150.35,2011-08-25 18:45:00,2011-08-25 18:45:00,United Kingdom,106,150.35,1,Achats anciens à faible montant
18201,723,1,447.53000000000003,2009-12-17 08:55:00,2009-12-17 08:55:00,United Kingdom,723,447.53000000000003,1,Achats anciens à faible montant
18202,200,3,1396.99,2011-02-01 13:36:00,2011-05-24 12:12:00,United Kingdom,311,465.66333333333336,4,Achats anciens
18203,157,4,492.52,2009-12-08 13:19:00,2011-07-05 13:07:00,United Kingdom,731,123.13,4,Achats anciens
18204,71,3,1975.35,2011-05-31 15:26:00,2011-09-29 16:44:00,United Kingdom,192,658.4499999999999,4,Achats anciens
18205,36,2,517.36,2011-09-26 12:02:00,2011-11-03 13:22:00,United Kingdom,75,258.68,3,Achats récents occasionnels
18206,553,1,314.65999999999997,2010-06-04 13:47:00,2010-06-04 13:47:00,United Kingdom,553,314.65999999999997,1,Achats anciens à faible montant
18207,499,1,544.47,2010-07-28 14:26:00,2010-07-28 14:26:00,United Kingdom,499,544.47,1,Achats anciens à faible montant
18208,566,1,360.08,2010-05-23 11:54:00,2010-05-23 11:54:00,United Kingdom,566,360.08,1,Achats anciens à faible montant
18209,29,1,139.10000000000002,2011-11-11 12:07:00,2011-11-11 12:07:00,United Kingdom,29,139.10000000000002,3,Achats récents occasionnels
18210,2,7,2768.83,2010-11-22 09:39:00,2011-12-08 11:02:00,United Kingdom,383,395.54714285714283,2,Actifs à montant élevé
18211,26,5,600.07,2011-03-06 12:09:00,2011-11-14 08:10:00,United Kingdom,279,120.01400000000001,3,Achats récents occasionnels
18212,326,2,514.37,2010-01-31 14:42:00,2011-01-17 16:14:00,United Kingdom,677,257.185,4,Achats anciens
18213,237,1,232.48000000000002,2011-04-17 10:21:00,2011-04-17 10:21:00,United Kingdom,237,232.48000000000002,1,Achats anciens à faible montant
18214,531,4,1780.34,2010-06-03 19:47:00,2010-06-27 11:21:00,United Kingdom,554,445.085,4,Achats anciens
18215,89,5,2232.4900000000002,2010-03-26 13:03:00,2011-09-11 16:05:00,United Kingdom,623,446.49800000000005,2,Actifs à montant élevé
18216,31,1,481.75,2011-11-08 16:55:00,2011-11-08 16:55:00,United Kingdom,31,481.75,3,Achats récents occasionnels
18217,29,4,945.04,2010-07-01 15:39:00,2011-11-10 13:18:00,United Kingdom,526,236.26,3,Achats récents occasionnels
18218,211,4,1121.84,2010-02-17 15:11:00,2011-05-12 12:53:00,United Kingdom,660,280.46,4,Achats anciens
18219,3,17,3562.89,2009-12-07 13:17:00,2011-12-07 11:43:00,United Kingdom,732,209.58176470588234,0,Champions
18220,227,6,1921.76,2009-12-15 11:42:00,2011-04-27 09:03:00,United Kingdom,725,320.29333333333335,4,Achats anciens
18221,22,6,1424.94,2010-11-14 15:46:00,2011-11-17 14:40:00,United Kingdom,390,237.49,2,Actifs à montant élevé
18222,93,1,443.0,2011-09-08 10:45:00,2011-09-08 10:45:00,United Kingdom,93,443.0,1,Achats anciens à faible montant
18223,5,26,14000.85,2009-12-04 12:20:00,2011-12-05 09:11:00,United Kingdom,736,538.4942307692307,0,Champions
18224,264,1,158.95000000000002,2011-03-21 10:30:00,2011-03-21 10:30:00,United Kingdom,264,158.95000000000002,1,Achats anciens à faible montant
18225,3,26,13044.8,2009-12-04 16:52:00,2011-12-06 13:27:00,United Kingdom,735,501.7230769230769,0,Champions
18226,44,26,11878.88,2010-03-05 10:05:00,2011-10-26 13:36:00,United Kingdom,645,456.88,0,Champions
18227,218,2,388.75,2010-08-12 16:45:00,2011-05-06 12:23:00,United Kingdom,484,194.375,1,Achats anciens à faible montant
18228,57,2,779.9,2011-09-21 10:48:00,2011-10-14 09:21:00,United Kingdom,80,389.95,3,Achats récents occasionnels
18229,12,28,10803.710000000001,2009-12-03 14:42:00,2011-11-28 09:48:00,United Kingdom,736,385.8467857142858,0,Champions
18230,9,9,4291.06,2010-07-02 10:01:00,2011-11-30 13:22:00,United Kingdom,526,476.7844444444445,2,Actifs à montant élevé
18231,192,28,6854.17,2010-01-10 12:13:00,2011-05-31 14:18:00,United Kingdom,699,244.7917857142857,2,Actifs à montant élevé
18232,82,4,592.97,2011-05-26 16:30:00,2011-09-19 11:49:00,United Kingdom,197,148.2425,4,Achats anciens
18233,326,1,440.0,2011-01-18 08:44:00,2011-01-18 08:44:00,United Kingdom,326,440.0,1,Achats anciens à faible montant
18234,552,1,179.6,2010-06-06 11:22:00,2010-06-06 11:22:00,United Kingdom,552,179.6,1,Achats anciens à faible montant
18235,72,3,1796.48,2011-05-06 13:35:00,2011-09-29 08:27:00,United Kingdom,217,598.8266666666667,4,Achats anciens
18236,30,12,1795.3500000000001,2010-04-15 13:39:00,2011-11-10 08:06:00,United Kingdom,603,149.6125,2,Actifs à montant élevé
18237,3,5,987.1,2011-07-28 13:05:00,2011-12-07 12:49:00,United Kingdom,134,197.42000000000002,3,Achats récents occasionnels
18238,515,1,270.92,2010-07-12 12:51:00,2010-07-12 12:51:00,United Kingdom,515,270.92,1,Achats anciens à faible montant
18239,219,6,2150.36,2010-10-13 10:11:00,2011-05-05 12:38:00,United Kingdom,423,358.3933333333334,4,Achats anciens
18240,46,1,422.58,2011-10-24 13:06:00,2011-10-24 13:06:00,United Kingdom,46,422.58,3,Achats récents occasionnels
18241,10,21,2986.9900000000002,2010-04-01 11:55:00,2011-11-30 12:10:00,United Kingdom,618,142.23761904761906,0,Champions
18242,72,8,3605.21,2010-01-11 08:49:00,2011-09-28 13:43:00,United Kingdom,698,450.65125,2,Actifs à montant élevé
18243,414,1,515.78,2010-10-21 14:29:00,2010-10-21 14:29:00,United Kingdom,414,515.78,1,Achats anciens à faible montant
18244,431,2,568.64,2010-07-25 10:30:00,2010-10-05 11:15:00,United Kingdom,503,284.32,4,Achats anciens
18245,7,20,6324.9800000000005,2010-03-08 15:26:00,2011-12-02 14:48:00,United Kingdom,641,316.249,0,Champions
18246,24,3,758.8199999999999,2010-04-09 10:19:00,2011-11-16 11:49:00,United Kingdom,610,252.93999999999997,3,Achats récents occasionnels
18247,415,3,839.73,2010-03-18 15:52:00,2010-10-21 09:49:00,United Kingdom,631,279.91,4,Achats anciens
18248,123,2,804.02,2011-06-06 13:18:00,2011-08-09 10:19:00,United Kingdom,186,402.01,4,Achats anciens
18249,17,1,95.34,2011-11-22 15:07:00,2011-11-22 15:07:00,United Kingdom,17,95.34,3,Achats récents occasionnels
18250,310,1,349.27,2011-02-02 13:16:00,2011-02-02 13:16:00,United Kingdom,310,349.27,1,Achats anciens à faible montant
18251,87,9,26278.86,2009-12-22 12:01:00,2011-09-13 15:03:00,United Kingdom,718,2919.8733333333334,2,Actifs à montant élevé
18252,51,7,1533.69,2009-12-18 16:13:00,2011-10-20 12:43:00,United Kingdom,721,219.09857142857143,2,Actifs à montant élevé
18253,643,1,317.88,2010-03-07 12:38:00,2010-03-07 12:38:00,United Kingdom,643,317.88,1,Achats anciens à faible montant
18254,581,1,267.9,2010-05-07 14:37:00,2010-05-07 14:37:00,United Kingdom,581,267.9,1,Achats anciens à faible montant
18255,89,2,303.15,2010-09-09 16:31:00,2011-09-11 13:16:00,United Kingdom,456,151.575,3,Achats récents occasionnels
18256,388,1,110.7,2010-11-17 08:53:00,2010-11-17 08:53:00,United Kingdom,388,110.7,1,Achats anciens à faible montant
18257,39,12,4600.15,2010-02-18 16:20:00,2011-10-31 14:48:00,United Kingdom,659,383.3458333333333,2,Actifs à montant élevé
18258,464,6,2059.67,2010-05-16 11:35:00,2010-09-01 14:20:00,United Kingdom,573,343.27833333333336,4,Achats anciens
18259,25,7,4318.200000000001,2009-12-08 08:38:00,2011-11-15 12:34:00,United Kingdom,732,616.8857142857144,2,Actifs à montant élevé
18260,173,23,9947.26,2009-12-15 13:50:00,2011-06-20 12:37:00,United Kingdom,724,432.4895652173913,2,Actifs à montant élevé
18261,43,2,324.24,2011-09-05 09:34:00,2011-10-27 15:36:00,United Kingdom,96,162.12,3,Achats récents occasionnels
18262,140,3,577.54,2010-04-16 09:05:00,2011-07-22 16:04:00,United Kingdom,603,192.51333333333332,4,Achats anciens
18263,26,3,1213.1599999999999,2011-04-01 11:48:00,2011-11-14 09:00:00,United Kingdom,253,404.3866666666666,3,Achats récents occasionnels
18264,499,1,603.25,2010-07-29 10:02:00,2010-07-29 10:02:00,United Kingdom,499,603.25,1,Achats anciens à faible montant
18265,72,2,801.51,2011-07-04 15:26:00,2011-09-28 14:10:00,United Kingdom,158,400.755,3,Achats récents occasionnels
18266,434,1,251.1,2010-10-01 15:33:00,2010-10-01 15:33:00,United Kingdom,434,251.1,1,Achats anciens à faible montant
18267,673,1,269.37,2010-02-05 08:43:00,2010-02-05 08:43:00,United Kingdom,673,269.37,1,Achats anciens à faible montant
18268,134,6,1490.23,2009-12-11 10:27:00,2011-07-28 19:13:00,United Kingdom,729,248.37166666666667,4,Achats anciens
18269,366,1,337.2,2010-12-08 13:53:00,2010-12-08 13:53:00,United Kingdom,366,337.2,1,Achats anciens à faible montant
18270,38,3,444.55,2010-10-03 10:49:00,2011-11-01 13:57:00,United Kingdom,433,148.18333333333334,3,Achats récents occasionnels
18271,610,2,680.85,2009-12-08 11:27:00,2010-04-09 09:26:00,United Kingdom,732,340.425,4,Achats anciens
18272,3,9,4385.9800000000005,2010-03-04 12:53:00,2011-12-07 12:43:00,United Kingdom,645,487.33111111111117,0,Champions
18273,2,4,357.0,2010-04-28 12:24:00,2011-12-07 13:16:00,United Kingdom,591,89.25,3,Achats récents occasionnels
18274,30,1,175.92,2011-11-09 17:03:00,2011-11-09 17:03:00,United Kingdom,30,175.92,3,Achats récents occasionnels
18275,578,2,741.85,2009-12-08 16:23:00,2010-05-10 15:46:00,United Kingdom,731,370.925,4,Achats anciens
18276,44,6,1656.52,2009-12-10 17:14:00,2011-10-27 10:54:00,United Kingdom,729,276.08666666666664,2,Actifs à montant élevé
18277,58,5,1180.05,2010-08-02 10:26:00,2011-10-12 15:22:00,United Kingdom,495,236.01,2,Actifs à montant élevé
18278,74,2,414.20000000000005,2010-10-31 12:13:00,2011-09-27 11:58:00,United Kingdom,405,207.10000000000002,3,Achats récents occasionnels
18279,519,1,231.33999999999997,2010-07-08 14:48:00,2010-07-08 14:48:00,United Kingdom,519,231.33999999999997,1,Achats anciens à faible montant
18280,278,2,488.15000000000003,2010-11-10 15:51:00,2011-03-07 09:52:00,United Kingdom,394,244.07500000000002,4,Achats anciens
18281,181,2,201.14,2010-05-11 10:49:00,2011-06-12 10:53:00,United Kingdom,578,100.57,1,Achats anciens à faible montant
18282,8,2,178.05,2011-08-05 13:35:00,2011-12-02 11:43:00,United Kingdom,126,89.025,3,Achats récents occasionnels
18283,4,22,2664.9,2010-02-19 17:16:00,2011-12-06 12:02:00,United Kingdom,658,121.13181818181819,0,Champions
18284,432,1,461.68,2010-10-04 11:33:00,2010-10-04 11:33:00,United Kingdom,432,461.68,1,Achats anciens à faible montant
18285,661,1,427.0,2010-02-17 10:24:00,2010-02-17 10:24:00,United Kingdom,661,427.0,1,Achats anciens à faible montant
18286,477,2,1296.43,2009-12-16 10:45:00,2010-08-20 11:57:00,United Kingdom,724,648.215,4,Achats anciens
18287,43,7,4182.99,2010-05-17 11:55:00,2011-10-28 09:29:00,United Kingdom,572,597.5699999999999,2,Actifs à montant élevé
